condition,cosine_similarity
original_same_speaker,0.8731536269187927
original_same_speaker,0.7820802330970764
original_same_speaker,0.8341763615608215
original_same_speaker,0.7007356882095337
original_same_speaker,0.8268088102340698
original_same_speaker,0.8685877919197083
original_same_speaker,0.728794515132904
original_same_speaker,0.821727991104126
original_same_speaker,0.709728479385376
original_same_speaker,0.6704275608062744
original_same_speaker,0.9313578009605408
original_same_speaker,0.8536502718925476
original_same_speaker,0.8047412633895874
original_same_speaker,0.8767250180244446
original_same_speaker,0.8556128740310669
original_same_speaker,0.8147579431533813
original_same_speaker,0.879464328289032
original_same_speaker,0.9234839081764221
original_same_speaker,0.8658334016799927
original_same_speaker,0.8304705619812012
original_same_speaker,0.8084434270858765
original_same_speaker,0.7600411772727966
original_same_speaker,0.8334531188011169
original_same_speaker,0.6621605753898621
original_same_speaker,0.8080849051475525
original_same_speaker,0.8675694465637207
original_same_speaker,0.6942356824874878
original_same_speaker,0.7669171690940857
original_same_speaker,0.6066137552261353
original_same_speaker,0.7079347968101501
original_same_speaker,0.7620347738265991
original_same_speaker,0.8741422891616821
original_same_speaker,0.7686281800270081
original_same_speaker,0.8773377537727356
original_same_speaker,0.7463858723640442
original_same_speaker,0.8467662334442139
original_same_speaker,0.7927522659301758
original_same_speaker,0.7163538336753845
original_same_speaker,0.8610581755638123
original_same_speaker,0.7855728268623352
original_same_speaker,0.8405982851982117
original_same_speaker,0.8320747017860413
original_same_speaker,0.8163579702377319
original_same_speaker,0.8880903124809265
original_same_speaker,0.8007946610450745
original_same_speaker,0.8546218276023865
original_same_speaker,0.8390355110168457
original_same_speaker,0.8192949891090393
original_same_speaker,0.8186489939689636
original_same_speaker,0.8364313244819641
original_same_speaker,0.5979456305503845
original_same_speaker,0.6688472628593445
original_same_speaker,0.8475934863090515
original_same_speaker,0.7107895016670227
original_same_speaker,0.6196423768997192
original_same_speaker,0.6349548101425171
original_same_speaker,0.5330817699432373
original_same_speaker,0.6554089784622192
original_same_speaker,0.7876636385917664
original_same_speaker,0.754513680934906
original_same_speaker,0.7480086088180542
original_same_speaker,0.9047563076019287
original_same_speaker,0.7959224581718445
original_same_speaker,0.8322005271911621
original_same_speaker,0.8169215321540833
original_same_speaker,0.7328160405158997
original_same_speaker,0.7846298217773438
original_same_speaker,0.8242740035057068
original_same_speaker,0.8711576461791992
original_same_speaker,0.8349543809890747
original_same_speaker,0.7035447955131531
original_same_speaker,0.6849334836006165
original_same_speaker,0.9176923632621765
original_same_speaker,0.8887964487075806
original_same_speaker,0.856882631778717
original_same_speaker,0.7364871501922607
original_same_speaker,0.754538893699646
original_same_speaker,0.7286679148674011
original_same_speaker,0.7299497723579407
original_same_speaker,0.9025028347969055
original_same_speaker,0.7800124883651733
original_same_speaker,0.9076260924339294
original_same_speaker,0.808780312538147
original_same_speaker,0.9265607595443726
original_same_speaker,0.8050602674484253
original_same_speaker,0.8551569581031799
original_same_speaker,0.8201451897621155
original_same_speaker,0.8285148739814758
original_same_speaker,0.8987365961074829
original_same_speaker,0.8209422826766968
original_same_speaker,0.8097538352012634
original_same_speaker,0.8080437779426575
original_same_speaker,0.831604540348053
original_same_speaker,0.8492761254310608
original_same_speaker,0.7835869193077087
original_same_speaker,0.8185543417930603
original_same_speaker,0.8022145628929138
original_same_speaker,0.793101966381073
original_same_speaker,0.8208113312721252
original_same_speaker,0.8157873153686523
original_same_speaker,0.8278282880783081
original_same_speaker,0.8345358371734619
original_same_speaker,0.825325608253479
original_same_speaker,0.9126425385475159
original_same_speaker,0.8842441439628601
original_same_speaker,0.8064870238304138
original_same_speaker,0.83533775806427
original_same_speaker,0.8437889218330383
original_same_speaker,0.8715888857841492
original_same_speaker,0.8681618571281433
original_same_speaker,0.8777563571929932
original_same_speaker,0.7891981601715088
original_same_speaker,0.7868321537971497
original_same_speaker,0.857997477054596
original_same_speaker,0.8115415573120117
original_same_speaker,0.7733907103538513
original_same_speaker,0.8837563395500183
original_same_speaker,0.7593739032745361
original_same_speaker,0.7982059121131897
original_same_speaker,0.8024221062660217
original_same_speaker,0.8467349410057068
original_same_speaker,0.922408938407898
original_same_speaker,0.8593395352363586
original_same_speaker,0.8841360211372375
original_same_speaker,0.8207933902740479
original_same_speaker,0.8398219347000122
original_same_speaker,0.8685908913612366
original_same_speaker,0.8287949562072754
original_same_speaker,0.8456148505210876
original_same_speaker,0.9182676076889038
original_same_speaker,0.8434361219406128
original_same_speaker,0.8231343626976013
original_same_speaker,0.5190500020980835
original_same_speaker,0.4326395094394684
original_same_speaker,0.8331671357154846
original_same_speaker,0.5910146832466125
original_same_speaker,0.490497887134552
original_same_speaker,0.4841274619102478
original_same_speaker,0.3748495578765869
original_same_speaker,0.8136810064315796
original_same_speaker,0.8539004921913147
original_same_speaker,0.8222247362136841
original_same_speaker,0.7721778154373169
original_same_speaker,0.8284026980400085
original_same_speaker,0.8582292795181274
original_same_speaker,0.7848576307296753
original_same_speaker,0.8213433623313904
original_same_speaker,0.8078678846359253
original_same_speaker,0.785494863986969
original_same_speaker,0.7943894863128662
original_same_speaker,0.7794841527938843
original_same_speaker,0.8007659912109375
original_same_speaker,0.7030850648880005
original_same_speaker,0.755344569683075
original_same_speaker,0.8010480999946594
original_same_speaker,0.6713287234306335
original_same_speaker,0.6949057579040527
original_same_speaker,0.6607961654663086
original_same_speaker,0.6556068062782288
original_same_speaker,0.8498468399047852
original_same_speaker,0.8227809071540833
original_same_speaker,0.8734077215194702
original_same_speaker,0.6958836913108826
original_same_speaker,0.6828782558441162
original_same_speaker,0.8413265347480774
original_same_speaker,0.6698856353759766
original_same_speaker,0.7330959439277649
original_same_speaker,0.7446107268333435
original_same_speaker,0.7334298491477966
original_same_speaker,0.7882186770439148
original_same_speaker,0.8063474297523499
original_same_speaker,0.868018388748169
original_same_speaker,0.8830698132514954
original_same_speaker,0.8950956463813782
original_same_speaker,0.869383692741394
original_same_speaker,0.7792887687683105
original_same_speaker,0.7835671305656433
original_same_speaker,0.8455607295036316
original_same_speaker,0.8406385779380798
original_same_speaker,0.8393371105194092
original_same_speaker,0.5606960654258728
original_same_speaker,0.5792913436889648
original_same_speaker,0.567906379699707
original_same_speaker,0.6061033606529236
original_same_speaker,0.9121777415275574
original_same_speaker,0.8772234320640564
original_same_speaker,0.8278802633285522
original_same_speaker,0.8856518268585205
original_same_speaker,0.8877617120742798
original_same_speaker,0.8853375315666199
original_same_speaker,0.8701481819152832
original_same_speaker,0.7343026995658875
original_same_speaker,0.7487468719482422
original_same_speaker,0.828369677066803
original_same_speaker,0.7220127582550049
original_same_speaker,0.757586658000946
original_same_speaker,0.7676033973693848
original_same_speaker,0.7390867471694946
original_same_speaker,0.6655293703079224
original_same_speaker,0.8405217528343201
original_same_speaker,0.8342761397361755
original_same_speaker,0.7920892238616943
original_same_speaker,0.7621498107910156
original_same_speaker,0.4023343622684479
original_same_speaker,0.8500486016273499
original_same_speaker,0.7757967114448547
original_same_speaker,0.42273420095443726
original_same_speaker,0.7446196675300598
original_same_speaker,0.5045174956321716
original_same_speaker,0.4052730202674866
original_same_speaker,0.8068848252296448
original_same_speaker,0.8616833090782166
original_same_speaker,0.8442554473876953
original_same_speaker,0.7545471787452698
original_same_speaker,0.8404266238212585
original_same_speaker,0.8429915308952332
original_same_speaker,0.8206527233123779
original_same_speaker,0.8743811845779419
original_same_speaker,0.8058174252510071
original_same_speaker,0.7870582342147827
original_same_speaker,0.7297303676605225
original_same_speaker,0.6939570307731628
original_same_speaker,0.6425459384918213
original_same_speaker,0.7136783003807068
original_same_speaker,0.7827853560447693
original_same_speaker,0.7590460777282715
original_same_speaker,0.7620790600776672
original_same_speaker,0.9022279977798462
original_same_speaker,0.8935697674751282
original_same_speaker,0.9007595181465149
original_same_speaker,0.6377705931663513
original_same_speaker,0.7817631959915161
original_same_speaker,0.7207653522491455
original_same_speaker,0.717450737953186
original_same_speaker,0.8089064359664917
original_same_speaker,0.7111564874649048
original_same_speaker,0.8390087485313416
original_same_speaker,0.8645326495170593
original_same_speaker,0.8860475420951843
original_same_speaker,0.825924813747406
original_same_speaker,0.7928045392036438
original_same_speaker,0.8514405488967896
original_same_speaker,0.8223786354064941
original_same_speaker,0.7951142191886902
original_same_speaker,0.8515550494194031
original_same_speaker,0.8905683755874634
original_same_speaker,0.7498312592506409
original_same_speaker,0.8338614702224731
original_same_speaker,0.7862061858177185
original_same_speaker,0.7309590578079224
original_same_speaker,0.8848193287849426
original_same_speaker,0.8272299766540527
original_same_speaker,0.8536741137504578
original_same_speaker,0.8570607304573059
original_same_speaker,0.8507934808731079
original_same_speaker,0.8523925542831421
original_same_speaker,0.9358369708061218
original_same_speaker,0.918373167514801
original_same_speaker,0.807296097278595
original_same_speaker,0.8226333856582642
original_same_speaker,0.7773192524909973
original_same_speaker,0.9009141325950623
original_same_speaker,0.7513206601142883
original_same_speaker,0.9070136547088623
original_same_speaker,0.8303472399711609
original_same_speaker,0.8588366508483887
original_same_speaker,0.7633023858070374
original_same_speaker,0.8290340900421143
original_same_speaker,0.8903617858886719
original_same_speaker,0.767267644405365
original_same_speaker,0.891796350479126
original_same_speaker,0.7455686330795288
original_same_speaker,0.7572994232177734
original_same_speaker,0.7255851030349731
original_same_speaker,0.7600658535957336
original_same_speaker,0.7880990505218506
original_same_speaker,0.7565695643424988
original_same_speaker,0.9095064997673035
original_same_speaker,0.9097259044647217
original_same_speaker,0.8908045887947083
original_same_speaker,0.6848735213279724
original_same_speaker,0.7283904552459717
original_same_speaker,0.7844722270965576
original_same_speaker,0.5275695323944092
original_same_speaker,0.7677488923072815
original_same_speaker,0.6396909952163696
original_same_speaker,0.6857814192771912
original_same_speaker,0.7089443802833557
original_same_speaker,0.6293760538101196
original_same_speaker,0.5118474960327148
original_same_speaker,0.7511948943138123
original_same_speaker,0.7766817808151245
original_same_speaker,0.8391472697257996
original_same_speaker,0.7869352102279663
original_same_speaker,0.8123253583908081
original_same_speaker,0.7335946559906006
original_same_speaker,0.8232222199440002
original_same_speaker,0.6636274456977844
original_same_speaker,0.819733202457428
original_same_speaker,0.7297552824020386
different_speaker,0.2960931658744812
different_speaker,0.35422131419181824
different_speaker,0.3034343421459198
different_speaker,0.3424378037452698
different_speaker,0.34010007977485657
different_speaker,0.047691989690065384
different_speaker,0.1286742240190506
different_speaker,0.13894349336624146
different_speaker,0.1361507624387741
different_speaker,0.11790148168802261
different_speaker,0.2790260314941406
different_speaker,0.26383861899375916
different_speaker,0.26828789710998535
different_speaker,0.3034801781177521
different_speaker,0.26074671745300293
different_speaker,0.04078350216150284
different_speaker,0.044066861271858215
different_speaker,0.04059077054262161
different_speaker,0.11188426613807678
different_speaker,0.06945869326591492
different_speaker,0.2220248579978943
different_speaker,0.20519039034843445
different_speaker,0.1967487931251526
different_speaker,0.19628497958183289
different_speaker,0.16313797235488892
different_speaker,0.13433796167373657
different_speaker,0.09426774084568024
different_speaker,0.08672760426998138
different_speaker,0.1264897584915161
different_speaker,0.10433599352836609
different_speaker,0.34195324778556824
different_speaker,0.2361491173505783
different_speaker,0.29506945610046387
different_speaker,0.31213444471359253
different_speaker,0.3764583468437195
different_speaker,0.0009369500912725925
different_speaker,0.028782736510038376
different_speaker,0.006765803787857294
different_speaker,0.0173890870064497
different_speaker,0.016405241563916206
different_speaker,0.1953536719083786
different_speaker,0.13026545941829681
different_speaker,0.17381863296031952
different_speaker,0.1966957151889801
different_speaker,0.18906883895397186
different_speaker,0.08060776442289352
different_speaker,0.10174582153558731
different_speaker,0.06775214523077011
different_speaker,0.03099513240158558
different_speaker,0.09020355343818665
different_speaker,0.08781439810991287
different_speaker,0.1112489327788353
different_speaker,0.0866214856505394
different_speaker,0.18941164016723633
different_speaker,0.16618011891841888
different_speaker,0.21499387919902802
different_speaker,0.22115595638751984
different_speaker,0.23088809847831726
different_speaker,0.19757670164108276
different_speaker,0.20953679084777832
different_speaker,0.14072975516319275
different_speaker,0.17803135514259338
different_speaker,0.11231818050146103
different_speaker,0.07620298862457275
different_speaker,0.1472785323858261
different_speaker,0.13218852877616882
different_speaker,0.10345316678285599
different_speaker,0.09057816863059998
different_speaker,0.1042119562625885
different_speaker,0.08179453760385513
different_speaker,-0.004164530895650387
different_speaker,-0.06760508567094803
different_speaker,-0.002103799022734165
different_speaker,0.08767876029014587
different_speaker,0.04047473147511482
different_speaker,0.10091301053762436
different_speaker,0.11935631930828094
different_speaker,0.09566941112279892
different_speaker,0.06935060024261475
different_speaker,0.1297570765018463
different_speaker,0.16996778547763824
different_speaker,0.18679620325565338
different_speaker,0.14950962364673615
different_speaker,0.1820128858089447
different_speaker,0.24833835661411285
different_speaker,0.1235821545124054
different_speaker,0.1521724909543991
different_speaker,0.16270263493061066
different_speaker,0.14448697865009308
different_speaker,0.17921358346939087
different_speaker,0.2025180608034134
different_speaker,0.24560101330280304
different_speaker,0.133379265666008
different_speaker,0.1783647984266281
different_speaker,0.2379918098449707
different_speaker,0.13816528022289276
different_speaker,0.22760526835918427
different_speaker,0.2165909856557846
different_speaker,0.27705517411231995
different_speaker,0.13741551339626312
different_speaker,0.06316310167312622
different_speaker,0.00844369363039732
different_speaker,0.13543099164962769
different_speaker,0.09176968783140182
different_speaker,0.07467789202928543
different_speaker,0.050384003669023514
different_speaker,0.09307672828435898
different_speaker,0.03438803553581238
different_speaker,0.05242663994431496
different_speaker,0.02088586799800396
different_speaker,0.2327258586883545
different_speaker,0.36320430040359497
different_speaker,0.296206533908844
different_speaker,0.21368151903152466
different_speaker,0.3292061984539032
different_speaker,0.1522509902715683
different_speaker,0.22955578565597534
different_speaker,0.19205482304096222
different_speaker,0.2179102599620819
different_speaker,0.21919749677181244
different_speaker,0.10433492809534073
different_speaker,0.06089605763554573
different_speaker,0.016370626166462898
different_speaker,-0.0046988967806100845
different_speaker,0.010456651449203491
different_speaker,0.3560350239276886
different_speaker,0.4240419268608093
different_speaker,0.37701526284217834
different_speaker,0.370042085647583
different_speaker,0.3584095537662506
different_speaker,0.008210298605263233
different_speaker,0.010495091788470745
different_speaker,0.060847677290439606
different_speaker,0.06684508174657822
different_speaker,0.07319790124893188
different_speaker,0.15449419617652893
different_speaker,0.08235031366348267
different_speaker,0.07083616405725479
different_speaker,0.07316864281892776
different_speaker,0.04804481193423271
different_speaker,0.0053494893945753574
different_speaker,-0.00808887928724289
different_speaker,-0.013822158798575401
different_speaker,0.08295518904924393
different_speaker,0.04318977892398834
different_speaker,0.25796371698379517
different_speaker,0.3203918933868408
different_speaker,0.27670249342918396
different_speaker,0.32131391763687134
different_speaker,0.33042776584625244
different_speaker,0.01214984618127346
different_speaker,0.13653090596199036
different_speaker,0.09039168059825897
different_speaker,0.1424606591463089
different_speaker,0.11401604115962982
different_speaker,0.2246004045009613
different_speaker,0.24066957831382751
different_speaker,0.20465736091136932
different_speaker,0.23863355815410614
different_speaker,0.19922026991844177
different_speaker,0.0626496821641922
different_speaker,0.07746541500091553
different_speaker,0.077320896089077
different_speaker,0.14606820046901703
different_speaker,0.09494701772928238
different_speaker,0.15623658895492554
different_speaker,0.11776623874902725
different_speaker,0.12124671041965485
different_speaker,0.1485287845134735
different_speaker,0.10242241621017456
different_speaker,0.12699462473392487
different_speaker,0.06634876877069473
different_speaker,0.08116834610700607
different_speaker,0.13685797154903412
different_speaker,0.08935978263616562
different_speaker,0.30505669116973877
different_speaker,0.2206900268793106
different_speaker,0.2679295241832733
different_speaker,0.30261385440826416
different_speaker,0.3470494747161865
different_speaker,-0.04565638303756714
different_speaker,0.023762430995702744
different_speaker,-0.03660273179411888
different_speaker,-0.00875525176525116
different_speaker,0.0005408523720689118
different_speaker,0.1650514453649521
different_speaker,0.09320840984582901
different_speaker,0.13539399206638336
different_speaker,0.1595364511013031
different_speaker,0.17001278698444366
different_speaker,0.032092466950416565
different_speaker,0.012133113108575344
different_speaker,0.004861317574977875
different_speaker,-0.02731957472860813
different_speaker,0.027658162638545036
different_speaker,0.14434540271759033
different_speaker,0.18238724768161774
different_speaker,0.13981761038303375
different_speaker,0.222914919257164
different_speaker,0.21877121925354004
different_speaker,0.20144152641296387
different_speaker,0.20816481113433838
different_speaker,0.2155977040529251
different_speaker,0.16650508344173431
different_speaker,0.19854778051376343
different_speaker,0.0805591568350792
different_speaker,0.11667852848768234
different_speaker,0.054305050522089005
different_speaker,0.05357508733868599
different_speaker,0.1374419778585434
different_speaker,0.1299256831407547
different_speaker,0.07689511030912399
different_speaker,0.07837628573179245
different_speaker,0.10642629116773605
different_speaker,0.10187166929244995
different_speaker,0.009792485274374485
different_speaker,-0.04460253566503525
different_speaker,-0.02192693017423153
different_speaker,0.07308995723724365
different_speaker,0.056132860481739044
different_speaker,0.10402499884366989
different_speaker,0.15434707701206207
different_speaker,0.11429648101329803
different_speaker,0.0840948149561882
different_speaker,0.1400226503610611
different_speaker,0.2064334750175476
different_speaker,0.2349507212638855
different_speaker,0.18222330510616302
different_speaker,0.17994515597820282
different_speaker,0.23459863662719727
different_speaker,0.14751257002353668
different_speaker,0.1199081689119339
different_speaker,0.11376115679740906
different_speaker,0.1322089284658432
different_speaker,0.15142279863357544
different_speaker,0.14592395722866058
different_speaker,0.2004275619983673
different_speaker,0.10229230672121048
different_speaker,0.17291180789470673
different_speaker,0.18239697813987732
different_speaker,0.09640219062566757
different_speaker,0.13374276459217072
different_speaker,0.16549497842788696
different_speaker,0.21700969338417053
different_speaker,0.06600359082221985
different_speaker,0.05997144430875778
different_speaker,-0.011777497828006744
different_speaker,0.12596449255943298
different_speaker,0.08878559619188309
different_speaker,0.029993891716003418
different_speaker,0.014937334693968296
different_speaker,0.06979578733444214
different_speaker,-0.035385433584451675
different_speaker,0.003079180372878909
different_speaker,-0.05361706018447876
different_speaker,0.21709522604942322
different_speaker,0.3364006578922272
different_speaker,0.2658419609069824
different_speaker,0.17363272607326508
different_speaker,0.299268901348114
different_speaker,0.16931764781475067
different_speaker,0.26653343439102173
different_speaker,0.23215427994728088
different_speaker,0.2381262332201004
different_speaker,0.21305769681930542
different_speaker,0.08328158408403397
different_speaker,0.05801568552851677
different_speaker,-0.008784037083387375
different_speaker,-0.020092114806175232
different_speaker,0.02976103127002716
different_speaker,0.3325274586677551
different_speaker,0.4153209626674652
different_speaker,0.35582980513572693
different_speaker,0.37421032786369324
different_speaker,0.3563777208328247
different_speaker,0.04145929589867592
different_speaker,0.06878963112831116
different_speaker,0.09895698726177216
different_speaker,0.11592073738574982
different_speaker,0.11427988857030869
different_speaker,0.048109978437423706
different_speaker,0.03211737051606178
different_speaker,-0.011016549542546272
different_speaker,-0.0042792558670043945
different_speaker,0.003437574952840805
different_speaker,0.039421629160642624
different_speaker,0.07502253353595734
different_speaker,0.05263207480311394
different_speaker,0.10695485770702362
different_speaker,0.08317304402589798
different_speaker,0.27181923389434814
different_speaker,0.3070168197154999
different_speaker,0.278949111700058
different_speaker,0.30095812678337097
different_speaker,0.3295418620109558
different_speaker,0.027212517336010933
different_speaker,0.1385880410671234
different_speaker,0.07311306893825531
different_speaker,0.15157349407672882
different_speaker,0.17770494520664215
different_speaker,0.18697406351566315
different_speaker,0.2732678949832916
different_speaker,0.16132450103759766
different_speaker,0.2255764752626419
different_speaker,0.1909206211566925
different_speaker,0.10675804316997528
different_speaker,0.06310082226991653
different_speaker,0.1012834906578064
different_speaker,0.15712639689445496
different_speaker,0.10577540844678879
different_speaker,0.17662347853183746
different_speaker,0.11304138600826263
different_speaker,0.11471305042505264
different_speaker,0.18560759723186493
different_speaker,0.08516263216733932
different_speaker,0.1636868268251419
different_speaker,0.11763741075992584
different_speaker,0.11368466913700104
different_speaker,0.19376994669437408
different_speaker,0.13220109045505524
different_speaker,0.3040980100631714
different_speaker,0.2552894949913025
different_speaker,0.2862715721130371
different_speaker,0.30570104718208313
different_speaker,0.3612261414527893
different_speaker,0.01742079108953476
different_speaker,0.07241148501634598
different_speaker,0.029181398451328278
different_speaker,0.06557179987430573
different_speaker,0.06833036988973618
different_speaker,0.14723235368728638
different_speaker,0.05932433903217316
different_speaker,0.12104333192110062
different_speaker,0.13209284842014313
different_speaker,0.15271520614624023
different_speaker,0.0702979564666748
different_speaker,0.07774195075035095
different_speaker,0.08073864132165909
different_speaker,0.02769731730222702
different_speaker,0.08364501595497131
different_speaker,0.17489975690841675
different_speaker,0.1832570880651474
different_speaker,0.1333412081003189
different_speaker,0.2228817492723465
different_speaker,0.21985019743442535
different_speaker,0.17314310371875763
different_speaker,0.20975476503372192
different_speaker,0.16706739366054535
different_speaker,0.16011705994606018
different_speaker,0.19160376489162445
different_speaker,0.10281863808631897
different_speaker,0.10919032245874405
different_speaker,0.06115948036313057
different_speaker,0.10511905699968338
different_speaker,0.19740568101406097
different_speaker,0.10221244394779205
different_speaker,0.0946570336818695
different_speaker,0.1018592044711113
different_speaker,0.09568831324577332
different_speaker,0.10948321968317032
different_speaker,0.03805436193943024
different_speaker,-0.03286907449364662
different_speaker,-0.00170326407533139
different_speaker,0.07012123614549637
different_speaker,0.08086200058460236
different_speaker,0.14522330462932587
different_speaker,0.17745478451251984
different_speaker,0.1490231156349182
different_speaker,0.11385613679885864
different_speaker,0.15087772905826569
different_speaker,0.21731194853782654
different_speaker,0.24298405647277832
different_speaker,0.20885521173477173
different_speaker,0.18823927640914917
different_speaker,0.2756063938140869
different_speaker,0.14763732254505157
different_speaker,0.11689569801092148
different_speaker,0.11417526006698608
different_speaker,0.10210194438695908
different_speaker,0.1111641600728035
different_speaker,0.1701505184173584
different_speaker,0.17398232221603394
different_speaker,0.19128374755382538
different_speaker,0.1286066323518753
different_speaker,0.17796878516674042
different_speaker,0.09677914530038834
different_speaker,0.09848922491073608
different_speaker,0.14021587371826172
different_speaker,0.2189275026321411
different_speaker,0.07609212398529053
different_speaker,0.10728465765714645
different_speaker,0.04638946056365967
different_speaker,0.15970157086849213
different_speaker,0.12757666409015656
different_speaker,0.07550955563783646
different_speaker,-0.059483204036951065
different_speaker,0.015024803578853607
different_speaker,-0.054984573274850845
different_speaker,-0.018164848908782005
different_speaker,-0.09456110745668411
different_speaker,0.34013831615448
different_speaker,0.4572039246559143
different_speaker,0.4019260108470917
different_speaker,0.3177078366279602
different_speaker,0.4075985252857208
different_speaker,0.1369204819202423
different_speaker,0.23165491223335266
different_speaker,0.20888666808605194
different_speaker,0.22464770078659058
different_speaker,0.19479157030582428
different_speaker,0.16581742465496063
different_speaker,0.1257323920726776
different_speaker,0.06529468297958374
different_speaker,0.054429758340120316
different_speaker,0.10133932530879974
different_speaker,0.3967250883579254
different_speaker,0.48204684257507324
different_speaker,0.4450279474258423
different_speaker,0.43229347467422485
different_speaker,0.42685362696647644
different_speaker,0.028352493420243263
different_speaker,0.0571284256875515
different_speaker,0.07812253385782242
different_speaker,0.11368627101182938
different_speaker,0.11843299120664597
different_speaker,0.018354367464780807
different_speaker,0.029672866687178612
different_speaker,0.0033304456155747175
different_speaker,-0.049678485840559006
different_speaker,0.01165772508829832
different_speaker,-0.020070776343345642
different_speaker,0.07101044058799744
different_speaker,0.02514658309519291
different_speaker,0.03700849786400795
different_speaker,0.06284232437610626
different_speaker,0.32920122146606445
different_speaker,0.373219758272171
different_speaker,0.3453121483325958
different_speaker,0.3572255074977875
different_speaker,0.38812726736068726
different_speaker,0.0749473050236702
different_speaker,0.17899267375469208
different_speaker,0.11629970371723175
different_speaker,0.18636555969715118
different_speaker,0.205728217959404
different_speaker,0.24909520149230957
different_speaker,0.2915166914463043
different_speaker,0.22592025995254517
different_speaker,0.24597977101802826
different_speaker,0.23795826733112335
different_speaker,0.032564468681812286
different_speaker,0.06616249680519104
different_speaker,0.025963369756937027
different_speaker,0.11213531345129013
different_speaker,0.06359147280454636
different_speaker,0.1568213254213333
different_speaker,0.14651691913604736
different_speaker,0.08741911500692368
different_speaker,0.15747614204883575
different_speaker,0.05984083190560341
different_speaker,0.11688648909330368
different_speaker,0.07604096829891205
different_speaker,0.0749911293387413
different_speaker,0.13692176342010498
different_speaker,0.096248097717762
different_speaker,0.24912847578525543
different_speaker,0.183350071310997
different_speaker,0.2274954617023468
different_speaker,0.23133204877376556
different_speaker,0.2879064679145813
different_speaker,0.03333941474556923
different_speaker,0.07799916714429855
different_speaker,0.0506163090467453
different_speaker,0.06129986792802811
different_speaker,0.077309250831604
different_speaker,0.16345226764678955
different_speaker,0.06903892755508423
different_speaker,0.14649778604507446
different_speaker,0.16214963793754578
different_speaker,0.16367898881435394
different_speaker,0.03814031556248665
different_speaker,0.03783469274640083
different_speaker,0.05320355296134949
different_speaker,0.02383381873369217
different_speaker,0.04576786234974861
different_speaker,0.12913645803928375
different_speaker,0.1807059496641159
different_speaker,0.1152510941028595
different_speaker,0.20819276571273804
different_speaker,0.2110929936170578
different_speaker,0.18028998374938965
different_speaker,0.21011221408843994
different_speaker,0.15883208811283112
different_speaker,0.20444461703300476
different_speaker,0.21726588904857635
different_speaker,0.07976177334785461
different_speaker,0.10800335556268692
different_speaker,0.021730924025177956
different_speaker,0.0545235350728035
different_speaker,0.13197249174118042
different_speaker,0.09972675144672394
different_speaker,0.0701485350728035
different_speaker,0.07656922191381454
different_speaker,0.09580650925636292
different_speaker,0.07540447264909744
different_speaker,-0.012810232117772102
different_speaker,-0.10770919919013977
different_speaker,-0.036607641726732254
different_speaker,0.044818002730607986
different_speaker,0.024940522387623787
different_speaker,0.07968850433826447
different_speaker,0.08411048352718353
different_speaker,0.05814151093363762
different_speaker,0.059695057570934296
different_speaker,0.08842530101537704
different_speaker,0.18266050517559052
different_speaker,0.21123608946800232
different_speaker,0.1712895631790161
different_speaker,0.19538114964962006
different_speaker,0.23398761451244354
different_speaker,0.13936375081539154
different_speaker,0.10362681746482849
different_speaker,0.11485691368579865
different_speaker,0.10376285016536713
different_speaker,0.11202487349510193
different_speaker,0.20435424149036407
different_speaker,0.22522498667240143
different_speaker,0.20741014182567596
different_speaker,0.2103472650051117
different_speaker,0.22675752639770508
different_speaker,0.09773661196231842
different_speaker,0.17752233147621155
different_speaker,0.18943309783935547
different_speaker,0.22182326018810272
different_speaker,0.13266010582447052
different_speaker,0.08546571433544159
different_speaker,0.04545452073216438
different_speaker,0.1678377240896225
different_speaker,0.1387297809123993
different_speaker,0.07871540635824203
different_speaker,0.0082773482427001
different_speaker,0.09538226574659348
different_speaker,-0.03418794274330139
different_speaker,0.008078127168118954
different_speaker,-0.05131569877266884
different_speaker,0.23799832165241241
different_speaker,0.3369860053062439
different_speaker,0.2873896360397339
different_speaker,0.24034614861011505
different_speaker,0.330912709236145
different_speaker,0.12215211987495422
different_speaker,0.2572411596775055
different_speaker,0.19832482933998108
different_speaker,0.19965489208698273
different_speaker,0.19052986800670624
different_speaker,0.08955562859773636
different_speaker,0.04868076369166374
different_speaker,0.0021485653705894947
different_speaker,-0.022811347618699074
different_speaker,0.017888229340314865
different_speaker,0.30744266510009766
different_speaker,0.37527740001678467
different_speaker,0.3534155488014221
different_speaker,0.3625905215740204
different_speaker,0.3925694525241852
different_speaker,-0.0004087332054041326
different_speaker,0.05526276305317879
different_speaker,0.05292334407567978
different_speaker,0.07922790199518204
different_speaker,0.07070805132389069
different_speaker,0.08255507051944733
different_speaker,0.04898638278245926
different_speaker,0.026917945593595505
different_speaker,0.004199872259050608
different_speaker,0.045142579823732376
different_speaker,-0.012916435487568378
different_speaker,0.03624940663576126
different_speaker,-0.000440167699707672
different_speaker,0.03708032891154289
different_speaker,-0.024648206308484077
different_speaker,0.20054510235786438
different_speaker,0.2493356168270111
different_speaker,0.24196629226207733
different_speaker,0.26363056898117065
different_speaker,0.21333669126033783
different_speaker,-0.004247128963470459
different_speaker,0.10586767643690109
different_speaker,0.020713508129119873
different_speaker,0.1090211495757103
different_speaker,0.08746684342622757
different_speaker,0.2504229247570038
different_speaker,0.23570621013641357
different_speaker,0.2200441062450409
different_speaker,0.24451762437820435
different_speaker,0.26281943917274475
different_speaker,0.06140613183379173
different_speaker,0.08336541801691055
different_speaker,0.05725979432463646
different_speaker,0.11393376439809799
different_speaker,0.07907072454690933
different_speaker,0.21884717047214508
different_speaker,0.18509840965270996
different_speaker,0.2316305786371231
different_speaker,0.21250882744789124
different_speaker,0.18505780398845673
different_speaker,0.13233473896980286
different_speaker,0.09538310766220093
different_speaker,0.1038636863231659
different_speaker,0.16323508322238922
different_speaker,0.1482788324356079
different_speaker,0.2779574692249298
different_speaker,0.2722306251525879
different_speaker,0.2992887496948242
different_speaker,0.2573370933532715
different_speaker,0.3240746557712555
different_speaker,-0.07040949910879135
different_speaker,0.015903471037745476
different_speaker,-0.04403063282370567
different_speaker,-0.014018337242305279
different_speaker,-0.029215028509497643
different_speaker,0.1477355659008026
different_speaker,0.08067482709884644
different_speaker,0.16768865287303925
different_speaker,0.13170136511325836
different_speaker,0.15867653489112854
different_speaker,0.0747852697968483
different_speaker,0.024352753534913063
different_speaker,-0.01952209137380123
different_speaker,-0.050884850323200226
different_speaker,0.03551843389868736
different_speaker,0.12103615701198578
different_speaker,0.18488185107707977
different_speaker,0.13703761994838715
different_speaker,0.15744371712207794
different_speaker,0.1918555498123169
different_speaker,0.14286741614341736
different_speaker,0.2029556930065155
different_speaker,0.18497052788734436
different_speaker,0.1305229365825653
different_speaker,0.16407132148742676
different_speaker,0.0849529430270195
different_speaker,0.08966638892889023
different_speaker,0.03292907774448395
different_speaker,0.007911509834229946
different_speaker,0.057671915739774704
different_speaker,0.05537595972418785
different_speaker,0.045210085809230804
different_speaker,0.053650058805942535
different_speaker,0.052938010543584824
different_speaker,0.0581587515771389
different_speaker,-0.002543625421822071
different_speaker,-0.02008122019469738
different_speaker,-0.04906269535422325
different_speaker,0.05998541787266731
different_speaker,0.07687286287546158
different_speaker,0.09004639834165573
different_speaker,0.16957809031009674
different_speaker,0.11363834887742996
different_speaker,0.08863073587417603
different_speaker,0.12437758594751358
different_speaker,0.28379517793655396
different_speaker,0.2971550524234772
different_speaker,0.24257685244083405
different_speaker,0.2634083330631256
different_speaker,0.2869628965854645
different_speaker,0.12652452290058136
different_speaker,0.0566030777990818
different_speaker,0.047545284032821655
different_speaker,0.008202954195439816
different_speaker,0.058245282620191574
different_speaker,0.10605872422456741
different_speaker,0.0916363000869751
different_speaker,0.050656404346227646
different_speaker,0.02866697683930397
different_speaker,0.1145014837384224
different_speaker,0.058799099177122116
different_speaker,0.07845234870910645
different_speaker,0.16074572503566742
different_speaker,0.18297091126441956
different_speaker,0.14434200525283813
different_speaker,0.12105133384466171
different_speaker,0.05745365843176842
different_speaker,0.16491901874542236
different_speaker,0.13321185111999512
different_speaker,0.061555828899145126
different_speaker,0.10960497707128525
different_speaker,0.12223164737224579
different_speaker,0.04404715076088905
different_speaker,0.052844367921352386
different_speaker,0.04819323867559433
different_speaker,0.28433889150619507
different_speaker,0.34492015838623047
different_speaker,0.31566575169563293
different_speaker,0.28769227862358093
different_speaker,0.28922271728515625
different_speaker,0.12664182484149933
different_speaker,0.2653350830078125
different_speaker,0.22561843693256378
different_speaker,0.1988534927368164
different_speaker,0.2603146433830261
different_speaker,0.22183114290237427
different_speaker,0.17481586337089539
different_speaker,0.14569757878780365
different_speaker,0.14495134353637695
different_speaker,0.14537769556045532
different_speaker,0.3118705451488495
different_speaker,0.39424780011177063
different_speaker,0.3541092872619629
different_speaker,0.34844905138015747
different_speaker,0.3458663523197174
different_speaker,0.04882336035370827
different_speaker,0.057147007435560226
different_speaker,0.07713234424591064
different_speaker,0.09935513883829117
different_speaker,0.13369229435920715
different_speaker,0.1395064741373062
different_speaker,0.15774855017662048
different_speaker,0.08290868997573853
different_speaker,0.07949567586183548
different_speaker,0.11969325691461563
different_speaker,-0.040922220796346664
different_speaker,0.09929661452770233
different_speaker,0.013676407746970654
different_speaker,0.05884384736418724
different_speaker,0.0816560834646225
different_speaker,0.04619567096233368
different_speaker,0.12949541211128235
different_speaker,0.09934511035680771
different_speaker,0.09389747679233551
different_speaker,0.12614630162715912
different_speaker,0.2091330736875534
different_speaker,0.170597106218338
different_speaker,0.18336579203605652
different_speaker,0.17663945257663727
different_speaker,0.14149105548858643
different_speaker,0.03461316600441933
different_speaker,0.008448292501270771
different_speaker,-0.0008931119227781892
different_speaker,0.09460506588220596
different_speaker,0.052330076694488525
different_speaker,0.13936616480350494
different_speaker,0.06510501354932785
different_speaker,0.12730224430561066
different_speaker,0.11068035662174225
different_speaker,0.07601048052310944
different_speaker,0.10517218708992004
different_speaker,0.1107427328824997
different_speaker,0.10539201647043228
different_speaker,0.15645693242549896
different_speaker,0.07654568552970886
different_speaker,0.37695780396461487
different_speaker,0.27364659309387207
different_speaker,0.20824356377124786
different_speaker,0.39874064922332764
different_speaker,0.36936211585998535
different_speaker,0.1402791440486908
different_speaker,0.12068314105272293
different_speaker,0.1704099327325821
different_speaker,0.12188480794429779
different_speaker,0.1590815931558609
different_speaker,0.17019377648830414
different_speaker,0.16509637236595154
different_speaker,0.1727459728717804
different_speaker,0.194162979722023
different_speaker,0.1406668722629547
different_speaker,-0.007474580779671669
different_speaker,0.011452769860625267
different_speaker,0.06000934913754463
different_speaker,0.021178754046559334
different_speaker,0.024351533502340317
different_speaker,0.09939814358949661
different_speaker,0.14780361950397491
different_speaker,0.10673340409994125
different_speaker,0.17490312457084656
different_speaker,0.1482212096452713
different_speaker,0.023485615849494934
different_speaker,0.043999090790748596
different_speaker,-0.0051977504044771194
different_speaker,0.09142501652240753
different_speaker,0.07312304526567459
different_speaker,0.09424619376659393
different_speaker,0.0761832743883133
different_speaker,0.04159724339842796
different_speaker,-0.047715526074171066
different_speaker,-0.00025620797532610595
different_speaker,0.056668397039175034
different_speaker,0.07240424305200577
different_speaker,0.056740887463092804
different_speaker,0.019625533372163773
different_speaker,0.09788365662097931
different_speaker,0.09566587954759598
different_speaker,0.015020577237010002
different_speaker,0.1007765382528305
different_speaker,0.15678554773330688
different_speaker,0.1700432151556015
different_speaker,0.09416486322879791
different_speaker,0.07867531478404999
different_speaker,0.05351656675338745
different_speaker,0.03871811926364899
different_speaker,0.017330322414636612
different_speaker,0.22173871099948883
different_speaker,0.1582907885313034
different_speaker,0.1404397338628769
different_speaker,0.15760332345962524
different_speaker,0.25345537066459656
different_speaker,0.14412029087543488
different_speaker,0.16485676169395447
different_speaker,0.14856794476509094
different_speaker,0.17980630695819855
different_speaker,0.12883812189102173
different_speaker,0.2399834245443344
different_speaker,0.22478985786437988
different_speaker,0.35794180631637573
different_speaker,0.20156016945838928
different_speaker,0.19715198874473572
different_speaker,0.1280655562877655
different_speaker,0.17058953642845154
different_speaker,0.13448798656463623
different_speaker,0.1345854103565216
different_speaker,-0.007671002298593521
different_speaker,0.12517321109771729
different_speaker,0.11157909035682678
different_speaker,0.12798553705215454
different_speaker,0.13054458796977997
different_speaker,0.14256782829761505
different_speaker,-0.15313337743282318
different_speaker,-0.08141487091779709
different_speaker,-0.08719196915626526
different_speaker,-0.06456156820058823
different_speaker,-0.11198097467422485
different_speaker,0.22595849633216858
different_speaker,0.21399779617786407
different_speaker,0.29249507188796997
different_speaker,0.19557198882102966
different_speaker,0.2624942660331726
different_speaker,0.2281343638896942
different_speaker,0.21955008804798126
different_speaker,0.21794119477272034
different_speaker,0.21064595878124237
different_speaker,0.1828814297914505
different_speaker,0.008715176954865456
different_speaker,-0.030498754233121872
different_speaker,-0.04933808743953705
different_speaker,-0.08039095252752304
different_speaker,-0.0279476847499609
different_speaker,0.30217209458351135
different_speaker,0.17509886622428894
different_speaker,0.28152546286582947
different_speaker,0.2415231466293335
different_speaker,0.33209115266799927
different_speaker,0.012252036482095718
different_speaker,0.0001952015736605972
different_speaker,0.0349540077149868
different_speaker,0.04750872775912285
different_speaker,0.012608934193849564
different_speaker,0.08598989993333817
different_speaker,0.11455778032541275
different_speaker,0.06690608710050583
different_speaker,0.040587279945611954
different_speaker,0.07919423282146454
different_speaker,0.08870329707860947
different_speaker,0.023869775235652924
different_speaker,0.09684150665998459
different_speaker,0.08988812565803528
different_speaker,0.039984554052352905
different_speaker,0.03753271326422691
different_speaker,0.115933857858181
different_speaker,0.09301816672086716
different_speaker,0.0669327974319458
different_speaker,0.10038638859987259
different_speaker,0.21977555751800537
different_speaker,0.17793597280979156
different_speaker,0.197391539812088
different_speaker,0.2045704871416092
different_speaker,0.15089057385921478
different_speaker,0.01673896610736847
different_speaker,0.015002032741904259
different_speaker,-0.003309596097096801
different_speaker,0.10579332709312439
different_speaker,0.03315311297774315
different_speaker,0.1969943344593048
different_speaker,0.11385103315114975
different_speaker,0.17704030871391296
different_speaker,0.14622414112091064
different_speaker,0.121439129114151
different_speaker,0.12210765480995178
different_speaker,0.11768870800733566
different_speaker,0.11827713251113892
different_speaker,0.14029425382614136
different_speaker,0.08484168350696564
different_speaker,0.4086439311504364
different_speaker,0.29205620288848877
different_speaker,0.23536601662635803
different_speaker,0.39394333958625793
different_speaker,0.4199260175228119
different_speaker,0.10400652140378952
different_speaker,0.10290730744600296
different_speaker,0.13678431510925293
different_speaker,0.07508999854326248
different_speaker,0.11209218204021454
different_speaker,0.15543410181999207
different_speaker,0.1778011918067932
different_speaker,0.17935624718666077
different_speaker,0.1918734312057495
different_speaker,0.16150136291980743
different_speaker,0.027540387585759163
different_speaker,0.04066913574934006
different_speaker,0.06641708314418793
different_speaker,0.022017333656549454
different_speaker,0.04399968683719635
different_speaker,0.12628991901874542
different_speaker,0.18780957162380219
different_speaker,0.14742037653923035
different_speaker,0.20811377465724945
different_speaker,0.17084798216819763
different_speaker,0.043515171855688095
different_speaker,0.07199607044458389
different_speaker,0.01738203503191471
different_speaker,0.09865536540746689
different_speaker,0.08873582631349564
different_speaker,0.1068107932806015
different_speaker,0.08855944871902466
different_speaker,0.03349025174975395
different_speaker,-0.029672153294086456
different_speaker,0.0075261881574988365
different_speaker,0.04529279097914696
different_speaker,0.04742595553398132
different_speaker,0.036684200167655945
different_speaker,0.011616501957178116
different_speaker,0.04891466721892357
different_speaker,0.09255548566579819
different_speaker,0.0018460106803104281
different_speaker,0.10176493227481842
different_speaker,0.12563815712928772
different_speaker,0.13846056163311005
different_speaker,0.10938803106546402
different_speaker,0.10026296973228455
different_speaker,0.07395293563604355
different_speaker,0.05510217696428299
different_speaker,0.03255226090550423
different_speaker,0.19234423339366913
different_speaker,0.1387634426355362
different_speaker,0.12984532117843628
different_speaker,0.15646246075630188
different_speaker,0.21494416892528534
different_speaker,0.13770966231822968
different_speaker,0.1472233682870865
different_speaker,0.14034846425056458
different_speaker,0.16730554401874542
different_speaker,0.12037894874811172
different_speaker,0.24801093339920044
different_speaker,0.24701306223869324
different_speaker,0.3623204827308655
different_speaker,0.23795628547668457
different_speaker,0.22845429182052612
different_speaker,0.16503238677978516
different_speaker,0.20648148655891418
different_speaker,0.172781303524971
different_speaker,0.19282163679599762
different_speaker,0.04408576712012291
different_speaker,0.07128205895423889
different_speaker,0.0731542706489563
different_speaker,0.12681333720684052
different_speaker,0.11020904779434204
different_speaker,0.10667391121387482
different_speaker,-0.15735481679439545
different_speaker,-0.05128601938486099
different_speaker,-0.07120370119810104
different_speaker,-0.024381255730986595
different_speaker,-0.07075121998786926
different_speaker,0.22312933206558228
different_speaker,0.2031325250864029
different_speaker,0.27579814195632935
different_speaker,0.17424966394901276
different_speaker,0.24703152477741241
different_speaker,0.2711774408817291
different_speaker,0.25010064244270325
different_speaker,0.24956060945987701
different_speaker,0.24984323978424072
different_speaker,0.23271188139915466
different_speaker,-0.0038570708129554987
different_speaker,-0.03504428267478943
different_speaker,-0.053284790366888046
different_speaker,-0.07775165885686874
different_speaker,-0.03496428579092026
different_speaker,0.33848097920417786
different_speaker,0.2074710726737976
different_speaker,0.32971900701522827
different_speaker,0.274164080619812
different_speaker,0.36326342821121216
different_speaker,-0.004501593764871359
different_speaker,-0.01877620257437229
different_speaker,0.028097081929445267
different_speaker,0.03865930065512657
different_speaker,0.0038540754467248917
different_speaker,0.12162148952484131
different_speaker,0.13666124641895294
different_speaker,0.060454320162534714
different_speaker,0.07203222066164017
different_speaker,0.07574158161878586
different_speaker,0.01970457285642624
different_speaker,-0.022539716213941574
different_speaker,0.03959229961037636
different_speaker,0.041846759617328644
different_speaker,0.006548836827278137
different_speaker,0.012303942814469337
different_speaker,0.09247563779354095
different_speaker,0.06476577371358871
different_speaker,0.05618252605199814
different_speaker,0.12194984406232834
different_speaker,0.21316878497600555
different_speaker,0.19694241881370544
different_speaker,0.18298283219337463
different_speaker,0.19587235152721405
different_speaker,0.14157584309577942
different_speaker,0.041022587567567825
different_speaker,0.02908988483250141
different_speaker,-0.009347332641482353
different_speaker,0.09688697755336761
different_speaker,0.039448875933885574
different_speaker,0.13561473786830902
different_speaker,0.0676279067993164
different_speaker,0.12181470543146133
different_speaker,0.10031765699386597
different_speaker,0.05946434661746025
different_speaker,0.08062215894460678
different_speaker,0.10366616398096085
different_speaker,0.07255280017852783
different_speaker,0.12174413353204727
different_speaker,0.04927032068371773
different_speaker,0.3905884027481079
different_speaker,0.2587921619415283
different_speaker,0.20272555947303772
different_speaker,0.3861945867538452
different_speaker,0.36231204867362976
different_speaker,0.044000882655382156
different_speaker,0.03576318547129631
different_speaker,0.09013295918703079
different_speaker,0.013774668797850609
different_speaker,0.06256716698408127
different_speaker,0.12681043148040771
different_speaker,0.14258158206939697
different_speaker,0.13883237540721893
different_speaker,0.14997169375419617
different_speaker,0.0854419395327568
different_speaker,-0.021038725972175598
different_speaker,0.03047805279493332
different_speaker,0.03708409518003464
different_speaker,0.022384334355592728
different_speaker,0.0030375048518180847
different_speaker,0.044959649443626404
different_speaker,0.0928088128566742
different_speaker,0.050350312143564224
different_speaker,0.1211625337600708
different_speaker,0.11315064877271652
different_speaker,0.060485366731882095
different_speaker,0.027707306668162346
different_speaker,0.03588299825787544
different_speaker,0.08089326322078705
different_speaker,0.11516373604536057
different_speaker,0.07982784509658813
different_speaker,0.053867168724536896
different_speaker,0.019551878795027733
different_speaker,-0.04525093361735344
different_speaker,0.00114250963088125
different_speaker,-0.027463234961032867
different_speaker,-0.018474843353033066
different_speaker,-0.04686041548848152
different_speaker,-0.05235437676310539
different_speaker,0.02269085869193077
different_speaker,0.12348011881113052
different_speaker,0.04121342673897743
different_speaker,0.1323438137769699
different_speaker,0.13855169713497162
different_speaker,0.1651034951210022
different_speaker,0.0896664634346962
different_speaker,0.049285661429166794
different_speaker,0.04503167048096657
different_speaker,0.061510976403951645
different_speaker,0.05910716578364372
different_speaker,0.15032199025154114
different_speaker,0.0650661438703537
different_speaker,0.07005290687084198
different_speaker,0.11428777873516083
different_speaker,0.16171708703041077
different_speaker,0.125443235039711
different_speaker,0.10419782251119614
different_speaker,0.07413524389266968
different_speaker,0.12676087021827698
different_speaker,0.07395298033952713
different_speaker,0.2443254142999649
different_speaker,0.23982077836990356
different_speaker,0.31776461005210876
different_speaker,0.18108056485652924
different_speaker,0.21382850408554077
different_speaker,0.13931326568126678
different_speaker,0.17682847380638123
different_speaker,0.11520877480506897
different_speaker,0.13613739609718323
different_speaker,0.013164044357836246
different_speaker,0.10160091519355774
different_speaker,0.1000346764922142
different_speaker,0.14402973651885986
different_speaker,0.11729547381401062
different_speaker,0.10001064091920853
different_speaker,-0.12824904918670654
different_speaker,-0.044211823493242264
different_speaker,-0.08308720588684082
different_speaker,-0.06274601072072983
different_speaker,-0.10470569133758545
different_speaker,0.17470473051071167
different_speaker,0.19277812540531158
different_speaker,0.2507898807525635
different_speaker,0.14766822755336761
different_speaker,0.223599374294281
different_speaker,0.1928020864725113
different_speaker,0.22821137309074402
different_speaker,0.18598490953445435
different_speaker,0.18633972108364105
different_speaker,0.18244579434394836
different_speaker,-0.02963336743414402
different_speaker,-0.04548513889312744
different_speaker,-0.042577262967824936
different_speaker,-0.06887210160493851
different_speaker,-0.047300856560468674
different_speaker,0.2454758584499359
different_speaker,0.14466695487499237
different_speaker,0.22385148704051971
different_speaker,0.2291831076145172
different_speaker,0.2904580235481262
different_speaker,-0.03856425732374191
different_speaker,-0.046678878366947174
different_speaker,-0.006175671704113483
different_speaker,-0.010372164659202099
different_speaker,-0.04370873048901558
different_speaker,0.12471406161785126
different_speaker,0.1627347767353058
different_speaker,0.07582078129053116
different_speaker,0.06658129394054413
different_speaker,0.12441457062959671
different_speaker,0.05683372914791107
different_speaker,0.008068755269050598
different_speaker,0.12168160825967789
different_speaker,0.044119853526353836
different_speaker,0.02923033945262432
different_speaker,0.023630527779459953
different_speaker,0.0972968190908432
different_speaker,0.07521389424800873
different_speaker,0.04890695586800575
different_speaker,0.13145041465759277
different_speaker,0.2105036824941635
different_speaker,0.19003130495548248
different_speaker,0.16520564258098602
different_speaker,0.2159576267004013
different_speaker,0.13622155785560608
different_speaker,0.07416980713605881
different_speaker,0.0851268470287323
different_speaker,0.02688818797469139
different_speaker,0.12758572399616241
different_speaker,0.09150819480419159
different_speaker,0.1368498057126999
different_speaker,0.06766414642333984
different_speaker,0.09156934171915054
different_speaker,0.07072147727012634
different_speaker,0.0456562377512455
different_speaker,0.05372053012251854
different_speaker,0.062257200479507446
different_speaker,0.04142993688583374
different_speaker,0.10510195046663284
different_speaker,0.010800735093653202
different_speaker,0.4668129086494446
different_speaker,0.3017556965351105
different_speaker,0.27049243450164795
different_speaker,0.4609530568122864
different_speaker,0.41055548191070557
different_speaker,0.0020188498310744762
different_speaker,-0.013181888498365879
different_speaker,0.0503445565700531
different_speaker,-0.029017122462391853
different_speaker,0.01336833368986845
different_speaker,0.09872907400131226
different_speaker,0.14239370822906494
different_speaker,0.11091823130846024
different_speaker,0.12510493397712708
different_speaker,0.05998198315501213
different_speaker,0.03531042858958244
different_speaker,0.062407903373241425
different_speaker,0.061183325946331024
different_speaker,0.024376196786761284
different_speaker,0.03753623738884926
different_speaker,0.04703909531235695
different_speaker,0.09113293141126633
different_speaker,0.02916111797094345
different_speaker,0.09927438944578171
different_speaker,0.12807801365852356
different_speaker,0.09838593751192093
different_speaker,0.09744392335414886
different_speaker,0.08751630038022995
different_speaker,0.13558201491832733
different_speaker,0.17910343408584595
different_speaker,0.07275039702653885
different_speaker,0.04844406619668007
different_speaker,0.037478093057870865
different_speaker,-0.05271235853433609
different_speaker,0.031107410788536072
different_speaker,0.04155537113547325
different_speaker,0.048055682331323624
different_speaker,-0.0034260654356330633
different_speaker,-0.010164275765419006
different_speaker,0.062011897563934326
different_speaker,0.09717945009469986
different_speaker,0.021006889641284943
different_speaker,0.10794771462678909
different_speaker,0.1243378296494484
different_speaker,0.13967546820640564
different_speaker,0.08107489347457886
different_speaker,0.07244608551263809
different_speaker,0.07721111178398132
different_speaker,0.08588187396526337
different_speaker,0.06722944974899292
different_speaker,0.1945943683385849
different_speaker,0.11257845163345337
different_speaker,0.11187932640314102
different_speaker,0.15044593811035156
different_speaker,0.19840331375598907
different_speaker,0.1452416628599167
different_speaker,0.13555972278118134
different_speaker,0.08866924047470093
different_speaker,0.1341501623392105
different_speaker,0.0935366153717041
different_speaker,0.2319480925798416
different_speaker,0.20243415236473083
different_speaker,0.2888445556163788
different_speaker,0.15719710290431976
different_speaker,0.16445358097553253
different_speaker,0.1350407600402832
different_speaker,0.16396759450435638
different_speaker,0.11380571871995926
different_speaker,0.11114289611577988
different_speaker,0.046257298439741135
different_speaker,0.09404517710208893
different_speaker,0.1036098450422287
different_speaker,0.14004452526569366
different_speaker,0.1255798488855362
different_speaker,0.09280259907245636
different_speaker,-0.12954197824001312
different_speaker,-0.03622453659772873
different_speaker,-0.06709935516119003
different_speaker,-0.04135667905211449
different_speaker,-0.07590707391500473
different_speaker,0.1638263463973999
different_speaker,0.20524828135967255
different_speaker,0.21973155438899994
different_speaker,0.10919763147830963
different_speaker,0.22352035343647003
different_speaker,0.24697354435920715
different_speaker,0.2698686718940735
different_speaker,0.23307844996452332
different_speaker,0.2752271592617035
different_speaker,0.2500603199005127
different_speaker,-0.031022945418953896
different_speaker,-0.05442975088953972
different_speaker,-0.03857257217168808
different_speaker,-0.07749704271554947
different_speaker,-0.05457461625337601
different_speaker,0.2487453818321228
different_speaker,0.11738324910402298
different_speaker,0.20828916132450104
different_speaker,0.23650525510311127
different_speaker,0.2968442440032959
different_speaker,0.0056555080227553844
different_speaker,0.006771840620785952
different_speaker,0.043046776205301285
different_speaker,0.04527701064944267
different_speaker,-0.0020466125570237637
different_speaker,0.12366953492164612
different_speaker,0.1411772221326828
different_speaker,0.09867607802152634
different_speaker,0.060965679585933685
different_speaker,0.11050991714000702
different_speaker,0.04230446368455887
different_speaker,-0.02838990092277527
different_speaker,0.10657846182584763
different_speaker,0.04047812893986702
different_speaker,0.05114158242940903
different_speaker,0.06292227655649185
different_speaker,0.13891290128231049
different_speaker,0.15051501989364624
different_speaker,0.07845516502857208
different_speaker,0.12569476664066315
different_speaker,0.2309948354959488
different_speaker,0.23712465167045593
different_speaker,0.2048124372959137
different_speaker,0.19504348933696747
different_speaker,0.15506364405155182
different_speaker,0.042907584458589554
different_speaker,0.048845939338207245
different_speaker,0.006006106734275818
different_speaker,0.10578733682632446
different_speaker,0.04969922825694084
different_speaker,0.1680573970079422
different_speaker,0.0903438851237297
different_speaker,0.16020028293132782
different_speaker,0.1369471251964569
different_speaker,0.11361460387706757
different_speaker,0.08023862540721893
different_speaker,0.11735731363296509
different_speaker,0.07041420787572861
different_speaker,0.08500274270772934
different_speaker,0.025779524818062782
different_speaker,0.39043253660202026
different_speaker,0.3038024604320526
different_speaker,0.2437627762556076
different_speaker,0.40880677103996277
different_speaker,0.3834991455078125
different_speaker,0.08660145848989487
different_speaker,0.08501671999692917
different_speaker,0.1368410289287567
different_speaker,0.052368149161338806
different_speaker,0.12328694760799408
different_speaker,0.15010541677474976
different_speaker,0.15425121784210205
different_speaker,0.1520700305700302
different_speaker,0.1647990494966507
different_speaker,0.10038397461175919
different_speaker,0.0673140436410904
different_speaker,0.10568159073591232
different_speaker,0.13201278448104858
different_speaker,0.09078487753868103
different_speaker,0.09804681688547134
different_speaker,0.0573338083922863
different_speaker,0.10897994786500931
different_speaker,0.09155073016881943
different_speaker,0.13570937514305115
different_speaker,0.13197585940361023
different_speaker,0.05088118836283684
different_speaker,0.037877585738897324
different_speaker,0.01262117363512516
different_speaker,0.0761326253414154
different_speaker,0.05405433103442192
different_speaker,0.08338779956102371
different_speaker,0.05150135979056358
different_speaker,0.05250706896185875
different_speaker,-0.05511809512972832
different_speaker,-0.003798095043748617
different_speaker,0.02017110213637352
different_speaker,0.025196176022291183
different_speaker,0.017592117190361023
different_speaker,0.008613547310233116
different_speaker,0.06585998088121414
different_speaker,0.11449845135211945
different_speaker,0.047495175153017044
different_speaker,0.11695686727762222
different_speaker,0.14115330576896667
different_speaker,0.1714867800474167
different_speaker,0.06096363067626953
different_speaker,0.05590669438242912
different_speaker,0.029242634773254395
different_speaker,0.06945549696683884
different_speaker,0.002372288377955556
different_speaker,0.21696549654006958
different_speaker,0.1771979033946991
different_speaker,0.14271973073482513
different_speaker,0.17338447272777557
different_speaker,0.2683711051940918
different_speaker,0.09953867644071579
different_speaker,0.14679348468780518
different_speaker,0.11380187422037125
different_speaker,0.18573980033397675
different_speaker,0.09957494586706161
different_speaker,0.24417360126972198
different_speaker,0.25755536556243896
different_speaker,0.37461766600608826
different_speaker,0.22082778811454773
different_speaker,0.22181858122348785
different_speaker,0.1759049892425537
different_speaker,0.2536606192588806
different_speaker,0.21518108248710632
different_speaker,0.18508227169513702
different_speaker,0.09182299673557281
different_speaker,0.11034267395734787
different_speaker,0.08135459572076797
different_speaker,0.11070086807012558
different_speaker,0.1252330243587494
different_speaker,0.13107512891292572
different_speaker,-0.16136375069618225
different_speaker,-0.07117146998643875
different_speaker,-0.12062595784664154
different_speaker,-0.07078240066766739
different_speaker,-0.13463768362998962
different_speaker,0.23850134015083313
different_speaker,0.25846511125564575
different_speaker,0.315406858921051
different_speaker,0.18116293847560883
different_speaker,0.29194968938827515
different_speaker,0.20105509459972382
different_speaker,0.21641963720321655
different_speaker,0.19331538677215576
different_speaker,0.19924768805503845
different_speaker,0.1834694892168045
different_speaker,-0.004252671729773283
different_speaker,-0.04605912044644356
different_speaker,-0.04956943169236183
different_speaker,-0.05810439959168434
different_speaker,-0.0277270320802927
different_speaker,0.3365664482116699
different_speaker,0.21495221555233002
different_speaker,0.3021906316280365
different_speaker,0.2866702377796173
different_speaker,0.3686677813529968
different_speaker,-0.037141259759664536
different_speaker,-0.03999428451061249
different_speaker,-0.0014902870170772076
different_speaker,0.020160535350441933
different_speaker,-0.016348199918866158
different_speaker,0.08441649377346039
different_speaker,0.12474622577428818
different_speaker,0.025689227506518364
different_speaker,0.07122478634119034
different_speaker,0.08756732940673828
different_speaker,0.03767704591155052
different_speaker,-0.022707073017954826
different_speaker,0.0800267830491066
different_speaker,0.03938424959778786
different_speaker,-0.017064206302165985
different_speaker,0.013624773360788822
different_speaker,0.021594267338514328
different_speaker,0.03866919130086899
different_speaker,0.03001231513917446
different_speaker,0.058646880090236664
different_speaker,0.013970749452710152
different_speaker,-0.07266347855329514
different_speaker,-0.05119931697845459
different_speaker,-0.0629088506102562
different_speaker,0.04967944696545601
different_speaker,0.14497287571430206
different_speaker,0.22056801617145538
different_speaker,0.1120789498090744
different_speaker,0.1669069528579712
different_speaker,0.08162017166614532
different_speaker,0.16187897324562073
different_speaker,0.009613259695470333
different_speaker,0.09535786509513855
different_speaker,0.08598121255636215
different_speaker,0.11480887234210968
different_speaker,0.0768345445394516
different_speaker,0.032957080751657486
different_speaker,0.10887311398983002
different_speaker,0.06510665267705917
different_speaker,0.07070618867874146
different_speaker,0.02262776903808117
different_speaker,0.08683790266513824
different_speaker,0.0736021175980568
different_speaker,0.07646749168634415
different_speaker,0.03594682738184929
different_speaker,-0.03229783847928047
different_speaker,0.022124171257019043
different_speaker,0.08018211275339127
different_speaker,0.08101509511470795
different_speaker,0.07491286098957062
different_speaker,0.11478789150714874
different_speaker,0.1748829185962677
different_speaker,0.1046179011464119
different_speaker,0.15769419074058533
different_speaker,0.12715554237365723
different_speaker,0.19731800258159637
different_speaker,0.22180768847465515
different_speaker,0.1426151692867279
different_speaker,0.24288123846054077
different_speaker,0.1781824231147766
different_speaker,0.05955222249031067
different_speaker,0.07373832911252975
different_speaker,0.10928518325090408
different_speaker,0.05868258327245712
different_speaker,0.05074579641222954
different_speaker,-0.13116130232810974
different_speaker,-0.0870564803481102
different_speaker,-0.13173222541809082
different_speaker,-0.09845247119665146
different_speaker,-0.05377209559082985
different_speaker,0.12980149686336517
different_speaker,0.03995672985911369
different_speaker,0.03804244473576546
different_speaker,0.07011045515537262
different_speaker,0.034771889448165894
different_speaker,-0.1341981589794159
different_speaker,-0.16469569504261017
different_speaker,-0.12632863223552704
different_speaker,-0.04828169196844101
different_speaker,-0.0355679914355278
different_speaker,-0.03281807154417038
different_speaker,-0.12008082866668701
different_speaker,-0.05633031204342842
different_speaker,-0.022379711270332336
different_speaker,-0.021831180900335312
different_speaker,-0.019956951960921288
different_speaker,0.0327627919614315
different_speaker,-0.008553211577236652
different_speaker,0.025827331468462944
different_speaker,-0.011908144690096378
different_speaker,-0.09815847873687744
different_speaker,-0.09460465610027313
different_speaker,-0.09125211834907532
different_speaker,-0.08776329457759857
different_speaker,-0.15080012381076813
different_speaker,0.07276672124862671
different_speaker,0.07538435608148575
different_speaker,0.053048089146614075
different_speaker,0.08907782286405563
different_speaker,0.14063046872615814
different_speaker,-0.034209247678518295
different_speaker,-0.04491443559527397
different_speaker,-0.058532413095235825
different_speaker,-0.024377021938562393
different_speaker,0.03259064257144928
different_speaker,0.08022070676088333
different_speaker,0.12852664291858673
different_speaker,0.1365559846162796
different_speaker,0.050792522728443146
different_speaker,0.10784005373716354
different_speaker,0.013939638622105122
different_speaker,-0.080758236348629
different_speaker,-0.05153801664710045
different_speaker,-0.046244047582149506
different_speaker,-0.009250005707144737
different_speaker,0.11786900460720062
different_speaker,0.06782606244087219
different_speaker,0.0927039235830307
different_speaker,0.10517913848161697
different_speaker,0.09430260211229324
different_speaker,-0.12072400748729706
different_speaker,-0.11277464777231216
different_speaker,-0.02857997640967369
different_speaker,-0.0909743532538414
different_speaker,-0.13028250634670258
different_speaker,0.06107761710882187
different_speaker,0.024654846638441086
different_speaker,0.11731865257024765
different_speaker,0.11942288279533386
different_speaker,0.0504084974527359
different_speaker,0.05645427107810974
different_speaker,0.0995718464255333
different_speaker,0.09324435144662857
different_speaker,0.05299844592809677
different_speaker,0.06388041377067566
different_speaker,-0.027410447597503662
different_speaker,0.1118217334151268
different_speaker,0.05346465855836868
different_speaker,0.07554767280817032
different_speaker,0.052054330706596375
different_speaker,-0.04071466252207756
different_speaker,-0.1310146600008011
different_speaker,-0.004777218215167522
different_speaker,-0.035849444568157196
different_speaker,-0.023427069187164307
different_speaker,-0.003675151150673628
different_speaker,-0.018301090225577354
different_speaker,-0.018755309283733368
different_speaker,0.02981668896973133
different_speaker,-0.06671569496393204
different_speaker,-0.01523683127015829
different_speaker,0.03215862438082695
different_speaker,0.059025052934885025
different_speaker,0.02521333284676075
different_speaker,0.0444156676530838
different_speaker,-0.014924848452210426
different_speaker,-0.043596792966127396
different_speaker,-0.0451073944568634
different_speaker,-0.07061153650283813
different_speaker,-0.0008455892093479633
different_speaker,0.1075630933046341
different_speaker,0.18638268113136292
different_speaker,0.07240501046180725
different_speaker,0.1558363288640976
different_speaker,0.08363169431686401
different_speaker,0.1994042694568634
different_speaker,0.04204235225915909
different_speaker,0.15784814953804016
different_speaker,0.12376793473958969
different_speaker,0.14409877359867096
different_speaker,0.06070178747177124
different_speaker,0.04291108623147011
different_speaker,0.09724770486354828
different_speaker,0.08222135156393051
different_speaker,0.10888150334358215
different_speaker,-0.024285515770316124
different_speaker,0.09228387475013733
different_speaker,0.038910873234272
different_speaker,0.01703447848558426
different_speaker,0.0028858764562755823
different_speaker,0.03191255033016205
different_speaker,0.05829711630940437
different_speaker,0.10347187519073486
different_speaker,0.12730944156646729
different_speaker,0.13576777279376984
different_speaker,0.04202818125486374
different_speaker,0.09066729247570038
different_speaker,0.07387006282806396
different_speaker,0.05391315370798111
different_speaker,0.07059160619974136
different_speaker,0.31145116686820984
different_speaker,0.3604311943054199
different_speaker,0.26814764738082886
different_speaker,0.34799322485923767
different_speaker,0.3188963234424591
different_speaker,0.0652836412191391
different_speaker,0.08198513090610504
different_speaker,0.11019899696111679
different_speaker,0.07728534191846848
different_speaker,0.07956838607788086
different_speaker,-0.04813839867711067
different_speaker,0.007438091095536947
different_speaker,-0.076311856508255
different_speaker,0.035260483622550964
different_speaker,0.09344770014286041
different_speaker,0.2626413106918335
different_speaker,0.1931869238615036
different_speaker,0.11828627437353134
different_speaker,0.19750361144542694
different_speaker,0.19175493717193604
different_speaker,-0.1786746233701706
different_speaker,-0.1669580191373825
different_speaker,-0.16073185205459595
different_speaker,-0.043673090636730194
different_speaker,-0.0181600209325552
different_speaker,-0.015189091674983501
different_speaker,-0.09983263164758682
different_speaker,-0.03950737044215202
different_speaker,0.020650368183851242
different_speaker,-0.014108649455010891
different_speaker,-0.06277988106012344
different_speaker,0.01095912978053093
different_speaker,-0.07159435003995895
different_speaker,-0.021764250472187996
different_speaker,-0.05129152536392212
different_speaker,-0.18354426324367523
different_speaker,-0.14995095133781433
different_speaker,-0.14348912239074707
different_speaker,-0.1523885875940323
different_speaker,-0.22210367023944855
different_speaker,0.08428781479597092
different_speaker,0.14819827675819397
different_speaker,0.03478997200727463
different_speaker,0.14232224225997925
different_speaker,0.13113409280776978
different_speaker,0.0063496422953903675
different_speaker,-0.021759014576673508
different_speaker,0.018004735931754112
different_speaker,0.02032145857810974
different_speaker,0.04079436883330345
different_speaker,0.09704892337322235
different_speaker,0.07275892049074173
different_speaker,0.11346370726823807
different_speaker,0.06911211460828781
different_speaker,0.05502910166978836
different_speaker,-0.05430927500128746
different_speaker,-0.09753752499818802
different_speaker,-0.07623413950204849
different_speaker,-0.06104331091046333
different_speaker,-0.0719219520688057
different_speaker,0.20977094769477844
different_speaker,0.14679844677448273
different_speaker,0.15496277809143066
different_speaker,0.1654192954301834
different_speaker,0.1521177440881729
different_speaker,-0.07826890796422958
different_speaker,-0.03938926011323929
different_speaker,-0.0010641074040904641
different_speaker,-0.027504870668053627
different_speaker,-0.07179878652095795
different_speaker,0.12028813362121582
different_speaker,0.12131674587726593
different_speaker,0.14370252192020416
different_speaker,0.14274197816848755
different_speaker,0.10189678519964218
different_speaker,0.11541067063808441
different_speaker,0.20017626881599426
different_speaker,0.19617396593093872
different_speaker,0.17936289310455322
different_speaker,0.1595359444618225
different_speaker,-0.001964077353477478
different_speaker,0.11386612802743912
different_speaker,0.06738836318254471
different_speaker,0.09842390567064285
different_speaker,0.0554867647588253
different_speaker,-0.10503968596458435
different_speaker,-0.11571542918682098
different_speaker,-0.04034733772277832
different_speaker,-0.09497333317995071
different_speaker,-0.00927822757512331
different_speaker,0.001064546755515039
different_speaker,0.051639456301927567
different_speaker,0.036829497665166855
different_speaker,0.011664515361189842
different_speaker,-0.024199651554226875
different_speaker,0.0546417236328125
different_speaker,0.08009004592895508
different_speaker,0.10811859369277954
different_speaker,0.06525453180074692
different_speaker,0.08957539498806
different_speaker,-0.00041277080890722573
different_speaker,-0.06062328815460205
different_speaker,-0.01810036599636078
different_speaker,-0.02153802290558815
different_speaker,0.03582123667001724
different_speaker,0.08229544013738632
different_speaker,0.21471469104290009
different_speaker,0.10647136718034744
different_speaker,0.13878700137138367
different_speaker,0.15335583686828613
different_speaker,0.23760069906711578
different_speaker,0.0774482861161232
different_speaker,0.1931138038635254
different_speaker,0.12425602972507477
different_speaker,0.14269427955150604
different_speaker,0.038268860429525375
different_speaker,0.059292711317539215
different_speaker,0.14581823348999023
different_speaker,0.07985121756792068
different_speaker,0.09271138161420822
different_speaker,-0.01732575334608555
different_speaker,0.0798325315117836
different_speaker,0.04090869799256325
different_speaker,0.05333256348967552
different_speaker,0.0021631631534546614
different_speaker,0.027477379888296127
different_speaker,0.06801747530698776
different_speaker,0.11461600661277771
different_speaker,0.12388679385185242
different_speaker,0.11444978415966034
different_speaker,0.1098300963640213
different_speaker,0.18236593902111053
different_speaker,0.14722098410129547
different_speaker,0.14507147669792175
different_speaker,0.14523932337760925
different_speaker,0.22213901579380035
different_speaker,0.2726995348930359
different_speaker,0.22914299368858337
different_speaker,0.2774387001991272
different_speaker,0.25909844040870667
different_speaker,0.10756167769432068
different_speaker,0.1130533218383789
different_speaker,0.11547540128231049
different_speaker,0.1226666197180748
different_speaker,0.1049116924405098
different_speaker,-0.05803612992167473
different_speaker,0.06612352281808853
different_speaker,-0.02939567342400551
different_speaker,0.0632510706782341
different_speaker,0.1100798025727272
different_speaker,0.30698350071907043
different_speaker,0.23367103934288025
different_speaker,0.21095457673072815
different_speaker,0.26262807846069336
different_speaker,0.22739748656749725
different_speaker,-0.14187881350517273
different_speaker,-0.0961817279458046
different_speaker,-0.0959191769361496
different_speaker,0.02369088865816593
different_speaker,0.021650051698088646
different_speaker,0.01954968459904194
different_speaker,-0.04632832109928131
different_speaker,-0.0076018995605409145
different_speaker,0.07446735352277756
different_speaker,0.041979800909757614
different_speaker,-0.030771702527999878
different_speaker,0.0391664132475853
different_speaker,-0.029678700491786003
different_speaker,0.0015089543303474784
different_speaker,-0.005308875348418951
different_speaker,-0.2107737809419632
different_speaker,-0.0806606188416481
different_speaker,-0.08342847228050232
different_speaker,-0.06020991876721382
different_speaker,-0.1318688988685608
different_speaker,0.19190537929534912
different_speaker,0.2071097046136856
different_speaker,0.09261331707239151
different_speaker,0.22557684779167175
different_speaker,0.23151350021362305
different_speaker,0.0007599511300213635
different_speaker,0.005729184485971928
different_speaker,0.0008066085283644497
different_speaker,-0.0020274354610592127
different_speaker,0.09006121754646301
different_speaker,0.09288167208433151
different_speaker,0.14592739939689636
different_speaker,0.12663710117340088
different_speaker,0.10074397176504135
different_speaker,0.14879192411899567
different_speaker,-0.0002905889123212546
different_speaker,-0.04317404329776764
different_speaker,-0.06017196550965309
different_speaker,-0.0643194392323494
different_speaker,-0.03840259462594986
different_speaker,0.13904188573360443
different_speaker,0.16016727685928345
different_speaker,0.1345442533493042
different_speaker,0.13705700635910034
different_speaker,0.13027562201023102
different_speaker,-0.08733467757701874
different_speaker,-0.028994806110858917
different_speaker,0.009202626533806324
different_speaker,-0.04091273993253708
different_speaker,-0.0703204795718193
different_speaker,0.058543335646390915
different_speaker,0.0663696825504303
different_speaker,0.06404653191566467
different_speaker,0.06838973611593246
different_speaker,0.06429345160722733
different_speaker,0.13285940885543823
different_speaker,0.17628490924835205
different_speaker,0.17579372227191925
different_speaker,0.15533828735351562
different_speaker,0.13371941447257996
different_speaker,0.03611244633793831
different_speaker,0.1422828882932663
different_speaker,0.11253209412097931
different_speaker,0.13524878025054932
different_speaker,0.10486635565757751
different_speaker,-0.12840087711811066
different_speaker,-0.1374630630016327
different_speaker,-0.03698568046092987
different_speaker,-0.043740034103393555
different_speaker,0.03889204561710358
different_speaker,-0.036276593804359436
different_speaker,-0.02715412713587284
different_speaker,-0.017958814278244972
different_speaker,-0.002710029250010848
different_speaker,-0.10343404859304428
different_speaker,-0.04894854500889778
different_speaker,0.012697874568402767
different_speaker,0.00834706425666809
different_speaker,-0.023950140923261642
different_speaker,0.008574887178838253
different_speaker,0.003198373131453991
different_speaker,-0.06067022681236267
different_speaker,-0.019565368071198463
different_speaker,-0.06120772287249565
different_speaker,0.04412893205881119
different_speaker,0.10761726647615433
different_speaker,0.1771785169839859
different_speaker,0.0406758077442646
different_speaker,0.16563931107521057
different_speaker,0.06986760348081589
different_speaker,0.13914136588573456
different_speaker,0.038953736424446106
different_speaker,0.12944358587265015
different_speaker,0.07934647053480148
different_speaker,0.09576703608036041
different_speaker,0.07582664489746094
different_speaker,0.041958294808864594
different_speaker,0.1151900514960289
different_speaker,0.0872541218996048
different_speaker,0.10336332768201828
different_speaker,0.03971690312027931
different_speaker,0.12119008600711823
different_speaker,0.055794619023799896
different_speaker,0.08380934596061707
different_speaker,0.04668303206562996
different_speaker,0.04015185683965683
different_speaker,0.07902569323778152
different_speaker,0.16881318390369415
different_speaker,0.1673138588666916
different_speaker,0.13366658985614777
different_speaker,0.045431770384311676
different_speaker,0.09537658095359802
different_speaker,0.06754449754953384
different_speaker,0.07088273018598557
different_speaker,0.07862573117017746
different_speaker,0.2836818993091583
different_speaker,0.29786399006843567
different_speaker,0.21176500618457794
different_speaker,0.3258402347564697
different_speaker,0.2624277174472809
different_speaker,0.08009317517280579
different_speaker,0.08156684041023254
different_speaker,0.12240441143512726
different_speaker,0.08040259033441544
different_speaker,0.07986164838075638
different_speaker,-0.09603526443243027
different_speaker,-0.039108797907829285
different_speaker,-0.12262975424528122
different_speaker,-0.0060890475288033485
different_speaker,0.05773444473743439
different_speaker,0.30445048213005066
different_speaker,0.21284690499305725
different_speaker,0.1904190480709076
different_speaker,0.20804786682128906
different_speaker,0.19372211396694183
different_speaker,-0.135262131690979
different_speaker,-0.14440660178661346
different_speaker,-0.13859029114246368
different_speaker,-0.02426564320921898
different_speaker,0.009005718864500523
different_speaker,0.0028094882145524025
different_speaker,-0.08343471586704254
different_speaker,-0.03241075202822685
different_speaker,0.003368526929989457
different_speaker,0.028571216389536858
different_speaker,-0.06014258787035942
different_speaker,0.010396767407655716
different_speaker,-0.06655129790306091
different_speaker,-0.01687639020383358
different_speaker,-0.07038704305887222
different_speaker,-0.12253955751657486
different_speaker,-0.08637682348489761
different_speaker,-0.08757788687944412
different_speaker,-0.0814615860581398
different_speaker,-0.13356903195381165
different_speaker,0.06956867128610611
different_speaker,0.10027553886175156
different_speaker,0.0348418764770031
different_speaker,0.11891905963420868
different_speaker,0.12538935244083405
different_speaker,-0.049454279243946075
different_speaker,-0.08883867412805557
different_speaker,-0.08102539926767349
different_speaker,-0.03516288101673126
different_speaker,0.00723437312990427
different_speaker,0.08333498239517212
different_speaker,0.09491123259067535
different_speaker,0.1347731500864029
different_speaker,0.04974893853068352
different_speaker,0.07347043603658676
different_speaker,-0.01515036541968584
different_speaker,-0.06147906556725502
different_speaker,-0.06107150390744209
different_speaker,-0.06309157609939575
different_speaker,-0.06549013406038284
different_speaker,0.1488838791847229
different_speaker,0.115353062748909
different_speaker,0.12775923311710358
different_speaker,0.14013642072677612
different_speaker,0.11256429553031921
different_speaker,-0.069696806371212
different_speaker,-0.02206103317439556
different_speaker,0.04096468165516853
different_speaker,-0.03195998817682266
different_speaker,-0.06227175518870354
different_speaker,0.11688034981489182
different_speaker,0.08525975793600082
different_speaker,0.13709284365177155
different_speaker,0.12757985293865204
different_speaker,0.07870190590620041
different_speaker,0.0604156069457531
different_speaker,0.1597021520137787
different_speaker,0.1255938559770584
different_speaker,0.11118408292531967
different_speaker,0.09096753597259521
different_speaker,-0.0058268033899366856
different_speaker,0.10899429023265839
different_speaker,0.11295890808105469
different_speaker,0.1266108602285385
different_speaker,0.10055585205554962
different_speaker,-0.053508587181568146
different_speaker,-0.11635085940361023
different_speaker,-0.006588752847164869
different_speaker,-0.05098613351583481
different_speaker,0.05883464962244034
different_speaker,0.044370848685503006
different_speaker,0.08708229660987854
different_speaker,0.06540059298276901
different_speaker,0.06743936985731125
different_speaker,0.01816396974027157
different_speaker,0.03174575790762901
different_speaker,0.05037901550531387
different_speaker,0.05701419711112976
different_speaker,-0.027988504618406296
different_speaker,0.08699851483106613
different_speaker,-0.012469054199755192
different_speaker,-0.038918063044548035
different_speaker,-0.013715466484427452
different_speaker,-0.004915985278785229
different_speaker,-0.0079512819647789
different_speaker,0.10545004904270172
different_speaker,0.15303967893123627
different_speaker,-0.012200074270367622
different_speaker,0.09139477461576462
different_speaker,-0.04019547253847122
different_speaker,0.08938020467758179
different_speaker,0.01517236977815628
different_speaker,0.0625261664390564
different_speaker,0.06657198816537857
different_speaker,0.044916652143001556
different_speaker,0.04336480051279068
different_speaker,0.09403514117002487
different_speaker,0.1308220624923706
different_speaker,0.07578251510858536
different_speaker,0.09397047758102417
different_speaker,0.1159839928150177
different_speaker,0.08350074291229248
different_speaker,0.15432843565940857
different_speaker,0.09697418659925461
different_speaker,0.10889235883951187
different_speaker,0.08973724395036697
different_speaker,0.07403076440095901
different_speaker,0.12212353199720383
different_speaker,0.17448528110980988
different_speaker,0.0897887796163559
different_speaker,0.12019810080528259
different_speaker,0.1943960040807724
different_speaker,0.16823236644268036
different_speaker,0.16110484302043915
different_speaker,0.15198980271816254
different_speaker,0.11809580028057098
different_speaker,0.12838904559612274
different_speaker,0.03458186611533165
different_speaker,0.1716759353876114
different_speaker,0.1676413118839264
different_speaker,0.004099338781088591
different_speaker,0.06050688028335571
different_speaker,0.05803390219807625
different_speaker,0.08930038660764694
different_speaker,0.08905913680791855
different_speaker,-0.112098328769207
different_speaker,-0.04573614522814751
different_speaker,-0.12421582639217377
different_speaker,-0.001970228273421526
different_speaker,0.018205255270004272
different_speaker,0.13462521135807037
different_speaker,0.09210291504859924
different_speaker,0.05519024282693863
different_speaker,0.10944104194641113
different_speaker,0.07157210260629654
different_speaker,-0.028757279738783836
different_speaker,-0.051850173622369766
different_speaker,-0.014129377901554108
different_speaker,0.007877479307353497
different_speaker,0.02953576110303402
different_speaker,0.0032280716113746166
different_speaker,-0.07029631733894348
different_speaker,-0.02023405209183693
different_speaker,0.047744300216436386
different_speaker,0.06760582327842712
different_speaker,0.03744639456272125
different_speaker,0.06907613575458527
different_speaker,0.03540750592947006
different_speaker,0.018329551443457603
different_speaker,0.02913396619260311
different_speaker,-0.0632549449801445
different_speaker,-0.0063560656271874905
different_speaker,-0.053453464061021805
different_speaker,-0.028688939288258553
different_speaker,-0.08555834740400314
different_speaker,0.029009157791733742
different_speaker,0.04096732661128044
different_speaker,-0.011365124955773354
different_speaker,0.050098031759262085
different_speaker,0.06583338975906372
different_speaker,0.03354409337043762
different_speaker,-0.01108314748853445
different_speaker,0.008356127887964249
different_speaker,0.026317905634641647
different_speaker,0.09116267412900925
different_speaker,0.12472168356180191
different_speaker,0.1228371188044548
different_speaker,0.13126525282859802
different_speaker,0.09607024490833282
different_speaker,0.07658839970827103
different_speaker,-0.0349002443253994
different_speaker,-0.10227485746145248
different_speaker,-0.10457998514175415
different_speaker,-0.08483090996742249
different_speaker,-0.10796956717967987
different_speaker,0.24094834923744202
different_speaker,0.19374766945838928
different_speaker,0.2076105773448944
different_speaker,0.2389056235551834
different_speaker,0.20137177407741547
different_speaker,-0.11635515838861465
different_speaker,-0.04429672658443451
different_speaker,-0.03762708604335785
different_speaker,-0.054044030606746674
different_speaker,-0.0899568423628807
different_speaker,0.07665027678012848
different_speaker,0.06818113476037979
different_speaker,0.10255035012960434
different_speaker,0.10255330055952072
different_speaker,0.05452459305524826
different_speaker,0.016253581270575523
different_speaker,0.09776700288057327
different_speaker,0.07175655663013458
different_speaker,0.08990729600191116
different_speaker,0.07372670620679855
different_speaker,0.013450895436108112
different_speaker,0.10732938349246979
different_speaker,0.07067863643169403
different_speaker,0.11506520956754684
different_speaker,0.0660097524523735
different_speaker,0.014594485983252525
different_speaker,-0.07613936811685562
different_speaker,0.004085616674274206
different_speaker,0.00018316930800210685
different_speaker,0.037314459681510925
different_speaker,-0.08690108358860016
different_speaker,-0.07490811496973038
different_speaker,-0.08781875669956207
different_speaker,-0.10073507577180862
different_speaker,-0.10021772235631943
different_speaker,0.051772862672805786
different_speaker,0.03538054972887039
different_speaker,0.04392899200320244
different_speaker,0.052630599588155746
different_speaker,0.03831498697400093
different_speaker,0.04720035940408707
different_speaker,0.12237796187400818
different_speaker,0.10060765594244003
different_speaker,0.029670367017388344
different_speaker,0.06659307330846786
different_speaker,0.14115241169929504
different_speaker,0.155542254447937
different_speaker,0.11242453753948212
different_speaker,0.1527775228023529
different_speaker,0.17244353890419006
different_speaker,0.14370578527450562
different_speaker,0.2610836327075958
different_speaker,0.22724011540412903
different_speaker,0.17433886229991913
different_speaker,0.16537676751613617
different_speaker,0.11980808526277542
different_speaker,0.04603410139679909
different_speaker,0.12708309292793274
different_speaker,0.08558183908462524
different_speaker,0.10135103762149811
different_speaker,0.11269731819629669
different_speaker,0.14189748466014862
different_speaker,0.17033562064170837
different_speaker,0.12337791919708252
different_speaker,0.12392491102218628
different_speaker,0.16924047470092773
different_speaker,0.14316637814044952
different_speaker,0.11258896440267563
different_speaker,0.11208146810531616
different_speaker,0.18037211894989014
different_speaker,0.020732780918478966
different_speaker,-0.04035278409719467
different_speaker,-0.007306941319257021
different_speaker,0.0280606709420681
different_speaker,0.008862121030688286
different_speaker,0.14157836139202118
different_speaker,0.1154446229338646
different_speaker,0.10687441378831863
different_speaker,0.12306979298591614
different_speaker,0.12368425726890564
different_speaker,0.06966491788625717
different_speaker,0.13026873767375946
different_speaker,0.0947110503911972
different_speaker,0.04946888983249664
different_speaker,0.038364820182323456
different_speaker,0.026117753237485886
different_speaker,-0.0018388446187600493
different_speaker,0.07806990295648575
different_speaker,0.09429475665092468
different_speaker,-0.026002880185842514
different_speaker,0.054078418761491776
different_speaker,0.04659054055809975
different_speaker,0.06282958388328552
different_speaker,0.1690773218870163
different_speaker,0.10165251046419144
different_speaker,0.00787183828651905
different_speaker,0.04899882897734642
different_speaker,0.04144199192523956
different_speaker,0.014402139000594616
different_speaker,0.038140516728162766
different_speaker,0.41640517115592957
different_speaker,0.44952392578125
different_speaker,0.4460519850254059
different_speaker,0.35808366537094116
different_speaker,0.4731118083000183
different_speaker,0.0977635532617569
different_speaker,0.2780532240867615
different_speaker,0.2724228501319885
different_speaker,0.22440674901008606
different_speaker,0.22893133759498596
different_speaker,0.12313159555196762
different_speaker,0.1289638876914978
different_speaker,0.10133455693721771
different_speaker,0.15184547007083893
different_speaker,0.14086498320102692
different_speaker,0.23725832998752594
different_speaker,0.38165345788002014
different_speaker,0.3349859118461609
different_speaker,0.36904484033584595
different_speaker,0.17342592775821686
different_speaker,0.09759306162595749
different_speaker,0.04643566161394119
different_speaker,0.05800638720393181
different_speaker,0.11432190984487534
different_speaker,0.1248471736907959
different_speaker,0.14055442810058594
different_speaker,0.14630776643753052
different_speaker,0.13440309464931488
different_speaker,0.11007664352655411
different_speaker,0.1519184559583664
different_speaker,0.08333160728216171
different_speaker,0.08941634744405746
different_speaker,0.08652503043413162
different_speaker,0.11436120420694351
different_speaker,0.11282498389482498
different_speaker,0.16936542093753815
different_speaker,0.22952471673488617
different_speaker,0.2501915991306305
different_speaker,0.20714478194713593
different_speaker,0.17126759886741638
different_speaker,-0.0020051777828484774
different_speaker,0.06907357275485992
different_speaker,0.02211681380867958
different_speaker,0.014963698573410511
different_speaker,0.057338371872901917
different_speaker,0.052153896540403366
different_speaker,0.06708382070064545
different_speaker,0.10398025810718536
different_speaker,0.07548879086971283
different_speaker,0.07999876886606216
different_speaker,0.024511488154530525
different_speaker,0.06942029297351837
different_speaker,0.09022872149944305
different_speaker,0.08509033173322678
different_speaker,0.0994376540184021
different_speaker,0.11960352957248688
different_speaker,0.07178612798452377
different_speaker,0.05677745118737221
different_speaker,0.072292260825634
different_speaker,0.009019692428410053
different_speaker,0.157037153840065
different_speaker,0.008171136491000652
different_speaker,0.09657209366559982
different_speaker,0.12910227477550507
different_speaker,-0.0024464239832013845
different_speaker,0.13997609913349152
different_speaker,0.06940414011478424
different_speaker,0.11669023334980011
different_speaker,0.09327253699302673
different_speaker,0.10712572932243347
different_speaker,0.07474667578935623
different_speaker,0.13195407390594482
different_speaker,0.051395051181316376
different_speaker,0.07980147004127502
different_speaker,0.04880962893366814
different_speaker,0.162811279296875
different_speaker,0.09579803794622421
different_speaker,0.11906351149082184
different_speaker,0.15752267837524414
different_speaker,0.14040185511112213
different_speaker,0.15671060979366302
different_speaker,0.18139216303825378
different_speaker,0.14573383331298828
different_speaker,0.17245537042617798
different_speaker,0.13114434480667114
different_speaker,0.06305456906557083
different_speaker,0.050205256789922714
different_speaker,0.10619830340147018
different_speaker,0.1025010272860527
different_speaker,0.07413633167743683
different_speaker,0.06569625437259674
different_speaker,0.06144202500581741
different_speaker,0.0885041207075119
different_speaker,0.05826035514473915
different_speaker,0.07309486716985703
different_speaker,0.12413330376148224
different_speaker,0.11380753666162491
different_speaker,0.0876006931066513
different_speaker,0.10049085319042206
different_speaker,0.1372770220041275
different_speaker,0.06940245628356934
different_speaker,0.021416068077087402
different_speaker,-0.0011782837100327015
different_speaker,0.0748625174164772
different_speaker,0.055897969752550125
different_speaker,0.0392642505466938
different_speaker,0.017063459381461143
different_speaker,0.027510909363627434
different_speaker,0.036653075367212296
different_speaker,0.01447591558098793
different_speaker,0.12487556040287018
different_speaker,0.18596839904785156
different_speaker,0.1627635508775711
different_speaker,0.06560871750116348
different_speaker,0.08526705950498581
different_speaker,0.08304372429847717
different_speaker,0.05264229699969292
different_speaker,0.11360315978527069
different_speaker,0.11123543977737427
different_speaker,0.036341480910778046
different_speaker,0.027536816895008087
different_speaker,0.009393120184540749
different_speaker,0.060491450130939484
different_speaker,0.14042046666145325
different_speaker,0.05413851514458656
different_speaker,0.03014366328716278
different_speaker,0.04037842899560928
different_speaker,0.043509501963853836
different_speaker,0.018621081486344337
different_speaker,0.030861064791679382
different_speaker,0.30552974343299866
different_speaker,0.3327876627445221
different_speaker,0.3213749825954437
different_speaker,0.25199753046035767
different_speaker,0.4166205823421478
different_speaker,0.08358968794345856
different_speaker,0.1988992840051651
different_speaker,0.1893354207277298
different_speaker,0.13992059230804443
different_speaker,0.13133254647254944
different_speaker,0.07448373734951019
different_speaker,0.06531079113483429
different_speaker,0.09619684517383575
different_speaker,0.10236690938472748
different_speaker,0.07961487025022507
different_speaker,0.1950816810131073
different_speaker,0.32334551215171814
different_speaker,0.2967173755168915
different_speaker,0.3034406900405884
different_speaker,0.18781808018684387
different_speaker,0.10032054781913757
different_speaker,0.05498380586504936
different_speaker,0.08081437647342682
different_speaker,0.11272977292537689
different_speaker,0.13772642612457275
different_speaker,0.022388257086277008
different_speaker,0.03381561115384102
different_speaker,0.07342623919248581
different_speaker,0.07280398905277252
different_speaker,0.06877175718545914
different_speaker,0.23938336968421936
different_speaker,0.16129322350025177
different_speaker,0.15985386073589325
different_speaker,0.1524563878774643
different_speaker,0.16004884243011475
different_speaker,0.19567471742630005
different_speaker,0.2450394481420517
different_speaker,0.2912800908088684
different_speaker,0.2389163374900818
different_speaker,0.20351439714431763
different_speaker,-0.02074245549738407
different_speaker,0.026498064398765564
different_speaker,-0.020196782425045967
different_speaker,0.0011154774110764265
different_speaker,0.010533394291996956
different_speaker,0.02856643870472908
different_speaker,0.032654114067554474
different_speaker,0.06791742891073227
different_speaker,0.04469241574406624
different_speaker,0.03425520658493042
different_speaker,0.018165994435548782
different_speaker,0.05157194286584854
different_speaker,0.09626606106758118
different_speaker,0.10114888101816177
different_speaker,0.09881465882062912
different_speaker,0.026818379759788513
different_speaker,-0.0007742397719994187
different_speaker,0.00806951243430376
different_speaker,0.06458915024995804
different_speaker,-0.010303388349711895
different_speaker,0.19994741678237915
different_speaker,0.05653619021177292
different_speaker,0.15354618430137634
different_speaker,0.16329161822795868
different_speaker,0.04689571633934975
different_speaker,0.04905198886990547
different_speaker,0.03496140241622925
different_speaker,0.05027591809630394
different_speaker,0.03466179594397545
different_speaker,0.016809305176138878
different_speaker,0.022649217396974564
different_speaker,0.07263673841953278
different_speaker,0.03902652487158775
different_speaker,0.007553457748144865
different_speaker,0.049025241285562515
different_speaker,0.11378128081560135
different_speaker,0.10033100843429565
different_speaker,0.11173326522111893
different_speaker,0.10584715008735657
different_speaker,0.13212619721889496
different_speaker,0.11928772926330566
different_speaker,0.21625208854675293
different_speaker,0.18008661270141602
different_speaker,0.12961997091770172
different_speaker,0.12692458927631378
different_speaker,0.12131775170564651
different_speaker,0.129712775349617
different_speaker,0.14444153010845184
different_speaker,0.14286291599273682
different_speaker,0.09526697546243668
different_speaker,0.12017890065908432
different_speaker,0.13992217183113098
different_speaker,0.17447370290756226
different_speaker,0.14863497018814087
different_speaker,0.11919336766004562
different_speaker,0.10188273340463638
different_speaker,0.09401574730873108
different_speaker,0.06009136512875557
different_speaker,0.061107855290174484
different_speaker,0.12491384893655777
different_speaker,0.07563351094722748
different_speaker,0.03646699711680412
different_speaker,0.02869882434606552
different_speaker,0.06344430893659592
different_speaker,0.04931236058473587
different_speaker,0.19216634333133698
different_speaker,0.15062935650348663
different_speaker,0.16449016332626343
different_speaker,0.1633121371269226
different_speaker,0.15211336314678192
different_speaker,0.10279493778944016
different_speaker,0.16449368000030518
different_speaker,0.0990113765001297
different_speaker,0.045581985265016556
different_speaker,0.060141149908304214
different_speaker,0.04203680530190468
different_speaker,0.02074769325554371
different_speaker,0.08813547343015671
different_speaker,0.08170243352651596
different_speaker,-0.011812361888587475
different_speaker,-0.0002620183222461492
different_speaker,0.022292708978056908
different_speaker,0.02128560282289982
different_speaker,0.1497434824705124
different_speaker,0.09838182479143143
different_speaker,0.043184250593185425
different_speaker,0.06862744688987732
different_speaker,0.051296595484018326
different_speaker,0.05047525465488434
different_speaker,0.06816437095403671
different_speaker,0.2937621772289276
different_speaker,0.34586066007614136
different_speaker,0.3238432705402374
different_speaker,0.24713723361492157
different_speaker,0.3634137511253357
different_speaker,0.09931468963623047
different_speaker,0.30279991030693054
different_speaker,0.2986307740211487
different_speaker,0.23194436728954315
different_speaker,0.23904089629650116
different_speaker,0.07140367478132248
different_speaker,0.11500255018472672
different_speaker,0.07750948518514633
different_speaker,0.14864875376224518
different_speaker,0.11520728468894958
different_speaker,0.20003576576709747
different_speaker,0.33577975630760193
different_speaker,0.316633403301239
different_speaker,0.32291191816329956
different_speaker,0.14129266142845154
different_speaker,0.05446544662117958
different_speaker,0.015362276695668697
different_speaker,0.01609559915959835
different_speaker,0.05296400561928749
different_speaker,0.08150636404752731
different_speaker,0.06421638280153275
different_speaker,0.15491309762001038
different_speaker,0.1265459805727005
different_speaker,0.10088171809911728
different_speaker,0.12352345883846283
different_speaker,0.10045036673545837
different_speaker,0.1112561896443367
different_speaker,0.11957628279924393
different_speaker,0.07779751718044281
different_speaker,0.10734166949987411
different_speaker,0.20026397705078125
different_speaker,0.21646256744861603
different_speaker,0.26522406935691833
different_speaker,0.2096557468175888
different_speaker,0.19190360605716705
different_speaker,-0.06909296661615372
different_speaker,0.023212319239974022
different_speaker,-0.01178419217467308
different_speaker,-0.0013513562735170126
different_speaker,-0.0007339713047258556
different_speaker,-0.02847076579928398
different_speaker,0.016427727416157722
different_speaker,0.04088560491800308
different_speaker,0.05720440670847893
different_speaker,-0.02348189800977707
different_speaker,0.03715080767869949
different_speaker,0.05742361769080162
different_speaker,0.08052165061235428
different_speaker,0.077760249376297
different_speaker,0.08986574411392212
different_speaker,0.14411507546901703
different_speaker,0.07347482442855835
different_speaker,0.07083529978990555
different_speaker,0.10303270071744919
different_speaker,0.017468372359871864
different_speaker,0.17113426327705383
different_speaker,0.07197071611881256
different_speaker,0.11304406076669693
different_speaker,0.18465973436832428
different_speaker,0.00940545741468668
different_speaker,0.09035679697990417
different_speaker,0.040226809680461884
different_speaker,0.09058701992034912
different_speaker,0.0502963550388813
different_speaker,0.06192757561802864
different_speaker,0.09505218267440796
different_speaker,0.20723998546600342
different_speaker,0.12982597947120667
different_speaker,0.09900814294815063
different_speaker,0.11461842060089111
different_speaker,0.22556042671203613
different_speaker,0.14476102590560913
different_speaker,0.17831099033355713
different_speaker,0.23121489584445953
different_speaker,0.21363465487957
different_speaker,0.19172531366348267
different_speaker,0.1996181160211563
different_speaker,0.1830364316701889
different_speaker,0.18369020521640778
different_speaker,0.1793621927499771
different_speaker,0.06119353696703911
different_speaker,0.05757526680827141
different_speaker,0.09256085008382797
different_speaker,0.07588421553373337
different_speaker,0.061853595077991486
different_speaker,0.10056252777576447
different_speaker,0.10526249557733536
different_speaker,0.10308755189180374
different_speaker,0.12599055469036102
different_speaker,0.10234159231185913
different_speaker,0.13208116590976715
different_speaker,0.13352598249912262
different_speaker,0.09077820181846619
different_speaker,0.08017563074827194
different_speaker,0.13380254805088043
different_speaker,0.045808304101228714
different_speaker,0.020868675783276558
different_speaker,0.006781996227800846
different_speaker,0.08122911304235458
different_speaker,0.07657168805599213
different_speaker,0.16385291516780853
different_speaker,0.18233750760555267
different_speaker,0.16265220940113068
different_speaker,0.15460839867591858
different_speaker,0.14443820714950562
different_speaker,0.1765856146812439
different_speaker,0.2450488656759262
different_speaker,0.228520005941391
different_speaker,0.06298922747373581
different_speaker,0.11409994214773178
different_speaker,0.1269039809703827
different_speaker,0.06696426123380661
different_speaker,0.115876704454422
different_speaker,0.08016858994960785
different_speaker,0.013242159970104694
different_speaker,0.025064941495656967
different_speaker,0.00020709347154479474
different_speaker,0.0347726009786129
different_speaker,0.136287122964859
different_speaker,0.04480302706360817
different_speaker,0.07134677469730377
different_speaker,0.10541855543851852
different_speaker,0.11044958233833313
different_speaker,0.03922482207417488
different_speaker,0.07197006046772003
different_speaker,0.33836179971694946
different_speaker,0.3534485101699829
different_speaker,0.34073811769485474
different_speaker,0.30455222725868225
different_speaker,0.4242883622646332
different_speaker,0.09792106598615646
different_speaker,0.17003075778484344
different_speaker,0.1873762160539627
different_speaker,0.11943333595991135
different_speaker,0.17800454795360565
different_speaker,0.1567399650812149
different_speaker,0.17060893774032593
different_speaker,0.13355916738510132
different_speaker,0.15887364745140076
different_speaker,0.14419449865818024
different_speaker,0.19853828847408295
different_speaker,0.3317391872406006
different_speaker,0.30803751945495605
different_speaker,0.3159123957157135
different_speaker,0.17057308554649353
different_speaker,0.10560061037540436
different_speaker,0.043533679097890854
different_speaker,0.07853240519762039
different_speaker,0.1087457463145256
different_speaker,0.07905002683401108
different_speaker,0.031093034893274307
different_speaker,0.06013836711645126
different_speaker,0.11309574544429779
different_speaker,0.11138152331113815
different_speaker,0.13065080344676971
different_speaker,0.15643750131130219
different_speaker,0.0937977284193039
different_speaker,0.1273442506790161
different_speaker,0.12211586534976959
different_speaker,0.11489219218492508
different_speaker,0.21908855438232422
different_speaker,0.22269444167613983
different_speaker,0.25776994228363037
different_speaker,0.22198212146759033
different_speaker,0.24784456193447113
different_speaker,0.022421961650252342
different_speaker,0.06993266940116882
different_speaker,0.05967199429869652
different_speaker,0.054551862180233
different_speaker,0.04362768307328224
different_speaker,0.09645746648311615
different_speaker,0.09375274181365967
different_speaker,0.125929594039917
different_speaker,0.08476777374744415
different_speaker,0.11651395261287689
different_speaker,0.014713674783706665
different_speaker,0.0594121515750885
different_speaker,0.06583678722381592
different_speaker,0.0709390863776207
different_speaker,0.0770546942949295
different_speaker,0.06861427426338196
different_speaker,0.015428808517754078
different_speaker,0.04495588317513466
different_speaker,0.012774738483130932
different_speaker,-0.016815293580293655
different_speaker,0.144220769405365
different_speaker,0.013551847077906132
different_speaker,0.11399629712104797
different_speaker,0.14502021670341492
different_speaker,0.04726509004831314
different_speaker,0.0956026017665863
different_speaker,0.07855482399463654
different_speaker,0.08918599039316177
different_speaker,0.06098039448261261
different_speaker,0.0779598206281662
different_speaker,0.02908967435359955
different_speaker,0.16475477814674377
different_speaker,0.03604543209075928
different_speaker,0.02952476404607296
different_speaker,0.03329366073012352
different_speaker,0.17151695489883423
different_speaker,0.1259419471025467
different_speaker,0.15963034331798553
different_speaker,0.1667037457227707
different_speaker,0.1950935423374176
different_speaker,0.11141340434551239
different_speaker,0.23115533590316772
different_speaker,0.21134470403194427
different_speaker,0.13585427403450012
different_speaker,0.12086830288171768
different_speaker,0.14019691944122314
different_speaker,0.09330004453659058
different_speaker,0.15176346898078918
different_speaker,0.1342305988073349
different_speaker,0.11147011071443558
different_speaker,0.11384574323892593
different_speaker,0.12487533688545227
different_speaker,0.16008853912353516
different_speaker,0.11801265180110931
different_speaker,0.12035536766052246
different_speaker,0.16257953643798828
different_speaker,0.1375526338815689
different_speaker,0.08894824981689453
different_speaker,0.11218088120222092
different_speaker,0.16550827026367188
different_speaker,0.024321645498275757
different_speaker,-0.031480371952056885
different_speaker,-0.032787054777145386
different_speaker,0.026881126686930656
different_speaker,-0.009122952818870544
different_speaker,0.14922188222408295
different_speaker,0.1504277139902115
different_speaker,0.1556178629398346
different_speaker,0.12066714465618134
different_speaker,0.11285597831010818
different_speaker,0.09077725559473038
different_speaker,0.16007791459560394
different_speaker,0.11715921014547348
different_speaker,0.0676421970129013
different_speaker,0.04246038198471069
different_speaker,0.06786853075027466
different_speaker,0.04317812621593475
different_speaker,0.10971105843782425
different_speaker,0.11925630271434784
different_speaker,-0.0039785997942090034
different_speaker,0.026142794638872147
different_speaker,0.028472574427723885
different_speaker,0.04233874753117561
different_speaker,0.1501050740480423
different_speaker,0.08664693683385849
different_speaker,0.022399386391043663
different_speaker,0.028021661564707756
different_speaker,0.051657553762197495
different_speaker,0.03350115194916725
different_speaker,0.05823126062750816
different_speaker,0.3483719229698181
different_speaker,0.4002227783203125
different_speaker,0.41239336133003235
different_speaker,0.3194434940814972
different_speaker,0.4384121000766754
different_speaker,0.0832073986530304
different_speaker,0.24031122028827667
different_speaker,0.22372671961784363
different_speaker,0.15456163883209229
different_speaker,0.18744611740112305
different_speaker,0.12060780078172684
different_speaker,0.12719687819480896
different_speaker,0.08554818481206894
different_speaker,0.1436554491519928
different_speaker,0.12741737067699432
different_speaker,0.24077272415161133
different_speaker,0.3887805640697479
different_speaker,0.36332234740257263
different_speaker,0.37983208894729614
different_speaker,0.21677641570568085
different_speaker,0.05206898972392082
different_speaker,0.022237583994865417
different_speaker,0.023809757083654404
different_speaker,0.060947537422180176
different_speaker,0.066215880215168
different_speaker,0.12174925953149796
different_speaker,0.11392807960510254
different_speaker,0.14237797260284424
different_speaker,0.11091984063386917
different_speaker,0.14571218192577362
different_speaker,0.15276922285556793
different_speaker,0.06853882968425751
different_speaker,0.11373229324817657
different_speaker,0.12011999636888504
different_speaker,0.10838109999895096
different_speaker,0.19461151957511902
different_speaker,0.22658847272396088
different_speaker,0.26059362292289734
different_speaker,0.22493137419223785
different_speaker,0.1863330453634262
different_speaker,0.0223765317350626
different_speaker,0.09409920871257782
different_speaker,0.0624685063958168
different_speaker,0.06946730613708496
different_speaker,0.06825363636016846
different_speaker,0.033887773752212524
different_speaker,0.10887236893177032
different_speaker,0.0877145454287529
different_speaker,0.1230279803276062
different_speaker,0.05591332167387009
different_speaker,0.0040734088979661465
different_speaker,0.065358467400074
different_speaker,0.09218022227287292
different_speaker,0.08927121758460999
different_speaker,0.10486267507076263
different_speaker,0.09983097016811371
different_speaker,-0.01965818554162979
different_speaker,-0.004345463588833809
different_speaker,0.05414138361811638
different_speaker,-0.01202809065580368
different_speaker,0.08667290955781937
different_speaker,-0.002029811730608344
different_speaker,0.06962501257658005
different_speaker,0.06453850120306015
different_speaker,-0.03372374176979065
different_speaker,0.12737278640270233
different_speaker,0.1388314813375473
different_speaker,0.07782810181379318
different_speaker,0.16903749108314514
different_speaker,0.16196474432945251
different_speaker,0.24934270977973938
different_speaker,0.17176704108715057
different_speaker,0.2063765823841095
different_speaker,0.182661771774292
different_speaker,0.1179923489689827
different_speaker,0.06845945119857788
different_speaker,0.045891888439655304
different_speaker,0.03830787166953087
different_speaker,0.12430688738822937
different_speaker,0.05489137023687363
different_speaker,0.1827813982963562
different_speaker,0.18097274005413055
different_speaker,0.19889238476753235
different_speaker,0.21050842106342316
different_speaker,0.21008697152137756
different_speaker,0.19067688286304474
different_speaker,0.1672946661710739
different_speaker,0.1788320392370224
different_speaker,0.18586252629756927
different_speaker,0.1835191547870636
different_speaker,0.29723918437957764
different_speaker,0.263224720954895
different_speaker,0.2749175429344177
different_speaker,0.22629839181900024
different_speaker,0.24693985283374786
different_speaker,0.1902122050523758
different_speaker,0.09045003354549408
different_speaker,0.08615007996559143
different_speaker,0.14831608533859253
different_speaker,0.11929749697446823
different_speaker,0.019893672317266464
different_speaker,-0.0123647665604949
different_speaker,0.03660169243812561
different_speaker,0.008795377798378468
different_speaker,-0.002693904098123312
different_speaker,0.2357325404882431
different_speaker,0.17392274737358093
different_speaker,0.25000718235969543
different_speaker,0.18325597047805786
different_speaker,0.14117053151130676
different_speaker,0.15920598804950714
different_speaker,0.1865035593509674
different_speaker,0.16783560812473297
different_speaker,0.12938544154167175
different_speaker,0.17747250199317932
different_speaker,0.17873860895633698
different_speaker,0.15978579223155975
different_speaker,0.13294057548046112
different_speaker,0.06553556770086288
different_speaker,0.1559583693742752
different_speaker,0.14122425019741058
different_speaker,0.22170111536979675
different_speaker,0.23617245256900787
different_speaker,0.1809762567281723
different_speaker,0.18895123898983002
different_speaker,0.05884533002972603
different_speaker,0.04563736543059349
different_speaker,0.0317794606089592
different_speaker,0.06970833241939545
different_speaker,0.07823013514280319
different_speaker,-0.008753223344683647
different_speaker,0.004162209574133158
different_speaker,0.0258554108440876
different_speaker,0.010119722224771976
different_speaker,-0.017038138583302498
different_speaker,-0.013632605783641338
different_speaker,-0.04184382036328316
different_speaker,0.016749544069170952
different_speaker,0.038734015077352524
different_speaker,-0.02162526547908783
different_speaker,0.04273592308163643
different_speaker,0.0003551685658749193
different_speaker,0.012562197633087635
different_speaker,-0.04479902982711792
different_speaker,0.1296016275882721
different_speaker,0.133672833442688
different_speaker,0.07372818887233734
different_speaker,0.13419374823570251
different_speaker,0.08634159713983536
different_speaker,0.11103831231594086
different_speaker,0.10181698203086853
different_speaker,0.14698272943496704
different_speaker,0.11689170449972153
different_speaker,0.10299069434404373
different_speaker,0.06314291805028915
different_speaker,0.1341642290353775
different_speaker,0.1801740527153015
different_speaker,0.13793548941612244
different_speaker,0.08821358531713486
different_speaker,0.18589867651462555
different_speaker,0.02321682870388031
different_speaker,0.08033034950494766
different_speaker,0.0894843265414238
different_speaker,0.07579459249973297
different_speaker,0.059311117976903915
different_speaker,-0.03745853528380394
different_speaker,-0.05903095752000809
different_speaker,-0.028990810737013817
different_speaker,-0.037280891090631485
different_speaker,-0.014277620241045952
different_speaker,0.039110906422138214
different_speaker,-0.004990863613784313
different_speaker,-0.018412424251437187
different_speaker,0.017206644639372826
different_speaker,-0.007983953692018986
different_speaker,0.1936078667640686
different_speaker,0.21920837461948395
different_speaker,0.25277388095855713
different_speaker,0.2641623616218567
different_speaker,0.29431048035621643
different_speaker,-0.05772139132022858
different_speaker,0.002143995137885213
different_speaker,-0.06463053822517395
different_speaker,-0.09095548838376999
different_speaker,0.07504818588495255
different_speaker,0.1841730773448944
different_speaker,0.17300322651863098
different_speaker,0.23188996315002441
different_speaker,0.192834734916687
different_speaker,0.16902844607830048
different_speaker,0.09766440838575363
different_speaker,0.11417549848556519
different_speaker,0.032932255417108536
different_speaker,0.1404048651456833
different_speaker,0.12264827638864517
different_speaker,0.18126414716243744
different_speaker,0.146269753575325
different_speaker,0.1530999094247818
different_speaker,0.17805394530296326
different_speaker,0.10593283176422119
different_speaker,0.02556181140244007
different_speaker,0.01838548853993416
different_speaker,0.036333221942186356
different_speaker,0.06508677452802658
different_speaker,0.007152397185564041
different_speaker,0.12242043763399124
different_speaker,0.17527619004249573
different_speaker,0.14963240921497345
different_speaker,0.16715167462825775
different_speaker,0.16696658730506897
different_speaker,0.2508285641670227
different_speaker,0.2271130234003067
different_speaker,0.27228662371635437
different_speaker,0.24282559752464294
different_speaker,0.22923235595226288
different_speaker,0.21684473752975464
different_speaker,0.19666369259357452
different_speaker,0.22036193311214447
different_speaker,0.13546887040138245
different_speaker,0.17806577682495117
different_speaker,0.20894920825958252
different_speaker,0.13141749799251556
different_speaker,0.10125339031219482
different_speaker,0.17816567420959473
different_speaker,0.18065565824508667
different_speaker,0.043832600116729736
different_speaker,0.0058775427751243114
different_speaker,0.05102502182126045
different_speaker,0.03628943860530853
different_speaker,0.033597368746995926
different_speaker,0.26242679357528687
different_speaker,0.2006550431251526
different_speaker,0.27579423785209656
different_speaker,0.19664978981018066
different_speaker,0.17436231672763824
different_speaker,0.18714305758476257
different_speaker,0.19105273485183716
different_speaker,0.13475929200649261
different_speaker,0.10991771519184113
different_speaker,0.1546236276626587
different_speaker,0.1170690581202507
different_speaker,0.08340631425380707
different_speaker,0.06978848576545715
different_speaker,0.0003512450202833861
different_speaker,0.11878654360771179
different_speaker,0.0783110037446022
different_speaker,0.20622386038303375
different_speaker,0.19748064875602722
different_speaker,0.20784501731395721
different_speaker,0.17476920783519745
different_speaker,0.047880884259939194
different_speaker,0.045555658638477325
different_speaker,0.027324218302965164
different_speaker,0.11129262298345566
different_speaker,0.0478135347366333
different_speaker,-0.04346873611211777
different_speaker,0.0022491742856800556
different_speaker,0.008550873957574368
different_speaker,-0.0007475485326722264
different_speaker,-0.020082704722881317
different_speaker,-0.03326946124434471
different_speaker,-0.03563094511628151
different_speaker,-0.039326515048742294
different_speaker,0.02084646187722683
different_speaker,-0.054976098239421844
different_speaker,0.1159171536564827
different_speaker,0.07794445008039474
different_speaker,0.08528652787208557
different_speaker,-0.002243177266791463
different_speaker,0.17900748550891876
different_speaker,0.05328231304883957
different_speaker,0.023749060928821564
different_speaker,0.06045658141374588
different_speaker,0.043872568756341934
different_speaker,0.044712185859680176
different_speaker,0.11621911823749542
different_speaker,0.18816252052783966
different_speaker,0.13289421796798706
different_speaker,0.14854076504707336
different_speaker,0.12374012172222137
different_speaker,0.03173432871699333
different_speaker,0.09474658966064453
different_speaker,0.011292210780084133
different_speaker,-0.020526409149169922
different_speaker,0.08844924718141556
different_speaker,0.05570530518889427
different_speaker,0.12296698987483978
different_speaker,0.11320693045854568
different_speaker,0.12038808315992355
different_speaker,0.09582038223743439
different_speaker,-0.01023171842098236
different_speaker,-0.05121469870209694
different_speaker,-0.006024724803864956
different_speaker,-0.01556519977748394
different_speaker,-0.013108971528708935
different_speaker,0.04775545373558998
different_speaker,-0.037668004631996155
different_speaker,-0.018477775156497955
different_speaker,0.011039938777685165
different_speaker,0.0056937141343951225
different_speaker,0.09160945564508438
different_speaker,0.10559985786676407
different_speaker,0.11516552418470383
different_speaker,0.13194744288921356
different_speaker,0.17084400355815887
different_speaker,0.052941326051950455
different_speaker,0.07162339240312576
different_speaker,-0.027075551450252533
different_speaker,-0.007461304310709238
different_speaker,0.11527542024850845
different_speaker,0.1478450447320938
different_speaker,0.14584283530712128
different_speaker,0.18410417437553406
different_speaker,0.1625218242406845
different_speaker,0.1384509950876236
different_speaker,0.048377636820077896
different_speaker,0.037773892283439636
different_speaker,0.033746324479579926
different_speaker,0.09243704378604889
different_speaker,0.10870669782161713
different_speaker,0.1877359002828598
different_speaker,0.13257108628749847
different_speaker,0.13895191252231598
different_speaker,0.13127923011779785
different_speaker,0.05904546007514
different_speaker,0.05802356079220772
different_speaker,0.09419059753417969
different_speaker,0.10863429307937622
different_speaker,0.11645323038101196
different_speaker,0.05221514776349068
different_speaker,0.13300296664237976
different_speaker,0.1396438032388687
different_speaker,0.1690538227558136
different_speaker,0.21260212361812592
different_speaker,0.15058709681034088
different_speaker,0.18105822801589966
different_speaker,0.14353635907173157
different_speaker,0.178122878074646
different_speaker,0.18793925642967224
different_speaker,0.18187899887561798
different_speaker,0.19744770228862762
different_speaker,0.21848668158054352
different_speaker,0.2157207578420639
different_speaker,0.13466805219650269
different_speaker,0.15147541463375092
different_speaker,0.2491617351770401
different_speaker,0.11669876426458359
different_speaker,0.09918230772018433
different_speaker,0.1741822510957718
different_speaker,0.16955788433551788
different_speaker,0.07121092081069946
different_speaker,0.05359535664319992
different_speaker,0.0960744321346283
different_speaker,0.057509277015924454
different_speaker,0.05445512384176254
different_speaker,0.26899006962776184
different_speaker,0.21913224458694458
different_speaker,0.2657080888748169
different_speaker,0.18546421825885773
different_speaker,0.13667628169059753
different_speaker,0.21451307833194733
different_speaker,0.24138778448104858
different_speaker,0.25315573811531067
different_speaker,0.18502485752105713
different_speaker,0.24334031343460083
different_speaker,0.17120416462421417
different_speaker,0.12238467484712601
different_speaker,0.12826190888881683
different_speaker,0.020632630214095116
different_speaker,0.1388576179742813
different_speaker,0.10353073477745056
different_speaker,0.2434253990650177
different_speaker,0.24926815927028656
different_speaker,0.20144128799438477
different_speaker,0.2252863496541977
different_speaker,0.08566788583993912
different_speaker,0.051125530153512955
different_speaker,0.08151586353778839
different_speaker,0.09143998473882675
different_speaker,0.08853931725025177
different_speaker,0.05362095311284065
different_speaker,0.08183693140745163
different_speaker,0.07951372116804123
different_speaker,0.06597575545310974
different_speaker,0.07825334370136261
different_speaker,-0.017423240467905998
different_speaker,-0.049652099609375
different_speaker,-0.018533192574977875
different_speaker,0.0231447983533144
different_speaker,-0.04720768705010414
different_speaker,0.02811388485133648
different_speaker,0.010313763283193111
different_speaker,0.01725686714053154
different_speaker,-0.048695825040340424
different_speaker,0.07341569662094116
different_speaker,0.08837452530860901
different_speaker,0.0712641179561615
different_speaker,0.10755719244480133
different_speaker,0.0803147405385971
different_speaker,0.09115459024906158
different_speaker,0.12301966547966003
different_speaker,0.17217551171779633
different_speaker,0.1355856955051422
different_speaker,0.15259407460689545
different_speaker,0.11935728043317795
different_speaker,0.1371738463640213
different_speaker,0.18475259840488434
different_speaker,0.10179499536752701
different_speaker,0.05340101569890976
different_speaker,0.14021721482276917
different_speaker,0.07308411598205566
different_speaker,0.13098867237567902
different_speaker,0.12859997153282166
different_speaker,0.1316855400800705
different_speaker,0.15051446855068207
different_speaker,0.012164759449660778
different_speaker,-0.0003247185086365789
different_speaker,0.00723933195695281
different_speaker,-0.008168596774339676
different_speaker,0.0331486351788044
different_speaker,-0.0063087670132517815
different_speaker,-0.044321637600660324
different_speaker,-0.04008543863892555
different_speaker,-0.043773967772722244
different_speaker,-0.03063548542559147
different_speaker,0.1832016557455063
different_speaker,0.21167704463005066
different_speaker,0.20400604605674744
different_speaker,0.22528468072414398
different_speaker,0.28276512026786804
different_speaker,0.06409697234630585
different_speaker,0.07684190571308136
different_speaker,0.017684055492281914
different_speaker,-0.03681585192680359
different_speaker,0.08655701577663422
different_speaker,0.15667270123958588
different_speaker,0.1193297728896141
different_speaker,0.18422101438045502
different_speaker,0.1509116142988205
different_speaker,0.14133146405220032
different_speaker,0.10455254465341568
different_speaker,0.13066129386425018
different_speaker,0.10797276347875595
different_speaker,0.16040752828121185
different_speaker,0.15632231533527374
different_speaker,0.18398600816726685
different_speaker,0.1422845870256424
different_speaker,0.14879387617111206
different_speaker,0.13243165612220764
different_speaker,0.10445055365562439
different_speaker,0.10810811817646027
different_speaker,0.11626895517110825
different_speaker,0.1263616532087326
different_speaker,0.16224409639835358
different_speaker,0.11633116751909256
different_speaker,0.10421470552682877
different_speaker,0.12648263573646545
different_speaker,0.1423010230064392
different_speaker,0.17217399179935455
different_speaker,0.13514107465744019
different_speaker,0.18724074959754944
different_speaker,0.15706905722618103
different_speaker,0.2080269753932953
different_speaker,0.1990577131509781
different_speaker,0.16928713023662567
different_speaker,0.18562375009059906
different_speaker,0.18180006742477417
different_speaker,0.16192248463630676
different_speaker,0.12855985760688782
different_speaker,0.1510135382413864
different_speaker,0.2059851735830307
different_speaker,0.12565681338310242
different_speaker,0.10015983134508133
different_speaker,0.22157135605812073
different_speaker,0.17132078111171722
different_speaker,0.043542034924030304
different_speaker,0.0021947105415165424
different_speaker,0.04203018918633461
different_speaker,0.039101455360651016
different_speaker,0.03727332502603531
different_speaker,0.2315220981836319
different_speaker,0.22167569398880005
different_speaker,0.2619740068912506
different_speaker,0.1891867220401764
different_speaker,0.1389961987733841
different_speaker,0.151437908411026
different_speaker,0.1440057009458542
different_speaker,0.11658218502998352
different_speaker,0.08457379788160324
different_speaker,0.13842205703258514
different_speaker,0.20264165103435516
different_speaker,0.13915489614009857
different_speaker,0.17333348095417023
different_speaker,0.06593172252178192
different_speaker,0.17626647651195526
different_speaker,0.12218715995550156
different_speaker,0.2726474404335022
different_speaker,0.2575418949127197
different_speaker,0.20855718851089478
different_speaker,0.2325560450553894
different_speaker,0.07314272224903107
different_speaker,0.05634039267897606
different_speaker,0.06199602037668228
different_speaker,0.11559479683637619
different_speaker,0.08052891492843628
different_speaker,0.01506299152970314
different_speaker,0.0167705025523901
different_speaker,0.03377220407128334
different_speaker,0.0419829860329628
different_speaker,0.017973627895116806
different_speaker,0.0007162819383665919
different_speaker,-0.04704776778817177
different_speaker,-0.00909790676087141
different_speaker,0.035025037825107574
different_speaker,0.003790076356381178
different_speaker,0.12428493797779083
different_speaker,0.08831186592578888
different_speaker,0.1040734201669693
different_speaker,-0.007737733423709869
different_speaker,0.1403745412826538
different_speaker,0.09557974338531494
different_speaker,0.055749647319316864
different_speaker,0.10624276846647263
different_speaker,0.08659432828426361
different_speaker,0.11121407896280289
different_speaker,0.11526104062795639
different_speaker,0.20660904049873352
different_speaker,0.14893794059753418
different_speaker,0.1774560958147049
different_speaker,0.11513180285692215
different_speaker,0.1253574937582016
different_speaker,0.16667410731315613
different_speaker,0.08854895085096359
different_speaker,0.0420820377767086
different_speaker,0.16412341594696045
different_speaker,0.05320316553115845
different_speaker,0.1007135659456253
different_speaker,0.09462542086839676
different_speaker,0.10299041122198105
different_speaker,0.11541198939085007
different_speaker,0.04993659630417824
different_speaker,0.008528103120625019
different_speaker,0.017271164804697037
different_speaker,0.01539897732436657
different_speaker,0.043437857180833817
different_speaker,0.09997010976076126
different_speaker,-5.6442855566274375e-05
different_speaker,0.031282734125852585
different_speaker,0.0282933097332716
different_speaker,0.04762273281812668
different_speaker,0.16443221271038055
different_speaker,0.19912850856781006
different_speaker,0.20534591376781464
different_speaker,0.2178453654050827
different_speaker,0.284846693277359
different_speaker,0.05019068717956543
different_speaker,0.09443230926990509
different_speaker,0.0013290587812662125
different_speaker,-0.026742422953248024
different_speaker,0.12167985737323761
different_speaker,0.10274535417556763
different_speaker,0.09317892789840698
different_speaker,0.13572284579277039
different_speaker,0.102427177131176
different_speaker,0.07460855692625046
different_speaker,0.09960678964853287
different_speaker,0.12611232697963715
different_speaker,0.05275667458772659
different_speaker,0.1445552408695221
different_speaker,0.137611985206604
different_speaker,0.2324531376361847
different_speaker,0.17497681081295013
different_speaker,0.20754310488700867
different_speaker,0.20136971771717072
different_speaker,0.14137300848960876
different_speaker,0.12629033625125885
different_speaker,0.0851631611585617
different_speaker,0.13080091774463654
different_speaker,0.18060509860515594
different_speaker,0.08821258693933487
different_speaker,0.13938145339488983
different_speaker,0.14868970215320587
different_speaker,0.17359402775764465
different_speaker,0.20006774365901947
different_speaker,0.15931390225887299
different_speaker,0.14545390009880066
different_speaker,0.13718749582767487
different_speaker,0.1506694108247757
different_speaker,0.1427145153284073
different_speaker,0.15844935178756714
different_speaker,0.24973639845848083
different_speaker,0.23507581651210785
different_speaker,0.2438698261976242
different_speaker,0.18930098414421082
different_speaker,0.22559615969657898
different_speaker,0.18476492166519165
different_speaker,0.10255128145217896
different_speaker,0.08758090436458588
different_speaker,0.17593300342559814
different_speaker,0.13136766850948334
different_speaker,0.020757129415869713
different_speaker,-0.02911556512117386
different_speaker,0.045046620070934296
different_speaker,-0.00011708847887348384
different_speaker,-0.015642451122403145
different_speaker,0.20902764797210693
different_speaker,0.17901934683322906
different_speaker,0.2552672028541565
different_speaker,0.14726141095161438
different_speaker,0.11112429201602936
different_speaker,0.15663327276706696
different_speaker,0.17581380903720856
different_speaker,0.17510391771793365
different_speaker,0.10472368448972702
different_speaker,0.1679106056690216
different_speaker,0.16216683387756348
different_speaker,0.13570551574230194
different_speaker,0.14750146865844727
different_speaker,0.07351396977901459
different_speaker,0.17917472124099731
different_speaker,0.0909964069724083
different_speaker,0.1768808513879776
different_speaker,0.17531350255012512
different_speaker,0.14080867171287537
different_speaker,0.16891050338745117
different_speaker,0.10223443806171417
different_speaker,0.07789986580610275
different_speaker,0.08429744839668274
different_speaker,0.13199660181999207
different_speaker,0.12302538752555847
different_speaker,-0.005335817113518715
different_speaker,0.01208170223981142
different_speaker,0.0262107215821743
different_speaker,0.008394729346036911
different_speaker,-0.012378689832985401
different_speaker,0.005258534569293261
different_speaker,-0.03440232202410698
different_speaker,-0.004756602458655834
different_speaker,-0.0017316128360107541
different_speaker,-0.054475706070661545
different_speaker,0.05464319512248039
different_speaker,0.04807629808783531
different_speaker,0.021508129313588142
different_speaker,-0.03967016935348511
different_speaker,0.09829621016979218
different_speaker,0.08620428293943405
different_speaker,0.06228180229663849
different_speaker,0.10024230927228928
different_speaker,0.03989187628030777
different_speaker,0.08223132789134979
different_speaker,0.152677983045578
different_speaker,0.1813489943742752
different_speaker,0.13759879767894745
different_speaker,0.10751082748174667
different_speaker,0.07638214528560638
different_speaker,0.11478829383850098
different_speaker,0.15637356042861938
different_speaker,0.09280207008123398
different_speaker,0.044793661683797836
different_speaker,0.15570494532585144
different_speaker,0.03699798136949539
different_speaker,0.10173188149929047
different_speaker,0.11324094235897064
different_speaker,0.10830728709697723
different_speaker,0.05192567780613899
different_speaker,0.006382713094353676
different_speaker,-0.05499870330095291
different_speaker,-0.02021428570151329
different_speaker,-0.050866808742284775
different_speaker,-0.0012963871704414487
different_speaker,0.03809795528650284
different_speaker,-0.031055649742484093
different_speaker,-0.02131248638033867
different_speaker,0.0071771349757909775
different_speaker,-0.014599381014704704
different_speaker,0.198545441031456
different_speaker,0.21084052324295044
different_speaker,0.26864516735076904
different_speaker,0.27714115381240845
different_speaker,0.30484136939048767
different_speaker,-0.012035798281431198
different_speaker,0.032202787697315216
different_speaker,-0.06823364645242691
different_speaker,-0.08570641279220581
different_speaker,0.07800968736410141
different_speaker,0.22230155766010284
different_speaker,0.17869317531585693
different_speaker,0.28042250871658325
different_speaker,0.21277400851249695
different_speaker,0.19926166534423828
different_speaker,0.3436543345451355
different_speaker,0.2605550289154053
different_speaker,0.3194715082645416
different_speaker,0.27801215648651123
different_speaker,0.29149726033210754
different_speaker,0.25597113370895386
different_speaker,0.14108631014823914
different_speaker,0.10456531494855881
different_speaker,0.2079717218875885
different_speaker,0.22290536761283875
different_speaker,-0.012913930229842663
different_speaker,0.061419904232025146
different_speaker,-0.03854971006512642
different_speaker,-0.013239099644124508
different_speaker,0.04568348079919815
different_speaker,0.21173501014709473
different_speaker,0.2733839452266693
different_speaker,0.2755560874938965
different_speaker,0.27507784962654114
different_speaker,0.25757744908332825
different_speaker,0.07294632494449615
different_speaker,0.04843192175030708
different_speaker,-0.0024100462906062603
different_speaker,-0.007146831601858139
different_speaker,0.09035777300596237
different_speaker,0.1607072949409485
different_speaker,0.11007429659366608
different_speaker,0.1875821053981781
different_speaker,0.21118800342082977
different_speaker,0.17670588195323944
different_speaker,0.07218848913908005
different_speaker,0.12139349430799484
different_speaker,0.06642971187829971
different_speaker,0.056792937219142914
different_speaker,0.06136448681354523
different_speaker,0.12546329200267792
different_speaker,0.11171375215053558
different_speaker,0.0835919976234436
different_speaker,-0.1315443068742752
different_speaker,-0.13119034469127655
different_speaker,0.013616564683616161
different_speaker,0.053285274654626846
different_speaker,0.014307131059467793
different_speaker,-0.007140989415347576
different_speaker,0.013549250550568104
different_speaker,0.009532781317830086
different_speaker,-0.04215865209698677
different_speaker,-0.04038340970873833
different_speaker,0.0061868466436862946
different_speaker,-0.02521226741373539
different_speaker,0.09341159462928772
different_speaker,0.14136850833892822
different_speaker,0.004443483892828226
different_speaker,0.011020802892744541
different_speaker,0.013029638677835464
different_speaker,0.008416516706347466
different_speaker,0.06156587973237038
different_speaker,0.03408614173531532
different_speaker,0.03555971384048462
different_speaker,0.05894801393151283
different_speaker,0.09233778715133667
different_speaker,-0.041489314287900925
different_speaker,-0.036391161382198334
different_speaker,-0.0305863618850708
different_speaker,-0.07177017629146576
different_speaker,0.0596262663602829
different_speaker,0.0658053606748581
different_speaker,0.141813725233078
different_speaker,0.07404814660549164
different_speaker,0.05714082717895508
different_speaker,0.12046763300895691
different_speaker,0.12178323417901993
different_speaker,0.14874053001403809
different_speaker,0.20140309631824493
different_speaker,0.23721419274806976
different_speaker,-0.04747847095131874
different_speaker,-0.09418822824954987
different_speaker,0.010322482325136662
different_speaker,-0.0952502191066742
different_speaker,-0.0060857245698571205
different_speaker,0.005349314771592617
different_speaker,0.1221320703625679
different_speaker,0.09658876806497574
different_speaker,0.08822903037071228
different_speaker,0.044054772704839706
different_speaker,0.10410420596599579
different_speaker,0.154889315366745
different_speaker,0.10988262295722961
different_speaker,0.04220634326338768
different_speaker,0.11545960605144501
different_speaker,0.041102927178144455
different_speaker,-0.029029861092567444
different_speaker,0.0758843645453453
different_speaker,-0.011678550392389297
different_speaker,0.06134457513689995
different_speaker,0.06647935509681702
different_speaker,0.03040512092411518
different_speaker,0.0562969408929348
different_speaker,0.11990895122289658
different_speaker,0.07422361522912979
different_speaker,0.1817697137594223
different_speaker,0.08934660255908966
different_speaker,0.17595478892326355
different_speaker,0.06962068378925323
different_speaker,0.10244560986757278
different_speaker,-0.19921892881393433
different_speaker,-0.1781347692012787
different_speaker,-0.1040043905377388
different_speaker,-0.04324275255203247
different_speaker,-0.12653745710849762
different_speaker,-0.0363365039229393
different_speaker,0.048674244433641434
different_speaker,-0.06271841377019882
different_speaker,-0.06708060204982758
different_speaker,0.009455498307943344
different_speaker,0.01625843346118927
different_speaker,0.05601651966571808
different_speaker,-0.051713574677705765
different_speaker,0.03606211766600609
different_speaker,0.031899843364953995
different_speaker,0.29396143555641174
different_speaker,0.1146470382809639
different_speaker,0.22322086989879608
different_speaker,0.20928099751472473
different_speaker,0.15706822276115417
different_speaker,0.2707688808441162
different_speaker,0.19600792229175568
different_speaker,0.17514947056770325
different_speaker,0.23317022621631622
different_speaker,0.23152221739292145
different_speaker,0.05383767560124397
different_speaker,0.09403130412101746
different_speaker,0.060442984104156494
different_speaker,0.06900738179683685
different_speaker,0.09809939563274384
different_speaker,0.17996007204055786
different_speaker,0.18420299887657166
different_speaker,0.16680774092674255
different_speaker,0.2190243899822235
different_speaker,0.213413804769516
different_speaker,0.1349249929189682
different_speaker,0.15712226927280426
different_speaker,0.07632900029420853
different_speaker,0.07441981881856918
different_speaker,0.077577605843544
different_speaker,0.04296807572245598
different_speaker,-0.007609591353684664
different_speaker,0.013083563186228275
different_speaker,0.09366472065448761
different_speaker,0.04910166934132576
different_speaker,0.06987617909908295
different_speaker,0.14648012816905975
different_speaker,0.04930334538221359
different_speaker,0.07991722971200943
different_speaker,0.06895048171281815
different_speaker,0.13606254756450653
different_speaker,0.15260696411132812
different_speaker,0.14941121637821198
different_speaker,-0.010412049479782581
different_speaker,-0.02990127168595791
different_speaker,0.03561098501086235
different_speaker,0.051839426159858704
different_speaker,0.02087685465812683
different_speaker,-0.017372846603393555
different_speaker,-0.028697829693555832
different_speaker,0.04178464785218239
different_speaker,0.007596478331834078
different_speaker,-0.0021888192277401686
different_speaker,0.1016322672367096
different_speaker,0.0601617768406868
different_speaker,0.07090183347463608
different_speaker,0.03259718045592308
different_speaker,0.033573251217603683
different_speaker,-0.000973535527009517
different_speaker,-0.011188565753400326
different_speaker,0.005992848426103592
different_speaker,0.08066552132368088
different_speaker,0.015124168246984482
different_speaker,0.06730629503726959
different_speaker,0.029617587104439735
different_speaker,0.010152756236493587
different_speaker,-0.024454887956380844
different_speaker,0.006728735752403736
different_speaker,-0.04718813672661781
different_speaker,-0.010553575120866299
different_speaker,0.09170674532651901
different_speaker,0.13298703730106354
different_speaker,0.12038883566856384
different_speaker,0.08885883539915085
different_speaker,0.10559812933206558
different_speaker,0.16107656061649323
different_speaker,0.2393738031387329
different_speaker,0.2712033689022064
different_speaker,0.22580906748771667
different_speaker,0.4134294092655182
different_speaker,-0.031805623322725296
different_speaker,-0.0996469035744667
different_speaker,-0.025922901928424835
different_speaker,-0.0683625340461731
different_speaker,0.008204922080039978
different_speaker,0.044740207493305206
different_speaker,0.03867023065686226
different_speaker,0.013589710928499699
different_speaker,0.015268982388079166
different_speaker,0.0005423163529485464
different_speaker,0.14359858632087708
different_speaker,0.11501597613096237
different_speaker,0.09097839891910553
different_speaker,0.11937267333269119
different_speaker,0.11697503924369812
different_speaker,-0.04870641604065895
different_speaker,-0.09066907316446304
different_speaker,-0.02463301084935665
different_speaker,-0.07697975635528564
different_speaker,0.030005501583218575
different_speaker,-0.013713976368308067
different_speaker,-0.0390290804207325
different_speaker,0.04297123849391937
different_speaker,0.0468783900141716
different_speaker,-0.02370731346309185
different_speaker,0.15625104308128357
different_speaker,0.15228389203548431
different_speaker,0.15782801806926727
different_speaker,0.1048651710152626
different_speaker,0.15031664073467255
different_speaker,-0.0799555629491806
different_speaker,-0.07653790712356567
different_speaker,0.05281906947493553
different_speaker,0.07078809291124344
different_speaker,0.07649549096822739
different_speaker,-0.03877199441194534
different_speaker,0.004540628753602505
different_speaker,-0.03041388839483261
different_speaker,-0.024687066674232483
different_speaker,0.019531989470124245
different_speaker,-0.06923496723175049
different_speaker,-0.05322776362299919
different_speaker,-0.08374952524900436
different_speaker,-0.04344187676906586
different_speaker,-0.034156784415245056
different_speaker,0.2944238781929016
different_speaker,0.253924161195755
different_speaker,0.27399715781211853
different_speaker,0.28473877906799316
different_speaker,0.2601413130760193
different_speaker,0.30115416646003723
different_speaker,0.21426428854465485
different_speaker,0.20043672621250153
different_speaker,0.2637697458267212
different_speaker,0.29008182883262634
different_speaker,-0.05649654567241669
different_speaker,0.023601410910487175
different_speaker,-0.06780678778886795
different_speaker,-0.06180000305175781
different_speaker,0.003478683065623045
different_speaker,0.03649193048477173
different_speaker,0.10753092169761658
different_speaker,0.06289343535900116
different_speaker,0.12054788321256638
different_speaker,0.11804860830307007
different_speaker,0.0884002223610878
different_speaker,0.0756865069270134
different_speaker,0.0449497252702713
different_speaker,-0.005447727628052235
different_speaker,0.07611402124166489
different_speaker,0.029783042147755623
different_speaker,0.03425685688853264
different_speaker,0.12043352425098419
different_speaker,0.12350494414567947
different_speaker,0.09212113171815872
different_speaker,0.06254026293754578
different_speaker,0.09217002242803574
different_speaker,0.0371231772005558
different_speaker,0.013006779365241528
different_speaker,0.013102020137012005
different_speaker,0.08308394998311996
different_speaker,0.10181204974651337
different_speaker,0.07693575322628021
different_speaker,-0.03497513011097908
different_speaker,-0.05934835597872734
different_speaker,-0.07094874233007431
different_speaker,-0.03760380670428276
different_speaker,-0.005320236552506685
different_speaker,-0.0595574788749218
different_speaker,-0.014324127696454525
different_speaker,0.10386611521244049
different_speaker,0.0858907401561737
different_speaker,0.06228877604007721
different_speaker,0.13799059391021729
different_speaker,0.13096880912780762
different_speaker,0.04047700762748718
different_speaker,0.11477283388376236
different_speaker,0.02536214143037796
different_speaker,0.0009195950697176158
different_speaker,0.01109517365694046
different_speaker,0.03273409605026245
different_speaker,0.0907243937253952
different_speaker,0.056384485214948654
different_speaker,0.07926078885793686
different_speaker,0.055642955005168915
different_speaker,-0.026101913303136826
different_speaker,-0.07952850311994553
different_speaker,-0.04499777406454086
different_speaker,-0.08966358751058578
different_speaker,-0.09336130321025848
different_speaker,0.1464841514825821
different_speaker,0.15721885859966278
different_speaker,0.16628311574459076
different_speaker,0.10273788124322891
different_speaker,0.16858859360218048
different_speaker,0.1392224133014679
different_speaker,0.17853006720542908
different_speaker,0.1628440022468567
different_speaker,0.17068427801132202
different_speaker,0.21002843976020813
different_speaker,-0.04756728187203407
different_speaker,-0.07365071773529053
different_speaker,-0.015860868617892265
different_speaker,-0.08012321591377258
different_speaker,0.03643602132797241
different_speaker,0.07326287031173706
different_speaker,0.13186687231063843
different_speaker,0.11767056584358215
different_speaker,0.06709564477205276
different_speaker,0.08483872562646866
different_speaker,0.027872975915670395
different_speaker,0.10595182329416275
different_speaker,0.06880255788564682
different_speaker,0.06573381274938583
different_speaker,0.07581276446580887
different_speaker,0.025842128321528435
different_speaker,-0.03230185806751251
different_speaker,0.054819997400045395
different_speaker,-0.020013773813843727
different_speaker,0.0932944193482399
different_speaker,0.03896331787109375
different_speaker,-0.0013799131847918034
different_speaker,0.051655229181051254
different_speaker,0.09178618341684341
different_speaker,0.02255532704293728
different_speaker,0.24000146985054016
different_speaker,0.14835619926452637
different_speaker,0.21276414394378662
different_speaker,0.08097571134567261
different_speaker,0.14967285096645355
different_speaker,-0.04796450585126877
different_speaker,-0.05864519625902176
different_speaker,0.021832913160324097
different_speaker,0.05312785506248474
different_speaker,0.037167418748140335
different_speaker,-0.11721454560756683
different_speaker,0.05591053515672684
different_speaker,-0.07573851197957993
different_speaker,-0.07944128662347794
different_speaker,0.023197971284389496
different_speaker,-0.03886805474758148
different_speaker,-0.01630270481109619
different_speaker,-0.08639225363731384
different_speaker,0.0020407335832715034
different_speaker,-0.013300643302500248
different_speaker,0.28471359610557556
different_speaker,0.18948772549629211
different_speaker,0.28652775287628174
different_speaker,0.27169832587242126
different_speaker,0.2764457166194916
different_speaker,0.21990659832954407
different_speaker,0.15023237466812134
different_speaker,0.10776912420988083
different_speaker,0.20021560788154602
different_speaker,0.22440411150455475
different_speaker,-0.0065755415707826614
different_speaker,0.07871591299772263
different_speaker,-0.04508437216281891
different_speaker,0.023402800783514977
different_speaker,0.038811709731817245
different_speaker,0.1766371876001358
different_speaker,0.23994633555412292
different_speaker,0.209729865193367
different_speaker,0.18580886721611023
different_speaker,0.19315429031848907
different_speaker,0.11479509621858597
different_speaker,0.11563767492771149
different_speaker,0.04558052122592926
different_speaker,0.0003217710182070732
different_speaker,0.10866519063711166
different_speaker,0.16951853036880493
different_speaker,0.12718094885349274
different_speaker,0.1992141306400299
different_speaker,0.2360079139471054
different_speaker,0.185975581407547
different_speaker,0.060335200279951096
different_speaker,0.12683726847171783
different_speaker,0.05801435559988022
different_speaker,0.05698314309120178
different_speaker,0.05760490149259567
different_speaker,0.1161346584558487
different_speaker,0.09819475561380386
different_speaker,0.05357418954372406
different_speaker,-0.08097385615110397
different_speaker,-0.015487106516957283
different_speaker,0.06947466731071472
different_speaker,0.06590383499860764
different_speaker,0.06675202399492264
different_speaker,0.037419721484184265
different_speaker,0.05735844746232033
different_speaker,0.025611812248826027
different_speaker,-0.026686571538448334
different_speaker,-0.010625175200402737
different_speaker,0.08245059847831726
different_speaker,0.042749714106321335
different_speaker,0.10195951163768768
different_speaker,0.15866342186927795
different_speaker,0.06059519574046135
different_speaker,-0.012106758542358875
different_speaker,0.03894536569714546
different_speaker,-0.05095387250185013
different_speaker,0.05871680751442909
different_speaker,-0.01032267976552248
different_speaker,0.00859016552567482
different_speaker,-0.00019345917098689824
different_speaker,0.04674582928419113
different_speaker,-0.05994253605604172
different_speaker,-0.028493275865912437
different_speaker,-0.014321419410407543
different_speaker,-0.07144247740507126
different_speaker,0.050533633679151535
different_speaker,0.03420860692858696
different_speaker,0.12579381465911865
different_speaker,0.0879993811249733
different_speaker,0.08213476836681366
different_speaker,0.06750156730413437
different_speaker,0.06887505948543549
different_speaker,0.08154112845659256
different_speaker,0.13881710171699524
different_speaker,0.25698739290237427
different_speaker,-0.03213486075401306
different_speaker,-0.03426770120859146
different_speaker,0.029314549639821053
different_speaker,-0.05188173055648804
different_speaker,0.055581726133823395
different_speaker,0.011687072925269604
different_speaker,0.08910840004682541
different_speaker,0.049585290253162384
different_speaker,0.04171467572450638
different_speaker,0.01921863853931427
different_speaker,0.09428714215755463
different_speaker,0.14595317840576172
different_speaker,0.10732627660036087
different_speaker,0.07454996556043625
different_speaker,0.11864535510540009
different_speaker,0.07236156612634659
different_speaker,0.011983294039964676
different_speaker,0.11659443378448486
different_speaker,0.021402444690465927
different_speaker,0.11599846929311752
different_speaker,0.07409068942070007
different_speaker,0.04923449829220772
different_speaker,0.10660851001739502
different_speaker,0.1255711317062378
different_speaker,0.07081739604473114
different_speaker,0.22397376596927643
different_speaker,0.17462104558944702
different_speaker,0.22197656333446503
different_speaker,0.11825288087129593
different_speaker,0.17054049670696259
different_speaker,-0.12959906458854675
different_speaker,-0.1408206671476364
different_speaker,-0.08214753121137619
different_speaker,-0.025611139833927155
different_speaker,-0.04946497827768326
different_speaker,-0.023325687274336815
different_speaker,0.02364639937877655
different_speaker,-0.07865189760923386
different_speaker,-0.055924806743860245
different_speaker,0.035146232694387436
different_speaker,0.02092205360531807
different_speaker,0.05793759599328041
different_speaker,-0.017924198880791664
different_speaker,0.005927129648625851
different_speaker,0.006575449835509062
different_speaker,0.332570880651474
different_speaker,0.2537102997303009
different_speaker,0.33053749799728394
different_speaker,0.26587846875190735
different_speaker,0.27948105335235596
different_speaker,0.23818239569664001
different_speaker,0.10828352719545364
different_speaker,0.112955741584301
different_speaker,0.20877507328987122
different_speaker,0.22976188361644745
different_speaker,-0.037698399275541306
different_speaker,0.07490123808383942
different_speaker,-0.061801765114068985
different_speaker,-0.013397797010838985
different_speaker,-0.012231775559484959
different_speaker,0.13653725385665894
different_speaker,0.23288273811340332
different_speaker,0.1722717583179474
different_speaker,0.1701071411371231
different_speaker,0.20783597230911255
different_speaker,0.15707942843437195
different_speaker,0.10832046717405319
different_speaker,0.08680076152086258
different_speaker,0.026911359280347824
different_speaker,0.1442725509405136
different_speaker,0.1338757872581482
different_speaker,0.14639560878276825
different_speaker,0.2472604364156723
different_speaker,0.21579758822917938
different_speaker,0.18276844918727875
different_speaker,0.0948888286948204
different_speaker,0.13039186596870422
different_speaker,0.04999886080622673
different_speaker,0.04227748513221741
different_speaker,0.05188284069299698
different_speaker,0.13653062283992767
different_speaker,0.12584681808948517
different_speaker,0.08561650663614273
different_speaker,-0.05800636112689972
different_speaker,-0.0007964682299643755
different_speaker,0.047591567039489746
different_speaker,0.027838483452796936
different_speaker,0.0663972720503807
different_speaker,0.06236029416322708
different_speaker,0.0744367316365242
different_speaker,-8.828397403704002e-05
different_speaker,0.020365487784147263
different_speaker,0.006847267504781485
different_speaker,0.09367924928665161
different_speaker,0.07616318017244339
different_speaker,0.2041114866733551
different_speaker,0.23340214788913727
different_speaker,0.17571750283241272
different_speaker,0.07788447290658951
different_speaker,0.10024526715278625
different_speaker,-0.02947525680065155
different_speaker,0.07272414118051529
different_speaker,0.03252202644944191
different_speaker,0.02944396436214447
different_speaker,0.023297874256968498
different_speaker,-0.0675722062587738
different_speaker,-0.15395185351371765
different_speaker,-0.11708859354257584
different_speaker,-0.11237184703350067
different_speaker,-0.15146465599536896
different_speaker,0.10785378515720367
different_speaker,0.08845845609903336
different_speaker,0.10019110143184662
different_speaker,0.09007146954536438
different_speaker,0.09384992718696594
different_speaker,0.14463113248348236
different_speaker,0.1396808922290802
different_speaker,0.13831527531147003
different_speaker,0.13569140434265137
different_speaker,0.20383764803409576
different_speaker,-0.0363246314227581
different_speaker,-0.051575105637311935
different_speaker,-0.002412457950413227
different_speaker,-0.07021118700504303
different_speaker,0.04613783583045006
different_speaker,0.125955268740654
different_speaker,0.21127942204475403
different_speaker,0.14252786338329315
different_speaker,0.10319109261035919
different_speaker,0.12348539382219315
different_speaker,-0.01734885200858116
different_speaker,0.08984281867742538
different_speaker,0.03278816118836403
different_speaker,-0.0028389368671923876
different_speaker,0.01262501161545515
different_speaker,0.03198062255978584
different_speaker,0.04565372318029404
different_speaker,0.11640231311321259
different_speaker,0.025812456384301186
different_speaker,0.09551199525594711
different_speaker,0.03357880190014839
different_speaker,0.02257704921066761
different_speaker,0.05397548899054527
different_speaker,0.07304053008556366
different_speaker,0.03006322868168354
different_speaker,0.17215269804000854
different_speaker,0.11296286433935165
different_speaker,0.1515815556049347
different_speaker,0.06260672211647034
different_speaker,0.07965958118438721
different_speaker,-0.07222869992256165
different_speaker,-0.05973147600889206
different_speaker,0.050208333879709244
different_speaker,0.08376537263393402
different_speaker,0.06297233700752258
different_speaker,-0.12008735537528992
different_speaker,0.042392145842313766
different_speaker,-0.07723402976989746
different_speaker,-0.07327774167060852
different_speaker,0.06869585067033768
different_speaker,0.008163658902049065
different_speaker,0.033260464668273926
different_speaker,-0.031180106103420258
different_speaker,0.0022986154071986675
different_speaker,0.03036615066230297
different_speaker,0.13193507492542267
different_speaker,0.13660994172096252
different_speaker,0.11652399599552155
different_speaker,0.12960967421531677
different_speaker,0.11168871074914932
different_speaker,0.16834594309329987
different_speaker,0.23080341517925262
different_speaker,0.1560533493757248
different_speaker,0.25471436977386475
different_speaker,0.21244318783283234
different_speaker,0.17615589499473572
different_speaker,0.1644515097141266
different_speaker,0.199907585978508
different_speaker,0.21581465005874634
different_speaker,0.22983594238758087
different_speaker,0.2517578601837158
different_speaker,0.16860705614089966
different_speaker,0.16914834082126617
different_speaker,0.18518222868442535
different_speaker,0.2054109126329422
different_speaker,0.28675684332847595
different_speaker,0.24817143380641937
different_speaker,0.36854201555252075
different_speaker,0.33467695116996765
different_speaker,0.3161003589630127
different_speaker,0.09338946640491486
different_speaker,0.07625885307788849
different_speaker,0.10355983674526215
different_speaker,0.11426077783107758
different_speaker,0.07439975440502167
different_speaker,0.1798435002565384
different_speaker,0.09998248517513275
different_speaker,0.1132112592458725
different_speaker,0.007890291512012482
different_speaker,-0.012125972658395767
different_speaker,0.12754586338996887
different_speaker,0.16805925965309143
different_speaker,0.1896282434463501
different_speaker,0.16662181913852692
different_speaker,0.10726816207170486
different_speaker,0.0282865222543478
different_speaker,-0.035496342927217484
different_speaker,-0.027726082131266594
different_speaker,-0.016444090753793716
different_speaker,0.002449460094794631
different_speaker,0.06841244548559189
different_speaker,0.12929534912109375
different_speaker,0.07793760299682617
different_speaker,0.12261123210191727
different_speaker,0.09073545038700104
different_speaker,0.13561250269412994
different_speaker,0.14650510251522064
different_speaker,0.16194656491279602
different_speaker,0.1820172518491745
different_speaker,0.2018277943134308
different_speaker,-0.028988348320126534
different_speaker,-0.014386274851858616
different_speaker,0.014488224871456623
different_speaker,-0.015813278034329414
different_speaker,-0.02948002517223358
different_speaker,0.24796192348003387
different_speaker,0.2067478746175766
different_speaker,0.14917047321796417
different_speaker,0.24230177700519562
different_speaker,0.2463337928056717
different_speaker,0.08782245963811874
different_speaker,0.09617307037115097
different_speaker,0.10530232638120651
different_speaker,0.1041330024600029
different_speaker,0.17225664854049683
different_speaker,0.14004071056842804
different_speaker,0.046272702515125275
different_speaker,0.12177107483148575
different_speaker,0.06133927404880524
different_speaker,0.05679670721292496
different_speaker,0.09478311985731125
different_speaker,0.17129462957382202
different_speaker,0.20116251707077026
different_speaker,0.1665397435426712
different_speaker,0.1413574367761612
different_speaker,0.12972420454025269
different_speaker,0.034898243844509125
different_speaker,0.07209731638431549
different_speaker,-0.01175022218376398
different_speaker,0.02717043086886406
different_speaker,0.023570073768496513
different_speaker,0.06617937237024307
different_speaker,0.04141804948449135
different_speaker,0.0276475939899683
different_speaker,-0.025059906765818596
different_speaker,0.18020063638687134
different_speaker,0.1942598819732666
different_speaker,0.12252110987901688
different_speaker,0.14297343790531158
different_speaker,0.24947893619537354
different_speaker,0.0818948745727539
different_speaker,0.087237149477005
different_speaker,0.09035739302635193
different_speaker,0.07180766761302948
different_speaker,0.09375488758087158
different_speaker,0.0944310873746872
different_speaker,0.1487131267786026
different_speaker,0.10169722139835358
different_speaker,0.16190887987613678
different_speaker,0.0680098682641983
different_speaker,-0.1076669916510582
different_speaker,-0.08839917927980423
different_speaker,-0.18080265820026398
different_speaker,-0.10998016595840454
different_speaker,-0.008572702296078205
different_speaker,0.08106668293476105
different_speaker,0.11654713749885559
different_speaker,0.1324097365140915
different_speaker,0.09754545241594315
different_speaker,0.08452802896499634
different_speaker,0.10276903957128525
different_speaker,0.15861067175865173
different_speaker,0.14011844992637634
different_speaker,0.11359485238790512
different_speaker,0.10174787789583206
different_speaker,0.06526483595371246
different_speaker,0.04885445907711983
different_speaker,0.019169941544532776
different_speaker,0.07527197152376175
different_speaker,0.10798083990812302
different_speaker,0.18423403799533844
different_speaker,0.15041318535804749
different_speaker,0.19349625706672668
different_speaker,0.2375679910182953
different_speaker,0.18243831396102905
different_speaker,0.23140949010849
different_speaker,0.13604529201984406
different_speaker,0.16467925906181335
different_speaker,0.14336548745632172
different_speaker,0.19970540702342987
different_speaker,0.1588796228170395
different_speaker,0.15036332607269287
different_speaker,0.28451210260391235
different_speaker,0.28250616788864136
different_speaker,0.21738792955875397
different_speaker,0.0591839924454689
different_speaker,0.010613921098411083
different_speaker,0.0662102922797203
different_speaker,0.03802689537405968
different_speaker,-0.014107560738921165
different_speaker,0.14315001666545868
different_speaker,0.11664305627346039
different_speaker,0.08918684720993042
different_speaker,0.06488851457834244
different_speaker,0.03118119202554226
different_speaker,0.05083044618368149
different_speaker,0.12206192314624786
different_speaker,0.13405559957027435
different_speaker,0.03409523889422417
different_speaker,-0.0015166762750595808
different_speaker,0.16470906138420105
different_speaker,0.08276353776454926
different_speaker,0.08417987823486328
different_speaker,0.04774932563304901
different_speaker,0.08206649869680405
different_speaker,0.1067742258310318
different_speaker,0.1867034137248993
different_speaker,0.13681015372276306
different_speaker,0.24633827805519104
different_speaker,0.18047469854354858
different_speaker,0.20076872408390045
different_speaker,0.16949331760406494
different_speaker,0.21442094445228577
different_speaker,0.22871719300746918
different_speaker,0.2329264134168625
different_speaker,0.02483455091714859
different_speaker,0.10608262568712234
different_speaker,0.12746086716651917
different_speaker,0.10961635410785675
different_speaker,0.08030343055725098
different_speaker,0.27537617087364197
different_speaker,0.2870470881462097
different_speaker,0.16893897950649261
different_speaker,0.23231980204582214
different_speaker,0.26990818977355957
different_speaker,0.05424816161394119
different_speaker,0.057906169444322586
different_speaker,0.085385262966156
different_speaker,0.09596161544322968
different_speaker,0.053190845996141434
different_speaker,0.22575801610946655
different_speaker,0.1355474293231964
different_speaker,0.16300180554389954
different_speaker,0.1435568481683731
different_speaker,0.12487196922302246
different_speaker,0.11420567333698273
different_speaker,0.1811419427394867
different_speaker,0.18480296432971954
different_speaker,0.1414916217327118
different_speaker,0.10914412140846252
different_speaker,0.04273764044046402
different_speaker,0.04968440905213356
different_speaker,0.07756762951612473
different_speaker,0.004317645914852619
different_speaker,0.019946705549955368
different_speaker,0.08684509992599487
different_speaker,0.11552286893129349
different_speaker,0.07735080271959305
different_speaker,0.07923564314842224
different_speaker,-4.122373866266571e-05
different_speaker,0.18640953302383423
different_speaker,0.19612042605876923
different_speaker,0.13084734976291656
different_speaker,0.15666674077510834
different_speaker,0.24905823171138763
different_speaker,0.08754434436559677
different_speaker,0.05880274996161461
different_speaker,0.08222056180238724
different_speaker,0.044066816568374634
different_speaker,0.07327265292406082
different_speaker,0.12419342249631882
different_speaker,0.1848849058151245
different_speaker,0.06605076789855957
different_speaker,0.1776716113090515
different_speaker,0.0563601478934288
different_speaker,-0.0487135611474514
different_speaker,0.0008487302111461759
different_speaker,-0.16228938102722168
different_speaker,-0.08224349468946457
different_speaker,0.06966357678174973
different_speaker,0.15069757401943207
different_speaker,0.17499825358390808
different_speaker,0.17874954640865326
different_speaker,0.13496656715869904
different_speaker,0.11302274465560913
different_speaker,0.08701278269290924
different_speaker,0.14805004000663757
different_speaker,0.10024970769882202
different_speaker,0.09834124892950058
different_speaker,0.09777667373418808
different_speaker,0.16317741572856903
different_speaker,0.2235410511493683
different_speaker,0.14494211971759796
different_speaker,0.22365552186965942
different_speaker,0.19352762401103973
different_speaker,0.15279951691627502
different_speaker,0.1380416303873062
different_speaker,0.18030069768428802
different_speaker,0.1908690482378006
different_speaker,0.1681201308965683
different_speaker,0.16021296381950378
different_speaker,0.07101345807313919
different_speaker,0.08933214843273163
different_speaker,0.09393080323934555
different_speaker,0.12200593948364258
different_speaker,0.2022804319858551
different_speaker,0.17900215089321136
different_speaker,0.308538556098938
different_speaker,0.28941231966018677
different_speaker,0.23756623268127441
different_speaker,0.07863432914018631
different_speaker,0.054175496101379395
different_speaker,0.09751970320940018
different_speaker,0.08479443192481995
different_speaker,0.028721686452627182
different_speaker,0.17740295827388763
different_speaker,0.11603106558322906
different_speaker,0.09083884954452515
different_speaker,0.040146879851818085
different_speaker,0.017422843724489212
different_speaker,0.11820784956216812
different_speaker,0.178354874253273
different_speaker,0.18932698667049408
different_speaker,0.12244205921888351
different_speaker,0.09031129628419876
different_speaker,0.0009382613934576511
different_speaker,-0.04266148805618286
different_speaker,-0.05278496816754341
different_speaker,-0.013689718209207058
different_speaker,0.011000596918165684
different_speaker,0.0737493708729744
different_speaker,0.1375819444656372
different_speaker,0.03849949687719345
different_speaker,0.10654949396848679
different_speaker,0.11274559050798416
different_speaker,0.12503241002559662
different_speaker,0.1411505937576294
different_speaker,0.15213918685913086
different_speaker,0.17195509374141693
different_speaker,0.16906103491783142
different_speaker,-0.011385542340576649
different_speaker,0.041384462267160416
different_speaker,0.08119287341833115
different_speaker,0.045604508370161057
different_speaker,0.033760830760002136
different_speaker,0.2633332312107086
different_speaker,0.2451401948928833
different_speaker,0.14906719326972961
different_speaker,0.26298484206199646
different_speaker,0.24444200098514557
different_speaker,0.06648634374141693
different_speaker,0.06959299743175507
different_speaker,0.07547573000192642
different_speaker,0.07435083389282227
different_speaker,0.10591913014650345
different_speaker,0.10274221748113632
different_speaker,0.04623594507575035
different_speaker,0.08303336799144745
different_speaker,0.012228607200086117
different_speaker,0.028681181371212006
different_speaker,0.10283705592155457
different_speaker,0.18678578734397888
different_speaker,0.23158541321754456
different_speaker,0.1886579394340515
different_speaker,0.1518378108739853
different_speaker,0.08051420003175735
different_speaker,-0.032246895134449005
different_speaker,0.048348020762205124
different_speaker,-0.037400104105472565
different_speaker,-0.041461072862148285
different_speaker,0.09574425965547562
different_speaker,0.10382300615310669
different_speaker,0.07176602631807327
different_speaker,0.06592730432748795
different_speaker,-0.015333857387304306
different_speaker,0.21280033886432648
different_speaker,0.2198137789964676
different_speaker,0.14379607141017914
different_speaker,0.15050144493579865
different_speaker,0.27524569630622864
different_speaker,0.07208216935396194
different_speaker,0.07253781706094742
different_speaker,0.059024468064308167
different_speaker,0.06599228084087372
different_speaker,0.07245299965143204
different_speaker,0.10131298005580902
different_speaker,0.15100689232349396
different_speaker,0.11397745460271835
different_speaker,0.16579850018024445
different_speaker,0.07131531089544296
different_speaker,-0.15743094682693481
different_speaker,-0.1370263695716858
different_speaker,-0.21490022540092468
different_speaker,-0.14634746313095093
different_speaker,-0.03027673065662384
different_speaker,0.08994772285223007
different_speaker,0.15969538688659668
different_speaker,0.16125796735286713
different_speaker,0.08323438465595245
different_speaker,0.07738272845745087
different_speaker,0.10458909720182419
different_speaker,0.15070709586143494
different_speaker,0.14842072129249573
different_speaker,0.10861614346504211
different_speaker,0.10137267410755157
different_speaker,0.17516125738620758
different_speaker,0.24493061006069183
different_speaker,0.17532819509506226
different_speaker,0.25038522481918335
different_speaker,0.2271614819765091
different_speaker,0.14499931037425995
different_speaker,0.12957189977169037
different_speaker,0.1154012605547905
different_speaker,0.1515965312719345
different_speaker,0.18306010961532593
different_speaker,0.1687193065881729
different_speaker,0.12529470026493073
different_speaker,0.15704669058322906
different_speaker,0.1267537921667099
different_speaker,0.13056841492652893
different_speaker,0.16338160634040833
different_speaker,0.14521697163581848
different_speaker,0.20217059552669525
different_speaker,0.2533418536186218
different_speaker,0.2128792703151703
different_speaker,0.09915045648813248
different_speaker,0.09886081516742706
different_speaker,0.1329057663679123
different_speaker,0.12704253196716309
different_speaker,0.09995756298303604
different_speaker,0.17528000473976135
different_speaker,0.13039188086986542
different_speaker,0.1286473125219345
different_speaker,0.05725919082760811
different_speaker,0.10974544286727905
different_speaker,0.032436810433864594
different_speaker,0.04932824894785881
different_speaker,0.08397135883569717
different_speaker,0.003520167199894786
different_speaker,-0.02767154574394226
different_speaker,0.07406347244977951
different_speaker,-0.010877392254769802
different_speaker,0.03333045542240143
different_speaker,0.04901035130023956
different_speaker,0.06907490640878677
different_speaker,0.005403811577707529
different_speaker,0.11962206661701202
different_speaker,0.015567585825920105
different_speaker,0.06571934372186661
different_speaker,0.06122942268848419
different_speaker,0.22195573151111603
different_speaker,0.1892772763967514
different_speaker,0.22318699955940247
different_speaker,0.23434819281101227
different_speaker,0.2631891071796417
different_speaker,-0.016425706446170807
different_speaker,0.04908766970038414
different_speaker,0.07898096740245819
different_speaker,0.033280856907367706
different_speaker,0.01524008996784687
different_speaker,0.2895166277885437
different_speaker,0.25628963112831116
different_speaker,0.15647250413894653
different_speaker,0.19307589530944824
different_speaker,0.2452351152896881
different_speaker,0.08440165221691132
different_speaker,0.07811635732650757
different_speaker,0.08991986513137817
different_speaker,0.10210227221250534
different_speaker,0.15903902053833008
different_speaker,0.14860990643501282
different_speaker,0.08088469505310059
different_speaker,0.1574530452489853
different_speaker,0.07291589677333832
different_speaker,0.11763250827789307
different_speaker,0.11300211399793625
different_speaker,0.10859304666519165
different_speaker,0.16100312769412994
different_speaker,0.13545386493206024
different_speaker,0.09553675353527069
different_speaker,0.10861025005578995
different_speaker,0.012339223176240921
different_speaker,0.07466933131217957
different_speaker,0.027612455189228058
different_speaker,0.019324682652950287
different_speaker,0.101450614631176
different_speaker,0.09784828126430511
different_speaker,0.08927110582590103
different_speaker,0.08532551676034927
different_speaker,-0.016840675845742226
different_speaker,0.21596987545490265
different_speaker,0.2118867039680481
different_speaker,0.16744452714920044
different_speaker,0.16585123538970947
different_speaker,0.22417593002319336
different_speaker,0.1429300308227539
different_speaker,0.12821191549301147
different_speaker,0.16785089671611786
different_speaker,0.1721092313528061
different_speaker,0.1508423537015915
different_speaker,0.10874760895967484
different_speaker,0.14393837749958038
different_speaker,0.08397547900676727
different_speaker,0.1644410789012909
different_speaker,0.07320646196603775
different_speaker,-0.169179305434227
different_speaker,-0.07780911028385162
different_speaker,-0.20391137897968292
different_speaker,-0.17750898003578186
different_speaker,0.006693469360470772
different_speaker,0.13929292559623718
different_speaker,0.17362742125988007
different_speaker,0.20520661771297455
different_speaker,0.12018969655036926
different_speaker,0.12649573385715485
different_speaker,0.07195939123630524
different_speaker,0.1372913420200348
different_speaker,0.11642787605524063
different_speaker,0.06451580673456192
different_speaker,0.08302916586399078
different_speaker,0.16992336511611938
different_speaker,0.2540980279445648
different_speaker,0.1467832326889038
different_speaker,0.239369735121727
different_speaker,0.21028445661067963
different_speaker,0.0726676881313324
different_speaker,0.060740046203136444
different_speaker,0.12774425745010376
different_speaker,0.09679100662469864
different_speaker,0.14389951527118683
different_speaker,0.2153775990009308
different_speaker,0.10848373919725418
different_speaker,0.11641620099544525
different_speaker,0.14908206462860107
different_speaker,0.17548684775829315
different_speaker,0.18022559583187103
different_speaker,0.17664027214050293
different_speaker,0.3212675154209137
different_speaker,0.28837305307388306
different_speaker,0.2299429178237915
different_speaker,0.07905331999063492
different_speaker,0.04246395826339722
different_speaker,0.11721891909837723
different_speaker,0.061738286167383194
different_speaker,0.021754523739218712
different_speaker,0.11451204121112823
different_speaker,0.07237064838409424
different_speaker,0.06488527357578278
different_speaker,0.026463711634278297
different_speaker,0.032953109592199326
different_speaker,0.004313585814088583
different_speaker,0.050061099231243134
different_speaker,0.09037535637617111
different_speaker,0.027193831279873848
different_speaker,-0.04275029897689819
different_speaker,0.027052078396081924
different_speaker,-0.027199305593967438
different_speaker,-0.024130068719387054
different_speaker,-0.010975467972457409
different_speaker,-0.008238441310822964
different_speaker,0.03092125616967678
different_speaker,0.12410211563110352
different_speaker,0.026114407926797867
different_speaker,0.0682021901011467
different_speaker,0.11851874738931656
different_speaker,0.12538115680217743
different_speaker,0.1510619819164276
different_speaker,0.18675103783607483
different_speaker,0.18629787862300873
different_speaker,0.17344000935554504
different_speaker,-0.029904795810580254
different_speaker,0.04181237518787384
different_speaker,0.06601449102163315
different_speaker,0.04420707747340202
different_speaker,0.0223837960511446
different_speaker,0.2840612530708313
different_speaker,0.25309133529663086
different_speaker,0.18503203988075256
different_speaker,0.23200027644634247
different_speaker,0.2691167891025543
different_speaker,0.008612798526883125
different_speaker,0.02542928233742714
different_speaker,0.028151104226708412
different_speaker,0.0847654715180397
different_speaker,0.10736279934644699
different_speaker,0.08502747118473053
different_speaker,0.03487119451165199
different_speaker,0.0873524472117424
different_speaker,0.04057486727833748
different_speaker,0.0499766543507576
different_speaker,0.1015106812119484
different_speaker,0.14474229514598846
different_speaker,0.1794103980064392
different_speaker,0.13247841596603394
different_speaker,0.12960685789585114
different_speaker,0.030804220587015152
different_speaker,-0.011558598838746548
different_speaker,0.031549129635095596
different_speaker,0.0021306860726326704
different_speaker,-0.027211153879761696
different_speaker,0.13214629888534546
different_speaker,0.10546205192804337
different_speaker,0.10127594321966171
different_speaker,0.09045867621898651
different_speaker,0.03644045069813728
different_speaker,0.20161260664463043
different_speaker,0.22602428495883942
different_speaker,0.184594064950943
different_speaker,0.19379842281341553
different_speaker,0.24973107874393463
different_speaker,0.10293330252170563
different_speaker,0.09481826424598694
different_speaker,0.13036000728607178
different_speaker,0.09958876669406891
different_speaker,0.10196332633495331
different_speaker,0.10806415230035782
different_speaker,0.17153425514698029
different_speaker,0.0541972853243351
different_speaker,0.13755042850971222
different_speaker,0.015570185147225857
different_speaker,-0.11306755244731903
different_speaker,-0.06953807175159454
different_speaker,-0.2083011418581009
different_speaker,-0.15609072148799896
different_speaker,-0.05808383226394653
different_speaker,0.07337925583124161
different_speaker,0.15792520344257355
different_speaker,0.16428174078464508
different_speaker,0.08383975178003311
different_speaker,0.07595109194517136
different_speaker,-0.004212514963001013
different_speaker,-0.026176758110523224
different_speaker,0.01081872545182705
different_speaker,0.018302742391824722
different_speaker,0.012093212455511093
different_speaker,0.03238767758011818
different_speaker,0.10165591537952423
different_speaker,0.05595149099826813
different_speaker,0.09674368053674698
different_speaker,0.0920608714222908
different_speaker,0.12362370640039444
different_speaker,0.06562069803476334
different_speaker,0.07168308645486832
different_speaker,0.008909936062991619
different_speaker,0.11197708547115326
different_speaker,0.03712863102555275
different_speaker,0.007203224115073681
different_speaker,0.015393809415400028
different_speaker,0.08937250077724457
different_speaker,0.06297747045755386
different_speaker,0.02742072194814682
different_speaker,0.1145687997341156
different_speaker,0.06363742798566818
different_speaker,0.04881265014410019
different_speaker,0.07068294286727905
different_speaker,0.09429184347391129
different_speaker,0.13827963173389435
different_speaker,0.13485091924667358
different_speaker,0.08837978541851044
different_speaker,0.15124419331550598
different_speaker,0.056798845529556274
different_speaker,0.0354510061442852
different_speaker,0.05819198116660118
different_speaker,0.010265515185892582
different_speaker,0.020860327407717705
different_speaker,0.07186815142631531
different_speaker,-0.018882611766457558
different_speaker,0.10956829786300659
different_speaker,0.11735363304615021
different_speaker,0.09275118261575699
different_speaker,0.06156560778617859
different_speaker,0.01668976992368698
different_speaker,0.07262300699949265
different_speaker,0.04361661151051521
different_speaker,0.06158722564578056
different_speaker,0.31111839413642883
different_speaker,0.26986685395240784
different_speaker,0.28450098633766174
different_speaker,0.33208972215652466
different_speaker,0.3254201412200928
different_speaker,0.12592646479606628
different_speaker,0.18135035037994385
different_speaker,0.16344228386878967
different_speaker,0.1783875674009323
different_speaker,0.17043225467205048
different_speaker,0.07219953835010529
different_speaker,0.06105450540781021
different_speaker,0.14908185601234436
different_speaker,0.08219055086374283
different_speaker,0.07570783793926239
different_speaker,0.04622303694486618
different_speaker,0.0591287836432457
different_speaker,0.053564976900815964
different_speaker,0.04637540876865387
different_speaker,0.052538346499204636
different_speaker,0.13659200072288513
different_speaker,0.09716363251209259
different_speaker,0.14315395057201385
different_speaker,0.11574889719486237
different_speaker,0.09654928743839264
different_speaker,0.02914578653872013
different_speaker,0.08802872151136398
different_speaker,-0.05086390674114227
different_speaker,-0.02431463450193405
different_speaker,-0.09655473381280899
different_speaker,0.2027556598186493
different_speaker,0.21645087003707886
different_speaker,0.24144293367862701
different_speaker,0.16564610600471497
different_speaker,0.22699406743049622
different_speaker,0.014505184255540371
different_speaker,0.05311620235443115
different_speaker,0.07550015300512314
different_speaker,0.09246966242790222
different_speaker,0.022105157375335693
different_speaker,0.07974136620759964
different_speaker,0.05615588650107384
different_speaker,0.06378444284200668
different_speaker,0.05264250934123993
different_speaker,0.0374041423201561
different_speaker,0.2318606972694397
different_speaker,0.26879552006721497
different_speaker,0.21158957481384277
different_speaker,0.2579219341278076
different_speaker,0.2294788658618927
different_speaker,-0.01518878061324358
different_speaker,-0.05393778532743454
different_speaker,0.10507821291685104
different_speaker,0.06268412619829178
different_speaker,0.12860146164894104
different_speaker,0.18591143190860748
different_speaker,0.12347424030303955
different_speaker,0.10507810115814209
different_speaker,0.10743974149227142
different_speaker,0.14556288719177246
different_speaker,0.06875218451023102
different_speaker,-0.031160110607743263
different_speaker,0.028731688857078552
different_speaker,0.07950099557638168
different_speaker,0.08178144693374634
different_speaker,0.10410360991954803
different_speaker,0.048526372760534286
different_speaker,0.0983348861336708
different_speaker,0.10191131383180618
different_speaker,0.12348426878452301
different_speaker,0.10286135971546173
different_speaker,0.13205726444721222
different_speaker,0.08841858804225922
different_speaker,0.12184685468673706
different_speaker,0.10660796612501144
different_speaker,0.13253626227378845
different_speaker,0.09882869571447372
different_speaker,0.09299535304307938
different_speaker,0.022127194330096245
different_speaker,0.12198177725076675
different_speaker,0.021755145862698555
different_speaker,0.009703842923045158
different_speaker,0.03727264329791069
different_speaker,0.059373460710048676
different_speaker,0.057095736265182495
different_speaker,-0.01631232164800167
different_speaker,0.07190834730863571
different_speaker,0.020164046436548233
different_speaker,0.015426515601575375
different_speaker,0.009302432648837566
different_speaker,0.07071506977081299
different_speaker,0.1391705721616745
different_speaker,0.11112713068723679
different_speaker,0.09288537502288818
different_speaker,0.14400166273117065
different_speaker,0.023651370778679848
different_speaker,0.013020018115639687
different_speaker,0.08271341025829315
different_speaker,0.0179214458912611
different_speaker,-0.0011679489398375154
different_speaker,0.1273038238286972
different_speaker,0.06206661835312843
different_speaker,0.1417732536792755
different_speaker,0.16934704780578613
different_speaker,0.17861619591712952
different_speaker,0.02891872264444828
different_speaker,0.05387980490922928
different_speaker,0.06069386005401611
different_speaker,0.06063230335712433
different_speaker,0.08434469997882843
different_speaker,0.33175164461135864
different_speaker,0.2843380272388458
different_speaker,0.338594913482666
different_speaker,0.2912670969963074
different_speaker,0.3566671907901764
different_speaker,0.15806084871292114
different_speaker,0.30176451802253723
different_speaker,0.2562975585460663
different_speaker,0.25230178236961365
different_speaker,0.25825774669647217
different_speaker,-0.034082863479852676
different_speaker,-0.026335127651691437
different_speaker,-0.003926543518900871
different_speaker,-0.035566166043281555
different_speaker,-0.03395756706595421
different_speaker,0.13099628686904907
different_speaker,0.14395944774150848
different_speaker,0.1506638079881668
different_speaker,0.20056340098381042
different_speaker,0.06922631710767746
different_speaker,0.12411906570196152
different_speaker,0.10361317545175552
different_speaker,0.09961135685443878
different_speaker,0.11368518322706223
different_speaker,0.11719027906656265
different_speaker,0.04896333068609238
different_speaker,0.13137508928775787
different_speaker,0.04104616120457649
different_speaker,0.07891687005758286
different_speaker,-0.005721512716263533
different_speaker,0.2484428882598877
different_speaker,0.1590895801782608
different_speaker,0.19758249819278717
different_speaker,0.19107557833194733
different_speaker,0.16869376599788666
different_speaker,0.09462683647871017
different_speaker,0.14274486899375916
different_speaker,0.15962018072605133
different_speaker,0.14208748936653137
different_speaker,0.14241014420986176
different_speaker,0.1693059206008911
different_speaker,0.18099336326122284
different_speaker,0.15384380519390106
different_speaker,0.15275686979293823
different_speaker,0.17404921352863312
different_speaker,0.17686471343040466
different_speaker,0.2507162094116211
different_speaker,0.18031233549118042
different_speaker,0.24105940759181976
different_speaker,0.19279895722866058
different_speaker,0.0025457500014454126
different_speaker,0.002133550588041544
different_speaker,0.06349218636751175
different_speaker,0.06534343957901001
different_speaker,0.11591053009033203
different_speaker,0.18552939593791962
different_speaker,0.130244180560112
different_speaker,0.0835987776517868
different_speaker,0.11209869384765625
different_speaker,0.1408095508813858
different_speaker,-0.031694263219833374
different_speaker,-0.06325261294841766
different_speaker,-0.047470781952142715
different_speaker,-0.05504768714308739
different_speaker,-0.026670614257454872
different_speaker,0.04725026339292526
different_speaker,0.005832773633301258
different_speaker,0.0344931036233902
different_speaker,0.04334934428334236
different_speaker,0.041529666632413864
different_speaker,0.11713100969791412
different_speaker,0.11649230867624283
different_speaker,0.09099553525447845
different_speaker,0.13332636654376984
different_speaker,0.14654883742332458
different_speaker,0.07261091470718384
different_speaker,0.03537245839834213
different_speaker,0.010725652799010277
different_speaker,-0.07023424655199051
different_speaker,0.025701405480504036
different_speaker,0.019875681027770042
different_speaker,0.02376815676689148
different_speaker,0.03413193300366402
different_speaker,0.04933198168873787
different_speaker,0.07046014815568924
different_speaker,0.05804619565606117
different_speaker,0.1546473205089569
different_speaker,0.11404472589492798
different_speaker,0.09647965431213379
different_speaker,0.08894028514623642
different_speaker,0.11930874735116959
different_speaker,0.18895241618156433
different_speaker,0.17299377918243408
different_speaker,0.1265217810869217
different_speaker,0.17640328407287598
different_speaker,0.07157181203365326
different_speaker,0.05813586711883545
different_speaker,0.13126273453235626
different_speaker,0.05472933501005173
different_speaker,0.00960024818778038
different_speaker,0.07549342513084412
different_speaker,0.02337738126516342
different_speaker,0.1012783944606781
different_speaker,0.13937972486019135
different_speaker,0.12692731618881226
different_speaker,0.07172831892967224
different_speaker,0.0882485955953598
different_speaker,0.12513884902000427
different_speaker,0.08914501219987869
different_speaker,0.11276720464229584
different_speaker,0.33308956027030945
different_speaker,0.29239100217819214
different_speaker,0.33115360140800476
different_speaker,0.28479477763175964
different_speaker,0.371116042137146
different_speaker,0.09229680895805359
different_speaker,0.22390811145305634
different_speaker,0.17157015204429626
different_speaker,0.15632960200309753
different_speaker,0.17485707998275757
different_speaker,0.13312911987304688
different_speaker,0.13934426009655
different_speaker,0.12663543224334717
different_speaker,0.07430759817361832
different_speaker,0.12161540240049362
different_speaker,0.11690939217805862
different_speaker,0.13319888710975647
different_speaker,0.1579723060131073
different_speaker,0.1986551135778427
different_speaker,0.12662552297115326
different_speaker,0.11908969283103943
different_speaker,0.10059858858585358
different_speaker,0.10392770916223526
different_speaker,0.13041558861732483
different_speaker,0.12179169803857803
different_speaker,0.1491168737411499
different_speaker,0.17240533232688904
different_speaker,0.06722942739725113
different_speaker,0.07355991750955582
different_speaker,0.01626649871468544
different_speaker,0.21312853693962097
different_speaker,0.14241929352283478
different_speaker,0.15018261969089508
different_speaker,0.14849478006362915
different_speaker,0.13018429279327393
different_speaker,0.09421680867671967
different_speaker,0.17327861487865448
different_speaker,0.1935289353132248
different_speaker,0.1678222417831421
different_speaker,0.1503683477640152
different_speaker,0.17789801955223083
different_speaker,0.15371420979499817
different_speaker,0.1164579764008522
different_speaker,0.11316662281751633
different_speaker,0.1121644452214241
different_speaker,0.22150756418704987
different_speaker,0.3415500521659851
different_speaker,0.26159316301345825
different_speaker,0.3536386489868164
different_speaker,0.22523468732833862
different_speaker,0.10592939704656601
different_speaker,0.11508943140506744
different_speaker,0.15186768770217896
different_speaker,0.16359293460845947
different_speaker,0.2162179797887802
different_speaker,0.14614428579807281
different_speaker,0.11828871071338654
different_speaker,0.04219712316989899
different_speaker,0.10373958200216293
different_speaker,0.1736592799425125
different_speaker,0.039750389754772186
different_speaker,0.015513000078499317
different_speaker,0.05421149358153343
different_speaker,0.006831170525401831
different_speaker,0.07279068231582642
different_speaker,-0.016191134229302406
different_speaker,-0.03434470295906067
different_speaker,-0.018472936004400253
different_speaker,0.026513271033763885
different_speaker,-0.0031527304090559483
different_speaker,0.07439126819372177
different_speaker,0.10893749445676804
different_speaker,0.07299935817718506
different_speaker,0.12953083217144012
different_speaker,0.10190419107675552
different_speaker,0.06804925948381424
different_speaker,0.0440533347427845
different_speaker,0.05813232809305191
different_speaker,-0.013649682514369488
different_speaker,0.07500690221786499
different_speaker,0.08934751898050308
different_speaker,0.03528503701090813
different_speaker,0.059690337628126144
different_speaker,0.13780714571475983
different_speaker,0.088971808552742
different_speaker,-0.034505750983953476
different_speaker,0.05310702323913574
different_speaker,0.016616271808743477
different_speaker,-0.002160042291507125
different_speaker,0.010851448401808739
different_speaker,0.12901735305786133
different_speaker,0.1817275881767273
different_speaker,0.1907033920288086
different_speaker,0.1237596943974495
different_speaker,0.15119946002960205
different_speaker,0.09232345223426819
different_speaker,0.0880730077624321
different_speaker,0.10449020564556122
different_speaker,0.0428960882127285
different_speaker,0.07167047262191772
different_speaker,0.10688590258359909
different_speaker,0.018271328881382942
different_speaker,0.11815763264894485
different_speaker,0.14829574525356293
different_speaker,0.13059814274311066
different_speaker,0.08167622983455658
different_speaker,0.05738348141312599
different_speaker,0.08735164999961853
different_speaker,0.06963840872049332
different_speaker,0.08834290504455566
different_speaker,0.3174135088920593
different_speaker,0.252810001373291
different_speaker,0.28690946102142334
different_speaker,0.303132563829422
different_speaker,0.3325163424015045
different_speaker,0.1256578266620636
different_speaker,0.21987217664718628
different_speaker,0.18501147627830505
different_speaker,0.21290217339992523
different_speaker,0.18546761572360992
different_speaker,0.06360399723052979
different_speaker,0.055021535605192184
different_speaker,0.12032951414585114
different_speaker,0.058541469275951385
different_speaker,0.04178900271654129
different_speaker,0.07572639733552933
different_speaker,0.07756024599075317
different_speaker,0.0858079195022583
different_speaker,0.049946509301662445
different_speaker,0.07499085366725922
different_speaker,0.14065976440906525
different_speaker,0.07639115303754807
different_speaker,0.12409760802984238
different_speaker,0.13594003021717072
different_speaker,0.10192229598760605
different_speaker,0.07440463453531265
different_speaker,0.11827993392944336
different_speaker,-0.017458174377679825
different_speaker,-0.0028383268509060144
different_speaker,-0.08804824948310852
different_speaker,0.2277112752199173
different_speaker,0.24695946276187897
different_speaker,0.2724379003047943
different_speaker,0.19454190135002136
different_speaker,0.2457263469696045
different_speaker,0.0006576930754818022
different_speaker,0.06262039393186569
different_speaker,0.07223697751760483
different_speaker,0.10790800303220749
different_speaker,0.03144843131303787
different_speaker,0.17206300795078278
different_speaker,0.14096441864967346
different_speaker,0.12981264293193817
different_speaker,0.1135866716504097
different_speaker,0.12298993766307831
different_speaker,0.23256276547908783
different_speaker,0.2492995262145996
different_speaker,0.1998826265335083
different_speaker,0.24304066598415375
different_speaker,0.244611456990242
different_speaker,0.018139097839593887
different_speaker,-0.015221087262034416
different_speaker,0.10469095408916473
different_speaker,0.08072876185178757
different_speaker,0.12846656143665314
different_speaker,0.12993007898330688
different_speaker,0.09147559851408005
different_speaker,0.06230746582150459
different_speaker,0.07326259464025497
different_speaker,0.14099697768688202
different_speaker,0.057073839008808136
different_speaker,-0.022536303848028183
different_speaker,0.05817674472928047
different_speaker,0.0901663601398468
different_speaker,0.07455486804246902
different_speaker,0.00840434618294239
different_speaker,0.00019609564333222806
different_speaker,0.003223226871341467
different_speaker,0.015480277128517628
different_speaker,0.007479730527848005
different_speaker,0.05166637897491455
different_speaker,0.10105060040950775
different_speaker,0.06937454640865326
different_speaker,0.10487575829029083
different_speaker,0.11777544021606445
different_speaker,0.09679310023784637
different_speaker,0.05208294838666916
different_speaker,0.06771808117628098
different_speaker,-0.01331616286188364
different_speaker,0.10013668984174728
different_speaker,0.07381990551948547
different_speaker,0.05564826726913452
different_speaker,0.053570106625556946
different_speaker,0.11772173643112183
different_speaker,0.08987850695848465
different_speaker,-0.04569612815976143
different_speaker,0.0725315660238266
different_speaker,0.016615061089396477
different_speaker,-0.009905108250677586
different_speaker,0.023371806368231773
different_speaker,0.10930518060922623
different_speaker,0.14479370415210724
different_speaker,0.10506770759820938
different_speaker,0.15870200097560883
different_speaker,0.19767245650291443
different_speaker,0.09607889503240585
different_speaker,0.04991590231657028
different_speaker,0.08656997978687286
different_speaker,0.03833497315645218
different_speaker,0.04838274046778679
different_speaker,0.0392044261097908
different_speaker,-0.036980193108320236
different_speaker,0.0875876247882843
different_speaker,0.11548326909542084
different_speaker,0.0853029116988182
different_speaker,0.12725530564785004
different_speaker,0.08798074722290039
different_speaker,0.13398264348506927
different_speaker,0.08096770197153091
different_speaker,0.11941465735435486
different_speaker,0.30439138412475586
different_speaker,0.2549106478691101
different_speaker,0.2701091170310974
different_speaker,0.31556010246276855
different_speaker,0.3148256838321686
different_speaker,0.08825363963842392
different_speaker,0.1853991150856018
different_speaker,0.18060538172721863
different_speaker,0.18686965107917786
different_speaker,0.1766618937253952
different_speaker,0.055381081998348236
different_speaker,0.08529306203126907
different_speaker,0.1349509358406067
different_speaker,0.1170271635055542
different_speaker,0.10606177151203156
different_speaker,0.09895061701536179
different_speaker,0.07977859675884247
different_speaker,0.09689661860466003
different_speaker,0.1261294186115265
different_speaker,0.10775488615036011
different_speaker,0.1080881878733635
different_speaker,0.05783144757151604
different_speaker,0.12069667130708694
different_speaker,0.11579468101263046
different_speaker,0.08433689177036285
different_speaker,0.04858103021979332
different_speaker,0.10386292636394501
different_speaker,-0.0502413734793663
different_speaker,-0.014819888398051262
different_speaker,-0.10217834264039993
different_speaker,0.27636632323265076
different_speaker,0.28420647978782654
different_speaker,0.3213282823562622
different_speaker,0.27677929401397705
different_speaker,0.28769174218177795
different_speaker,0.02276036888360977
different_speaker,0.07098174095153809
different_speaker,0.08041441440582275
different_speaker,0.11088059097528458
different_speaker,0.06614622473716736
different_speaker,0.1932809054851532
different_speaker,0.17680807411670685
different_speaker,0.19155004620552063
different_speaker,0.160243958234787
different_speaker,0.1364184468984604
different_speaker,0.32236021757125854
different_speaker,0.3637551963329315
different_speaker,0.3159063756465912
different_speaker,0.3221239745616913
different_speaker,0.337441623210907
different_speaker,0.05787055194377899
different_speaker,0.02070951648056507
different_speaker,0.13346846401691437
different_speaker,0.11067754775285721
different_speaker,0.1764523684978485
different_speaker,0.15079636871814728
different_speaker,0.11849502474069595
different_speaker,0.09404950588941574
different_speaker,0.10200311988592148
different_speaker,0.13785506784915924
different_speaker,-0.012413626536726952
different_speaker,-0.05532723665237427
different_speaker,-0.007376328110694885
different_speaker,0.005188926123082638
different_speaker,0.0005204337066970766
different_speaker,0.29042375087738037
different_speaker,0.20101921260356903
different_speaker,0.31600049138069153
different_speaker,0.2728728652000427
different_speaker,0.2943248748779297
different_speaker,0.17181426286697388
different_speaker,0.08837427198886871
different_speaker,0.16131573915481567
different_speaker,0.22963884472846985
different_speaker,0.14807501435279846
different_speaker,-0.009673838503658772
different_speaker,-0.07945458590984344
different_speaker,0.003301997436210513
different_speaker,-0.027102617546916008
different_speaker,-0.11013729125261307
different_speaker,-0.02097945287823677
different_speaker,0.01353630144149065
different_speaker,0.0182863250374794
different_speaker,0.03269443288445473
different_speaker,-0.005426872055977583
different_speaker,0.06089719384908676
different_speaker,-0.0014972337521612644
different_speaker,0.05076754838228226
different_speaker,-0.05283414572477341
different_speaker,-0.016923513263463974
different_speaker,-0.010652991943061352
different_speaker,0.04240739345550537
different_speaker,0.08100125193595886
different_speaker,0.07367350161075592
different_speaker,0.054921481758356094
different_speaker,0.05392588675022125
different_speaker,0.055125441402196884
different_speaker,0.07757136970758438
different_speaker,0.025336449965834618
different_speaker,-0.029822690412402153
different_speaker,-0.05546444281935692
different_speaker,-0.04366501793265343
different_speaker,-0.08057256788015366
different_speaker,-0.1052868440747261
different_speaker,-0.08371467143297195
different_speaker,0.07883702963590622
different_speaker,0.07659141719341278
different_speaker,0.09166745096445084
different_speaker,0.07871890068054199
different_speaker,0.06082852929830551
different_speaker,-0.003134261118248105
different_speaker,0.0622033029794693
different_speaker,0.10027316212654114
different_speaker,0.07094033062458038
different_speaker,0.0634894147515297
different_speaker,-0.0558166578412056
different_speaker,-0.10966428369283676
different_speaker,-0.003611290128901601
different_speaker,-0.017096642404794693
different_speaker,-0.051929719746112823
different_speaker,0.13093338906764984
different_speaker,0.12188143283128738
different_speaker,0.07728220522403717
different_speaker,0.11137787252664566
different_speaker,0.23724715411663055
different_speaker,0.0059400275349617004
different_speaker,-0.012766641564667225
different_speaker,0.006791249383240938
different_speaker,-0.04288483411073685
different_speaker,0.003615336725488305
different_speaker,0.04550688713788986
different_speaker,0.08522985130548477
different_speaker,0.029614562168717384
different_speaker,0.09824264794588089
different_speaker,0.07691173255443573
different_speaker,0.08599208295345306
different_speaker,-0.08223992586135864
different_speaker,0.0862816721200943
different_speaker,0.04775843396782875
different_speaker,0.03088773414492607
different_speaker,0.17466577887535095
different_speaker,0.06700988858938217
different_speaker,0.18622159957885742
different_speaker,0.09159991890192032
different_speaker,0.04364540055394173
different_speaker,-0.09191178530454636
different_speaker,-0.054982300847768784
different_speaker,-0.05060210078954697
different_speaker,-0.10866643488407135
different_speaker,-0.022478491067886353
different_speaker,-0.04812157154083252
different_speaker,0.0020742721389979124
different_speaker,-0.032282695174217224
different_speaker,-0.002493270905688405
different_speaker,-0.0212944857776165
different_speaker,0.023242969065904617
different_speaker,0.05872933194041252
different_speaker,0.06880685687065125
different_speaker,0.06152493134140968
different_speaker,0.06414937973022461
different_speaker,-0.044922079890966415
different_speaker,-0.06484432518482208
different_speaker,-0.06492461264133453
different_speaker,-0.011239302344620228
different_speaker,-0.11781106889247894
different_speaker,-0.05559337139129639
different_speaker,-0.03431973606348038
different_speaker,0.005871969275176525
different_speaker,-0.11907654255628586
different_speaker,-0.055413953959941864
different_speaker,0.27543196082115173
different_speaker,0.17745643854141235
different_speaker,0.32516762614250183
different_speaker,0.23555870354175568
different_speaker,0.32154813408851624
different_speaker,0.17816343903541565
different_speaker,0.12376853823661804
different_speaker,0.1799287647008896
different_speaker,0.26425012946128845
different_speaker,0.1782287061214447
different_speaker,0.12093136459589005
different_speaker,0.10490923374891281
different_speaker,0.09217993915081024
different_speaker,0.07667921483516693
different_speaker,0.032033227384090424
different_speaker,0.042447108775377274
different_speaker,0.07434013485908508
different_speaker,0.09696047753095627
different_speaker,0.13651777803897858
different_speaker,0.08740190416574478
different_speaker,0.13409410417079926
different_speaker,0.13204050064086914
different_speaker,0.14065255224704742
different_speaker,0.028295088559389114
different_speaker,0.04823692888021469
different_speaker,0.017845062538981438
different_speaker,0.042883746325969696
different_speaker,0.06101999431848526
different_speaker,0.04502703994512558
different_speaker,0.07604999840259552
different_speaker,-0.02159668318927288
different_speaker,0.024052273482084274
different_speaker,0.030795680359005928
different_speaker,0.007159470580518246
different_speaker,-0.014682608656585217
different_speaker,0.023017870262265205
different_speaker,0.057189177721738815
different_speaker,-0.04479345306754112
different_speaker,-0.08215103298425674
different_speaker,-0.06708978861570358
different_speaker,-0.025902139022946358
different_speaker,0.009596770629286766
different_speaker,0.0029331818222999573
different_speaker,0.0046526044607162476
different_speaker,-0.010894740000367165
different_speaker,-0.08772611618041992
different_speaker,-0.01890931837260723
different_speaker,0.025603581219911575
different_speaker,-0.004707432352006435
different_speaker,-0.03703978657722473
different_speaker,-0.022232385352253914
different_speaker,-0.05016522482037544
different_speaker,0.06532517075538635
different_speaker,0.04841919615864754
different_speaker,-0.005457911174744368
different_speaker,0.11862561851739883
different_speaker,0.1295250654220581
different_speaker,0.10632134974002838
different_speaker,0.09800595790147781
different_speaker,0.21035072207450867
different_speaker,-0.028757216408848763
different_speaker,-0.062478888779878616
different_speaker,-0.010193216614425182
different_speaker,-0.07963975518941879
different_speaker,0.012632505968213081
different_speaker,0.023356661200523376
different_speaker,0.08858378976583481
different_speaker,0.030852947384119034
different_speaker,0.05989687144756317
different_speaker,0.08949778974056244
different_speaker,0.03666533902287483
different_speaker,-0.06565681844949722
different_speaker,0.033899229019880295
different_speaker,0.019092708826065063
different_speaker,0.001886318321339786
different_speaker,0.16988444328308105
different_speaker,0.08337364345788956
different_speaker,0.17624130845069885
different_speaker,0.08561617881059647
different_speaker,0.06958620250225067
different_speaker,-0.041023507714271545
different_speaker,-0.019307788461446762
different_speaker,0.01186466496437788
different_speaker,-0.007589888758957386
different_speaker,-0.01981116458773613
different_speaker,0.0008446148131042719
different_speaker,0.03882571682333946
different_speaker,0.035192590206861496
different_speaker,0.026589641347527504
different_speaker,0.034733954817056656
different_speaker,0.08134530484676361
different_speaker,0.10059268027544022
different_speaker,0.10092617571353912
different_speaker,0.11592861264944077
different_speaker,0.11389908939599991
different_speaker,-0.16150082647800446
different_speaker,-0.048321571201086044
different_speaker,-0.08973759412765503
different_speaker,-0.09723515808582306
different_speaker,-0.12276472896337509
different_speaker,-0.05530260130763054
different_speaker,0.041405029594898224
different_speaker,0.04238433018326759
different_speaker,-0.027774354442954063
different_speaker,-0.04402992129325867
different_speaker,0.22433771193027496
different_speaker,0.14005029201507568
different_speaker,0.2584764063358307
different_speaker,0.2083158642053604
different_speaker,0.24509182572364807
different_speaker,0.1974153071641922
different_speaker,0.15008728206157684
different_speaker,0.21208585798740387
different_speaker,0.29143935441970825
different_speaker,0.1685166209936142
different_speaker,-0.028883548453450203
different_speaker,-0.060949523001909256
different_speaker,-0.024828817695379257
different_speaker,-0.031039834022521973
different_speaker,-0.10617659986019135
different_speaker,0.006361598148941994
different_speaker,0.04881400987505913
different_speaker,0.05220874026417732
different_speaker,0.09288443624973297
different_speaker,0.054300691932439804
different_speaker,0.02558170072734356
different_speaker,-0.028530428186058998
different_speaker,0.06441447883844376
different_speaker,-0.07844989746809006
different_speaker,-0.028060393407940865
different_speaker,-0.06212626025080681
different_speaker,-0.012198138982057571
different_speaker,0.0073736440390348434
different_speaker,0.016096848994493484
different_speaker,0.016172155737876892
different_speaker,0.029868390411138535
different_speaker,0.06598696857690811
different_speaker,0.09580441564321518
different_speaker,0.03358922898769379
different_speaker,-0.012083259411156178
different_speaker,-0.057877905666828156
different_speaker,-0.06475681066513062
different_speaker,-0.09476190060377121
different_speaker,-0.10610275715589523
different_speaker,-0.10398312658071518
different_speaker,0.05192306637763977
different_speaker,0.03696069121360779
different_speaker,0.04001303389668465
different_speaker,0.07576309889554977
different_speaker,0.04750644043087959
different_speaker,-0.03540640324354172
different_speaker,0.03589312359690666
different_speaker,0.07817956060171127
different_speaker,0.07437750697135925
different_speaker,0.05176103487610817
different_speaker,-0.03388451412320137
different_speaker,-0.08590136468410492
different_speaker,0.025223862379789352
different_speaker,-0.0010256868554279208
different_speaker,-0.03858485445380211
different_speaker,0.12564989924430847
different_speaker,0.13000154495239258
different_speaker,0.11055479943752289
different_speaker,0.10837710648775101
different_speaker,0.2537838816642761
different_speaker,0.06429638713598251
different_speaker,0.03582334890961647
different_speaker,0.06194488704204559
different_speaker,0.009430654346942902
different_speaker,0.04794104024767876
different_speaker,0.08249197900295258
different_speaker,0.07294385135173798
different_speaker,0.05244556441903114
different_speaker,0.11914778500795364
different_speaker,0.09411066025495529
different_speaker,0.11872359365224838
different_speaker,-0.04201812297105789
different_speaker,0.08421111106872559
different_speaker,0.06402973085641861
different_speaker,0.048098739236593246
different_speaker,0.10160339623689651
different_speaker,0.008791071362793446
different_speaker,0.11469054967164993
different_speaker,0.008309715427458286
different_speaker,0.009241261519491673
different_speaker,-0.13651932775974274
different_speaker,-0.11112954467535019
different_speaker,-0.09032907336950302
different_speaker,-0.13695664703845978
different_speaker,-0.059988684952259064
different_speaker,-0.063847616314888
different_speaker,-0.021292977035045624
different_speaker,-0.0601920485496521
different_speaker,-0.031232256442308426
different_speaker,-0.01938464492559433
different_speaker,0.04792163521051407
different_speaker,0.10192422568798065
different_speaker,0.08588483929634094
different_speaker,0.0854923352599144
different_speaker,0.09610196202993393
different_speaker,-0.058839406818151474
different_speaker,-0.0378032922744751
different_speaker,-0.04605700075626373
different_speaker,-0.028036126866936684
different_speaker,-0.08852064609527588
different_speaker,-0.046394675970077515
different_speaker,-0.04369254410266876
different_speaker,0.0012881482252851129
different_speaker,-0.10839647054672241
different_speaker,-0.07881153374910355
different_speaker,0.28806304931640625
different_speaker,0.21096335351467133
different_speaker,0.3109547197818756
different_speaker,0.24216116964817047
different_speaker,0.32356101274490356
different_speaker,0.13838572800159454
different_speaker,0.09478194266557693
different_speaker,0.14300653338432312
different_speaker,0.24574512243270874
different_speaker,0.1486845761537552
different_speaker,0.10042212903499603
different_speaker,0.06242549046874046
different_speaker,0.03853844106197357
different_speaker,0.07124987244606018
different_speaker,0.003617233131080866
different_speaker,0.009311039932072163
different_speaker,0.04355461150407791
different_speaker,0.0573558434844017
different_speaker,0.1022140383720398
different_speaker,0.023501506075263023
different_speaker,0.16622556746006012
different_speaker,0.1176716536283493
different_speaker,0.14382006227970123
different_speaker,0.03714045509696007
different_speaker,0.04245049133896828
different_speaker,0.02868814580142498
different_speaker,0.08361709117889404
different_speaker,0.11642493307590485
different_speaker,0.10866252332925797
different_speaker,0.1004311665892601
different_speaker,0.05699355527758598
different_speaker,0.0944279134273529
different_speaker,0.10827119648456573
different_speaker,0.04350105673074722
different_speaker,0.061386588960886
different_speaker,0.003131444100290537
different_speaker,0.06664301455020905
different_speaker,-0.0244608037173748
different_speaker,-0.03942590579390526
different_speaker,-0.015929458662867546
different_speaker,0.05931412801146507
different_speaker,0.023900391533970833
different_speaker,0.06868774443864822
different_speaker,0.0624166764318943
different_speaker,0.0700947716832161
different_speaker,-0.010471130721271038
different_speaker,0.0579741969704628
different_speaker,0.09705726057291031
different_speaker,0.03222707286477089
different_speaker,0.029158836230635643
different_speaker,-0.05390225350856781
different_speaker,-0.12737615406513214
different_speaker,0.0112729137763381
different_speaker,-0.03707290068268776
different_speaker,-0.06467825919389725
different_speaker,0.10120661556720734
different_speaker,0.11289678514003754
different_speaker,0.05818501487374306
different_speaker,0.06286963075399399
different_speaker,0.21104618906974792
different_speaker,0.02850124053657055
different_speaker,0.007881437428295612
different_speaker,0.024770356714725494
different_speaker,-0.030545415356755257
different_speaker,0.05731305852532387
different_speaker,0.06040177866816521
different_speaker,0.08505823463201523
different_speaker,0.026847241446375847
different_speaker,0.06737232953310013
different_speaker,0.07403106242418289
different_speaker,0.06252358853816986
different_speaker,-0.04595506936311722
different_speaker,0.06837918609380722
different_speaker,0.03211778402328491
different_speaker,0.019450420513749123
different_speaker,0.14398017525672913
different_speaker,0.05426863953471184
different_speaker,0.141805499792099
different_speaker,0.06975974142551422
different_speaker,0.034274872392416
different_speaker,-0.017642976716160774
different_speaker,0.000495912681799382
different_speaker,0.00036391886533237994
different_speaker,-0.021455997601151466
different_speaker,0.021138913929462433
different_speaker,-0.08382027596235275
different_speaker,-0.04794128239154816
different_speaker,-0.0722413882613182
different_speaker,-0.09334323555231094
different_speaker,-0.045237213373184204
different_speaker,0.055894751101732254
different_speaker,0.08951296657323837
different_speaker,0.07937433570623398
different_speaker,0.06655650585889816
different_speaker,0.10229766368865967
different_speaker,-0.01328559685498476
different_speaker,-0.033086586743593216
different_speaker,-0.009301111102104187
different_speaker,0.00468578701838851
different_speaker,-0.04213644936680794
different_speaker,-0.013348731212317944
different_speaker,0.010574289597570896
different_speaker,0.04502483829855919
different_speaker,-0.03417123854160309
different_speaker,-0.04491120204329491
different_speaker,0.2874833345413208
different_speaker,0.2005845010280609
different_speaker,0.33495259284973145
different_speaker,0.26080968976020813
different_speaker,0.3021453619003296
different_speaker,0.19679298996925354
different_speaker,0.09989703446626663
different_speaker,0.18668605387210846
different_speaker,0.26449137926101685
different_speaker,0.17156077921390533
different_speaker,0.0515158511698246
different_speaker,-0.011007718741893768
different_speaker,0.05497530475258827
different_speaker,0.03264927864074707
different_speaker,-0.029198354110121727
different_speaker,-0.010109739378094673
different_speaker,0.03410184383392334
different_speaker,0.024265235289931297
different_speaker,0.07087293267250061
different_speaker,0.01715531386435032
different_speaker,0.06053972244262695
different_speaker,0.00785909779369831
different_speaker,0.09124860912561417
different_speaker,-0.06224779039621353
different_speaker,-0.019991209730505943
different_speaker,-0.01989494264125824
different_speaker,0.029986906796693802
different_speaker,0.07791971415281296
different_speaker,0.03652861714363098
different_speaker,0.05178287252783775
different_speaker,0.07797466218471527
different_speaker,0.09212145209312439
different_speaker,0.10076502710580826
different_speaker,0.029395530000329018
different_speaker,-0.003083186224102974
different_speaker,-0.0930105447769165
different_speaker,-0.04827740788459778
different_speaker,-0.1182636022567749
different_speaker,-0.1229134127497673
different_speaker,-0.10910439491271973
different_speaker,0.057528939098119736
different_speaker,0.055292051285505295
different_speaker,0.06804395467042923
different_speaker,0.06445153057575226
different_speaker,0.05449671298265457
different_speaker,-0.011251150630414486
different_speaker,0.07233192771673203
different_speaker,0.07068638503551483
different_speaker,0.0760684609413147
different_speaker,0.03383294865489006
different_speaker,-0.04104792699217796
different_speaker,-0.08817343413829803
different_speaker,0.017728904262185097
different_speaker,-0.01813649572432041
different_speaker,-0.049013901501894
different_speaker,0.10665833950042725
different_speaker,0.09266790747642517
different_speaker,0.07485456019639969
different_speaker,0.10894762724637985
different_speaker,0.20314206182956696
different_speaker,0.03707408905029297
different_speaker,0.012008372694253922
different_speaker,0.03775949031114578
different_speaker,-0.013405486941337585
different_speaker,0.039795808494091034
different_speaker,0.06583675742149353
different_speaker,0.11542819440364838
different_speaker,0.052410680800676346
different_speaker,0.13892440497875214
different_speaker,0.10806524008512497
different_speaker,0.09598834067583084
different_speaker,-0.05700618028640747
different_speaker,0.08438191562891006
different_speaker,0.0705670639872551
different_speaker,0.04360552504658699
different_speaker,0.11463305354118347
different_speaker,0.007463498041033745
different_speaker,0.13227762281894684
different_speaker,0.015583515167236328
different_speaker,0.012268598191440105
different_speaker,-0.10410892963409424
different_speaker,-0.08559855073690414
different_speaker,-0.06018206849694252
different_speaker,-0.0931488648056984
different_speaker,-0.041129935532808304
different_speaker,-0.03699538856744766
different_speaker,0.023707011714577675
different_speaker,-0.02832753397524357
different_speaker,-0.018090862780809402
different_speaker,-0.017237642779946327
different_speaker,-0.020722268149256706
different_speaker,0.04104491323232651
different_speaker,0.01924949511885643
different_speaker,0.042056854814291
different_speaker,0.03954051434993744
different_speaker,-0.12608827650547028
different_speaker,-0.04451015219092369
different_speaker,-0.10105469077825546
different_speaker,-0.07446246594190598
different_speaker,-0.07703056186437607
different_speaker,-0.04651579633355141
different_speaker,0.005181829445064068
different_speaker,0.010036245919764042
different_speaker,-0.08437872678041458
different_speaker,-0.049775343388319016
different_speaker,0.03600270301103592
different_speaker,0.018599292263388634
different_speaker,0.03532824292778969
different_speaker,0.0539105124771595
different_speaker,0.04743478447198868
different_speaker,0.282291978597641
different_speaker,0.21928931772708893
different_speaker,0.1750178039073944
different_speaker,0.266034334897995
different_speaker,0.29378536343574524
different_speaker,0.10435163974761963
different_speaker,0.10834180563688278
different_speaker,0.08709125965833664
different_speaker,0.15706416964530945
different_speaker,0.11765705794095993
different_speaker,0.32257044315338135
different_speaker,0.33906814455986023
different_speaker,0.27463972568511963
different_speaker,0.18279609084129333
different_speaker,0.13883180916309357
different_speaker,0.32220929861068726
different_speaker,0.35494470596313477
different_speaker,0.2795424163341522
different_speaker,0.2412443906068802
different_speaker,0.23553502559661865
different_speaker,-0.013261244632303715
different_speaker,-0.09020069986581802
different_speaker,-0.021422313526272774
different_speaker,0.01674707606434822
different_speaker,0.018085574731230736
different_speaker,0.30996301770210266
different_speaker,0.3231675922870636
different_speaker,0.2801675796508789
different_speaker,0.3083188235759735
different_speaker,0.2167826145887375
different_speaker,0.008852703496813774
different_speaker,0.005876712501049042
different_speaker,-0.007478947285562754
different_speaker,-0.0199327003210783
different_speaker,0.011838779784739017
different_speaker,0.11505085229873657
different_speaker,0.0031374343670904636
different_speaker,0.028660180047154427
different_speaker,0.004217119421809912
different_speaker,0.03727543726563454
different_speaker,0.020065752789378166
different_speaker,0.017385635524988174
different_speaker,-0.014164603315293789
different_speaker,-0.04650174826383591
different_speaker,-0.03295207396149635
different_speaker,0.18650682270526886
different_speaker,0.17350998520851135
different_speaker,0.18503792583942413
different_speaker,0.16091524064540863
different_speaker,0.061324041336774826
different_speaker,0.07603583484888077
different_speaker,-0.028958775103092194
different_speaker,0.047428570687770844
different_speaker,0.03995196148753166
different_speaker,0.06033408269286156
different_speaker,-0.0008169588982127607
different_speaker,-0.0009594378061592579
different_speaker,-0.0361730195581913
different_speaker,0.024365605786442757
different_speaker,-0.015535343438386917
different_speaker,0.08281785249710083
different_speaker,0.12759017944335938
different_speaker,0.08058399707078934
different_speaker,0.009857435710728168
different_speaker,0.07997274398803711
different_speaker,0.16175135970115662
different_speaker,0.12528710067272186
different_speaker,0.1533266007900238
different_speaker,0.11665764451026917
different_speaker,0.1256159245967865
different_speaker,0.06513811647891998
different_speaker,0.1009984016418457
different_speaker,0.04135963320732117
different_speaker,0.03965223208069801
different_speaker,0.09864071011543274
different_speaker,0.07896418124437332
different_speaker,0.07370629906654358
different_speaker,0.06824083626270294
different_speaker,0.04719816520810127
different_speaker,0.06362511217594147
different_speaker,0.0564405657351017
different_speaker,0.058130621910095215
different_speaker,0.0772426500916481
different_speaker,0.05362170189619064
different_speaker,0.06314780563116074
different_speaker,0.11754809319972992
different_speaker,0.12873509526252747
different_speaker,0.08383913338184357
different_speaker,0.08698631078004837
different_speaker,0.17611023783683777
different_speaker,0.036249976605176926
different_speaker,0.016449980437755585
different_speaker,0.03050648234784603
different_speaker,0.021826311945915222
different_speaker,0.024392137303948402
different_speaker,0.029940200969576836
different_speaker,0.01761634647846222
different_speaker,0.02293689362704754
different_speaker,-0.008922428824007511
different_speaker,0.054638732224702835
different_speaker,0.2836141884326935
different_speaker,0.23953445255756378
different_speaker,0.18035770952701569
different_speaker,0.33281663060188293
different_speaker,0.304852157831192
different_speaker,0.12712301313877106
different_speaker,0.10508579760789871
different_speaker,0.08786451071500778
different_speaker,0.160026416182518
different_speaker,0.13323603570461273
different_speaker,0.2709841728210449
different_speaker,0.26329928636550903
different_speaker,0.24045003950595856
different_speaker,0.16689082980155945
different_speaker,0.15359452366828918
different_speaker,0.4039579927921295
different_speaker,0.3797375559806824
different_speaker,0.3306690454483032
different_speaker,0.3013238310813904
different_speaker,0.2815753221511841
different_speaker,0.01648847386240959
different_speaker,-0.007405757904052734
different_speaker,0.06737536936998367
different_speaker,0.06187077984213829
different_speaker,0.0582597441971302
different_speaker,0.26795321702957153
different_speaker,0.28253501653671265
different_speaker,0.23070067167282104
different_speaker,0.27515909075737
different_speaker,0.23772269487380981
different_speaker,-0.0299230869859457
different_speaker,0.00910971686244011
different_speaker,-0.023060064762830734
different_speaker,-0.07159847021102905
different_speaker,0.017054466530680656
different_speaker,0.09006347507238388
different_speaker,-0.008227604441344738
different_speaker,-0.01386308390647173
different_speaker,-0.022621626034379005
different_speaker,-0.006302354391664267
different_speaker,0.04103813320398331
different_speaker,0.027235383167862892
different_speaker,0.02380451001226902
different_speaker,-0.01900983788073063
different_speaker,-0.005133184138685465
different_speaker,0.267001748085022
different_speaker,0.2302943766117096
different_speaker,0.2401692271232605
different_speaker,0.2172008603811264
different_speaker,0.13371214270591736
different_speaker,0.07885593920946121
different_speaker,0.04049326851963997
different_speaker,0.10513199865818024
different_speaker,0.09113577753305435
different_speaker,0.14564009010791779
different_speaker,0.04847943037748337
different_speaker,0.019964097067713737
different_speaker,-0.01586792804300785
different_speaker,0.04318132624030113
different_speaker,0.017966294661164284
different_speaker,-0.005711195524781942
different_speaker,0.033462490886449814
different_speaker,0.0014719903701916337
different_speaker,-0.08978529274463654
different_speaker,0.00623162230476737
different_speaker,0.2183075100183487
different_speaker,0.13104583323001862
different_speaker,0.2016506791114807
different_speaker,0.13518647849559784
different_speaker,0.1466175615787506
different_speaker,0.019535111263394356
different_speaker,0.024987244978547096
different_speaker,0.008263546973466873
different_speaker,0.005356952548027039
different_speaker,0.03420373052358627
different_speaker,0.05876464396715164
different_speaker,0.07838136702775955
different_speaker,0.04325788468122482
different_speaker,0.02247755602002144
different_speaker,0.017605479806661606
different_speaker,-0.04681772738695145
different_speaker,-0.03580896556377411
different_speaker,0.011756067164242268
different_speaker,-0.009657301940023899
different_speaker,-0.014262006618082523
different_speaker,0.11121252179145813
different_speaker,0.08340393751859665
different_speaker,0.029853738844394684
different_speaker,0.05162975564599037
different_speaker,0.14543354511260986
different_speaker,0.03690691664814949
different_speaker,-0.029465535655617714
different_speaker,0.02450193651020527
different_speaker,0.017506243661046028
different_speaker,0.02872270718216896
different_speaker,0.09784648567438126
different_speaker,0.035006336867809296
different_speaker,0.03559333086013794
different_speaker,0.07362734526395798
different_speaker,0.12149760127067566
different_speaker,0.3517267405986786
different_speaker,0.3010495901107788
different_speaker,0.2114189863204956
different_speaker,0.3377043902873993
different_speaker,0.32152247428894043
different_speaker,0.09723830968141556
different_speaker,0.059382133185863495
different_speaker,0.0872344896197319
different_speaker,0.14444802701473236
different_speaker,0.10545927286148071
different_speaker,0.22415490448474884
different_speaker,0.24449509382247925
different_speaker,0.19602113962173462
different_speaker,0.12782849371433258
different_speaker,0.06069318205118179
different_speaker,0.4117521643638611
different_speaker,0.37153032422065735
different_speaker,0.3413190543651581
different_speaker,0.31973975896835327
different_speaker,0.29434895515441895
different_speaker,-0.05076008290052414
different_speaker,-0.09208393841981888
different_speaker,-0.03479727357625961
different_speaker,-0.021144360303878784
different_speaker,-0.0004819361784029752
different_speaker,0.22194604575634003
different_speaker,0.2704789340496063
different_speaker,0.23156225681304932
different_speaker,0.26595935225486755
different_speaker,0.19802628457546234
different_speaker,-0.007450408767908812
different_speaker,0.02646409533917904
different_speaker,-0.017799777910113335
different_speaker,-0.006742795463651419
different_speaker,-0.0035470332950353622
different_speaker,0.14037276804447174
different_speaker,0.03750172257423401
different_speaker,0.03898639976978302
different_speaker,0.03874654695391655
different_speaker,0.03679812327027321
different_speaker,0.015562115237116814
different_speaker,0.010754152201116085
different_speaker,0.025087568908929825
different_speaker,0.016914619132876396
different_speaker,0.02175898291170597
different_speaker,0.24955327808856964
different_speaker,0.18945705890655518
different_speaker,0.20966364443302155
different_speaker,0.17229588329792023
different_speaker,0.09820947051048279
different_speaker,0.06371170282363892
different_speaker,0.0479942224919796
different_speaker,0.11217775195837021
different_speaker,0.0940246433019638
different_speaker,0.10729672014713287
different_speaker,0.04822831600904465
different_speaker,0.05725639685988426
different_speaker,0.033824577927589417
different_speaker,0.06275641173124313
different_speaker,0.047007687389850616
different_speaker,-0.005342140328139067
different_speaker,0.047201912850141525
different_speaker,0.002580518601462245
different_speaker,-0.07921991497278214
different_speaker,-0.0017963256686925888
different_speaker,0.19178138673305511
different_speaker,0.13667170703411102
different_speaker,0.19453445076942444
different_speaker,0.15084894001483917
different_speaker,0.15680594742298126
different_speaker,0.09967108070850372
different_speaker,0.12181856483221054
different_speaker,0.11414399743080139
different_speaker,0.10197458416223526
different_speaker,0.12483706325292587
different_speaker,0.062289875000715256
different_speaker,0.06848876178264618
different_speaker,0.05196920037269592
different_speaker,0.01622706651687622
different_speaker,0.038441915065050125
different_speaker,-0.032510846853256226
different_speaker,0.027021024376153946
different_speaker,0.019690947607159615
different_speaker,0.003603107063099742
different_speaker,0.021293167024850845
different_speaker,0.08948291838169098
different_speaker,0.09494030475616455
different_speaker,0.04089230298995972
different_speaker,0.06640736013650894
different_speaker,0.0973546952009201
different_speaker,0.07604370266199112
different_speaker,0.09453897178173065
different_speaker,0.06938938051462173
different_speaker,0.08734962344169617
different_speaker,0.0636121928691864
different_speaker,0.049501724541187286
different_speaker,0.036655910313129425
different_speaker,0.05246993526816368
different_speaker,0.06948793679475784
different_speaker,0.09013204276561737
different_speaker,0.2576119005680084
different_speaker,0.21143116056919098
different_speaker,0.15564203262329102
different_speaker,0.2778966724872589
different_speaker,0.24716965854167938
different_speaker,0.06913702189922333
different_speaker,0.09253664314746857
different_speaker,0.03231301158666611
different_speaker,0.11860857158899307
different_speaker,0.08097413927316666
different_speaker,0.24255941808223724
different_speaker,0.27372321486473083
different_speaker,0.24236002564430237
different_speaker,0.1543363332748413
different_speaker,0.13359560072422028
different_speaker,0.2862853705883026
different_speaker,0.30254241824150085
different_speaker,0.19866733253002167
different_speaker,0.18131525814533234
different_speaker,0.1898609846830368
different_speaker,-0.004445916507393122
different_speaker,-0.059206120669841766
different_speaker,-0.012717976234853268
different_speaker,-0.005393847823143005
different_speaker,0.0007346209604293108
different_speaker,0.23194970190525055
different_speaker,0.22239956259727478
different_speaker,0.18816739320755005
different_speaker,0.2681826055049896
different_speaker,0.1406431794166565
different_speaker,-0.00531096663326025
different_speaker,-0.009265221655368805
different_speaker,-0.044675037264823914
different_speaker,-0.03012951649725437
different_speaker,0.03465349227190018
different_speaker,0.09222755581140518
different_speaker,0.03334614634513855
different_speaker,0.032905831933021545
different_speaker,0.048992130905389786
different_speaker,0.07115071266889572
different_speaker,0.02761933021247387
different_speaker,0.051453426480293274
different_speaker,0.01066755224019289
different_speaker,-0.003553961403667927
different_speaker,0.006773794069886208
different_speaker,0.23316733539104462
different_speaker,0.18617241084575653
different_speaker,0.19899582862854004
different_speaker,0.2082591950893402
different_speaker,0.06539618968963623
different_speaker,0.1012762114405632
different_speaker,-0.012236688286066055
different_speaker,0.08030989021062851
different_speaker,0.0370686799287796
different_speaker,0.07194022089242935
different_speaker,-0.015469251200556755
different_speaker,-0.0033422750420868397
different_speaker,-0.054533980786800385
different_speaker,0.012208047322928905
different_speaker,-0.038540538400411606
different_speaker,0.060982611030340195
different_speaker,0.09311102330684662
different_speaker,0.05029227212071419
different_speaker,-0.036494236439466476
different_speaker,0.057865481823682785
different_speaker,0.13436318933963776
different_speaker,0.04798353463411331
different_speaker,0.11659278720617294
different_speaker,0.028361618518829346
different_speaker,0.09325575828552246
different_speaker,0.060148295015096664
different_speaker,0.05761250481009483
different_speaker,0.038306381553411484
different_speaker,0.03900662064552307
different_speaker,0.08227051794528961
different_speaker,0.06923281401395798
different_speaker,0.07200387865304947
different_speaker,0.05845300108194351
different_speaker,0.054350387305021286
different_speaker,0.05466266721487045
different_speaker,0.049922481179237366
different_speaker,0.08402808755636215
different_speaker,0.08907140791416168
different_speaker,0.09480847418308258
different_speaker,0.09563484787940979
different_speaker,0.11115417629480362
different_speaker,0.10944343358278275
different_speaker,0.055733297020196915
different_speaker,0.04821546748280525
different_speaker,0.1671769767999649
different_speaker,0.07708081603050232
different_speaker,0.044686369597911835
different_speaker,0.030465105548501015
different_speaker,0.09774001687765121
different_speaker,0.05482803285121918
different_speaker,0.05228893458843231
different_speaker,0.006652908865362406
different_speaker,-0.002170857973396778
different_speaker,0.03378087654709816
different_speaker,0.052640482783317566
different_speaker,0.32239824533462524
different_speaker,0.27901825308799744
different_speaker,0.2121652364730835
different_speaker,0.27745819091796875
different_speaker,0.29872190952301025
different_speaker,0.06943556666374207
different_speaker,0.0796956717967987
different_speaker,0.06150610372424126
different_speaker,0.10362860560417175
different_speaker,0.08206625282764435
different_speaker,0.27727457880973816
different_speaker,0.2873148024082184
different_speaker,0.24062950909137726
different_speaker,0.22230207920074463
different_speaker,0.13642331957817078
different_speaker,0.33075955510139465
different_speaker,0.34603461623191833
different_speaker,0.27821433544158936
different_speaker,0.274711936712265
different_speaker,0.26074856519699097
different_speaker,-0.0574849396944046
different_speaker,-0.09339308738708496
different_speaker,-0.03238857910037041
different_speaker,-0.008030401542782784
different_speaker,-0.012829748913645744
different_speaker,0.23044484853744507
different_speaker,0.22851787507534027
different_speaker,0.20767301321029663
different_speaker,0.21678170561790466
different_speaker,0.13327032327651978
different_speaker,-0.003683051560074091
different_speaker,0.007578869815915823
different_speaker,-0.014262967742979527
different_speaker,-0.01315191201865673
different_speaker,0.02006726898252964
different_speaker,0.0542149692773819
different_speaker,-0.027821993455290794
different_speaker,-0.0037319615948945284
different_speaker,-0.026120595633983612
different_speaker,-0.03144014626741409
different_speaker,0.037355925887823105
different_speaker,0.028956985101103783
different_speaker,0.023020485416054726
different_speaker,0.0006608673720620573
different_speaker,0.01500957552343607
different_speaker,0.23523634672164917
different_speaker,0.2110402137041092
different_speaker,0.21748283505439758
different_speaker,0.2398574948310852
different_speaker,0.1363460272550583
different_speaker,0.025391237810254097
different_speaker,-0.03777116909623146
different_speaker,0.0683189406991005
different_speaker,0.03917726129293442
different_speaker,0.08782258629798889
different_speaker,0.047360096126794815
different_speaker,0.027381224557757378
different_speaker,-0.03175985440611839
different_speaker,0.026374677196145058
different_speaker,-0.004795825108885765
different_speaker,0.09653191268444061
different_speaker,0.08371687680482864
different_speaker,0.05393647029995918
different_speaker,-0.014909877441823483
different_speaker,0.0436529740691185
different_speaker,0.1536637544631958
different_speaker,0.1197780892252922
different_speaker,0.17227277159690857
different_speaker,0.10807660967111588
different_speaker,0.11464902013540268
different_speaker,0.055923983454704285
different_speaker,0.08680789917707443
different_speaker,0.018094895407557487
different_speaker,0.03495744243264198
different_speaker,0.0771813690662384
different_speaker,0.10005636513233185
different_speaker,0.10353082418441772
different_speaker,0.11169534176588058
different_speaker,0.06265205889940262
different_speaker,0.06584671139717102
different_speaker,0.028679512441158295
different_speaker,0.07108163833618164
different_speaker,0.1119081899523735
different_speaker,0.08107861131429672
different_speaker,0.07943753153085709
different_speaker,0.03709471598267555
different_speaker,0.08185761421918869
different_speaker,0.027131669223308563
different_speaker,0.01279938779771328
different_speaker,0.1344512552022934
different_speaker,0.03749982640147209
different_speaker,0.04343372583389282
different_speaker,0.05118938907980919
different_speaker,0.04812980815768242
different_speaker,0.03917671740055084
different_speaker,0.010471800342202187
different_speaker,-0.030423680320382118
different_speaker,0.059499505907297134
different_speaker,0.03680668771266937
different_speaker,0.005737775005400181
different_speaker,-0.06771212071180344
different_speaker,-0.027838027104735374
different_speaker,-0.04842865467071533
different_speaker,-0.018240109086036682
different_speaker,-0.012262089177966118
different_speaker,-0.1845420002937317
different_speaker,-0.12204091995954514
different_speaker,-0.0644463524222374
different_speaker,-0.11044982075691223
different_speaker,-0.11844994872808456
different_speaker,-0.05603773146867752
different_speaker,-0.08918830752372742
different_speaker,-0.04102841392159462
different_speaker,0.05105627700686455
different_speaker,-0.09183531254529953
different_speaker,0.10662002116441727
different_speaker,0.13134129345417023
different_speaker,0.1570274978876114
different_speaker,0.08721490204334259
different_speaker,0.12264884263277054
different_speaker,-0.03524330258369446
different_speaker,-0.04171933978796005
different_speaker,0.0778227150440216
different_speaker,0.055582694709300995
different_speaker,-0.06469918042421341
different_speaker,0.08897910267114639
different_speaker,0.14204607903957367
different_speaker,0.11633221060037613
different_speaker,0.11952558904886246
different_speaker,0.12716609239578247
different_speaker,-0.12345577031373978
different_speaker,-0.004432775545865297
different_speaker,-0.020289527252316475
different_speaker,0.03572479262948036
different_speaker,-0.047121573239564896
different_speaker,0.05547583848237991
different_speaker,0.05102086439728737
different_speaker,0.08942804485559464
different_speaker,0.1521986573934555
different_speaker,0.14821994304656982
different_speaker,-0.030527735128998756
different_speaker,-0.002056946512311697
different_speaker,-0.004601144697517157
different_speaker,-0.0005930605693720281
different_speaker,0.11438284814357758
different_speaker,0.22349107265472412
different_speaker,0.10429476946592331
different_speaker,0.1924615055322647
different_speaker,0.13653667271137238
different_speaker,0.10701341927051544
different_speaker,0.01203385554254055
different_speaker,0.003633517771959305
different_speaker,0.009853541851043701
different_speaker,-0.021924905478954315
different_speaker,0.01190844178199768
different_speaker,0.006204571574926376
different_speaker,0.055495068430900574
different_speaker,0.021540366113185883
different_speaker,0.08795176446437836
different_speaker,0.079551100730896
different_speaker,-0.08019032329320908
different_speaker,-0.06947498768568039
different_speaker,-0.04934084415435791
different_speaker,-0.06866316497325897
different_speaker,-0.04198562353849411
different_speaker,-0.011023014783859253
different_speaker,0.021194152534008026
different_speaker,0.08807584643363953
different_speaker,0.08378148078918457
different_speaker,0.04305340349674225
different_speaker,0.09575287252664566
different_speaker,0.09266310930252075
different_speaker,0.04811417683959007
different_speaker,0.07260242104530334
different_speaker,0.1044517531991005
different_speaker,0.19059552252292633
different_speaker,0.20122303068637848
different_speaker,0.17124299705028534
different_speaker,0.25394555926322937
different_speaker,0.22138147056102753
different_speaker,0.007085429970175028
different_speaker,0.0230817012488842
different_speaker,-0.07578689604997635
different_speaker,0.11658596247434616
different_speaker,0.013975256122648716
different_speaker,0.024947354570031166
different_speaker,-0.01950157806277275
different_speaker,0.004013097379356623
different_speaker,0.04729868844151497
different_speaker,0.0037768471520394087
different_speaker,-0.018877115100622177
different_speaker,-0.04945056512951851
different_speaker,-0.04225386306643486
different_speaker,-0.031957630068063736
different_speaker,-0.0391559861600399
different_speaker,-0.00232820026576519
different_speaker,0.010743468999862671
different_speaker,0.003902537515386939
different_speaker,0.03365951403975487
different_speaker,0.05172090604901314
different_speaker,-0.13559536635875702
different_speaker,-0.07934752106666565
different_speaker,0.022825973108410835
different_speaker,-0.0551101453602314
different_speaker,-0.07757915556430817
different_speaker,-0.0472102016210556
different_speaker,-0.11011413484811783
different_speaker,-0.06850003451108932
different_speaker,4.024991540063638e-06
different_speaker,-0.07253710925579071
different_speaker,0.11808859556913376
different_speaker,0.16710779070854187
different_speaker,0.1923934817314148
different_speaker,0.15335451066493988
different_speaker,0.18723660707473755
different_speaker,-0.034064073115587234
different_speaker,-0.0604863241314888
different_speaker,0.04947928339242935
different_speaker,0.021775824949145317
different_speaker,-0.1120915561914444
different_speaker,0.07961691915988922
different_speaker,0.1013624519109726
different_speaker,0.0857306718826294
different_speaker,0.11144836246967316
different_speaker,0.14529401063919067
different_speaker,-0.14948183298110962
different_speaker,-0.03606558218598366
different_speaker,-0.027422616258263588
different_speaker,0.013072722591459751
different_speaker,-0.051789119839668274
different_speaker,0.10466117411851883
different_speaker,0.12372441589832306
different_speaker,0.1291603296995163
different_speaker,0.1681995689868927
different_speaker,0.18839605152606964
different_speaker,0.029019979760050774
different_speaker,0.09165887534618378
different_speaker,0.04805460944771767
different_speaker,0.04796389862895012
different_speaker,0.10859154909849167
different_speaker,0.18626715242862701
different_speaker,0.10168778896331787
different_speaker,0.14806804060935974
different_speaker,0.09652643650770187
different_speaker,0.1480218917131424
different_speaker,-0.014632548205554485
different_speaker,-0.05484621599316597
different_speaker,0.010418940335512161
different_speaker,-0.03540979325771332
different_speaker,-0.012583029456436634
different_speaker,0.038254264742136
different_speaker,0.07821952551603317
different_speaker,0.0369131900370121
different_speaker,0.12447678297758102
different_speaker,0.1131538525223732
different_speaker,-0.07789725810289383
different_speaker,-0.08122275769710541
different_speaker,-0.07842087000608444
different_speaker,-0.06534013152122498
different_speaker,-0.0428154282271862
different_speaker,0.03076912648975849
different_speaker,0.04158211499452591
different_speaker,0.13555242121219635
different_speaker,0.13408981263637543
different_speaker,0.05080011487007141
different_speaker,0.16500398516654968
different_speaker,0.13296712934970856
different_speaker,0.14329473674297333
different_speaker,0.14604854583740234
different_speaker,0.19637764990329742
different_speaker,0.15173685550689697
different_speaker,0.1645764857530594
different_speaker,0.14154773950576782
different_speaker,0.2224128395318985
different_speaker,0.21774035692214966
different_speaker,0.1095125749707222
different_speaker,0.1257185935974121
different_speaker,0.05254605412483215
different_speaker,0.16478407382965088
different_speaker,0.06576795130968094
different_speaker,0.0548071563243866
different_speaker,-0.021575553342700005
different_speaker,0.05679789558053017
different_speaker,0.10113933682441711
different_speaker,0.03850075975060463
different_speaker,-0.03544875979423523
different_speaker,-0.04484504461288452
different_speaker,-0.016729475930333138
different_speaker,0.02090897411108017
different_speaker,0.013362713158130646
different_speaker,-0.019956300035119057
different_speaker,0.004310473799705505
different_speaker,-0.01735728792846203
different_speaker,0.04280472919344902
different_speaker,0.040320251137018204
different_speaker,-0.14522001147270203
different_speaker,-0.08433397114276886
different_speaker,-0.012919753789901733
different_speaker,-0.04912412166595459
different_speaker,-0.028612537309527397
different_speaker,-0.04453928768634796
different_speaker,-0.0715194121003151
different_speaker,-0.025326186791062355
different_speaker,0.014869476668536663
different_speaker,-0.08054973930120468
different_speaker,0.11487565189599991
different_speaker,0.14809633791446686
different_speaker,0.17157532274723053
different_speaker,0.13333365321159363
different_speaker,0.20275019109249115
different_speaker,0.0030462397262454033
different_speaker,-0.023298731073737144
different_speaker,0.09654353559017181
different_speaker,0.08579124510288239
different_speaker,-0.05589993670582771
different_speaker,0.05777710676193237
different_speaker,0.08159174025058746
different_speaker,0.08726198971271515
different_speaker,0.0970466285943985
different_speaker,0.12897926568984985
different_speaker,-0.11888499557971954
different_speaker,0.009981921873986721
different_speaker,0.03157076984643936
different_speaker,0.06791374832391739
different_speaker,0.017959311604499817
different_speaker,0.09355027973651886
different_speaker,0.10838478803634644
different_speaker,0.12726859748363495
different_speaker,0.1598699390888214
different_speaker,0.1452801376581192
different_speaker,-0.041576605290174484
different_speaker,0.01787855662405491
different_speaker,-0.007630989421159029
different_speaker,-0.021870262920856476
different_speaker,0.040105920284986496
different_speaker,0.19424647092819214
different_speaker,0.07910121232271194
different_speaker,0.16165302693843842
different_speaker,0.09763143956661224
different_speaker,0.10019659996032715
different_speaker,-0.0411904901266098
different_speaker,-0.01791061833500862
different_speaker,-0.01419687271118164
different_speaker,-0.034533046185970306
different_speaker,-0.024435989558696747
different_speaker,0.04086668789386749
different_speaker,0.09534722566604614
different_speaker,0.07407783716917038
different_speaker,0.13818272948265076
different_speaker,0.1397600919008255
different_speaker,-0.09153693914413452
different_speaker,-0.11065434664487839
different_speaker,-0.11108110100030899
different_speaker,-0.09319142997264862
different_speaker,-0.07702679932117462
different_speaker,0.019314276054501534
different_speaker,0.02133040875196457
different_speaker,0.10118420422077179
different_speaker,0.08741499483585358
different_speaker,0.045056987553834915
different_speaker,0.11660899966955185
different_speaker,0.07321179658174515
different_speaker,0.07616869360208511
different_speaker,0.08054491877555847
different_speaker,0.13348160684108734
different_speaker,0.1275656819343567
different_speaker,0.12333903461694717
different_speaker,0.12984485924243927
different_speaker,0.204616516828537
different_speaker,0.17743609845638275
different_speaker,0.05896156281232834
different_speaker,0.09582142531871796
different_speaker,0.04689767211675644
different_speaker,0.16148076951503754
different_speaker,0.05115118250250816
different_speaker,0.013941394165158272
different_speaker,-0.058541685342788696
different_speaker,0.01077969279140234
different_speaker,0.04651803895831108
different_speaker,-0.006210833787918091
different_speaker,0.0047220815904438496
different_speaker,-0.010031897574663162
different_speaker,0.0188161451369524
different_speaker,0.04195736348628998
different_speaker,-0.032681867480278015
different_speaker,-0.045531727373600006
different_speaker,-0.07571842521429062
different_speaker,-0.055823322385549545
different_speaker,-0.012095458805561066
different_speaker,-0.017375050112605095
different_speaker,-0.18085061013698578
different_speaker,-0.1228511780500412
different_speaker,-0.04825112223625183
different_speaker,-0.16317084431648254
different_speaker,-0.1772802323102951
different_speaker,-0.1518668532371521
different_speaker,-0.19690808653831482
different_speaker,-0.1448657065629959
different_speaker,-0.08048778772354126
different_speaker,-0.18794189393520355
different_speaker,0.13455478847026825
different_speaker,0.1438022404909134
different_speaker,0.16024011373519897
different_speaker,0.09733781963586807
different_speaker,0.19096919894218445
different_speaker,-0.03002171777188778
different_speaker,-0.08566673845052719
different_speaker,0.017735319212079048
different_speaker,-0.0015675084432587028
different_speaker,-0.12915319204330444
different_speaker,0.03853578865528107
different_speaker,0.04601157456636429
different_speaker,0.07637479156255722
different_speaker,0.10640980303287506
different_speaker,0.09794089198112488
different_speaker,-0.10955376923084259
different_speaker,0.0034240076784044504
different_speaker,0.013288083486258984
different_speaker,0.06082198768854141
different_speaker,-0.001251464942470193
different_speaker,0.012144123204052448
different_speaker,0.009124360978603363
different_speaker,0.030805908143520355
different_speaker,0.07731329649686813
different_speaker,0.10538186877965927
different_speaker,-0.03643190860748291
different_speaker,0.013227380812168121
different_speaker,-0.01896706037223339
different_speaker,-0.0370662659406662
different_speaker,0.020818183198571205
different_speaker,0.18272116780281067
different_speaker,0.04953448846936226
different_speaker,0.15345558524131775
different_speaker,0.05693157762289047
different_speaker,0.0828743651509285
different_speaker,-0.009743571281433105
different_speaker,-0.016813600435853004
different_speaker,-0.022681206464767456
different_speaker,-0.057876914739608765
different_speaker,-0.03568621724843979
different_speaker,0.014594442211091518
different_speaker,0.08971934765577316
different_speaker,0.036617036908864975
different_speaker,0.0915771946310997
different_speaker,0.1153678297996521
different_speaker,-0.1371852457523346
different_speaker,-0.17261303961277008
different_speaker,-0.17767935991287231
different_speaker,-0.1629541665315628
different_speaker,-0.14309380948543549
different_speaker,0.022577110677957535
different_speaker,0.04126590117812157
different_speaker,0.13159579038619995
different_speaker,0.11104528605937958
different_speaker,0.053999073803424835
different_speaker,0.04117334634065628
different_speaker,0.00179168744944036
different_speaker,-0.013903004117310047
different_speaker,-0.02328108809888363
different_speaker,0.061062250286340714
different_speaker,0.11191369593143463
different_speaker,0.15810991823673248
different_speaker,0.09980842471122742
different_speaker,0.1624031513929367
different_speaker,0.12592773139476776
different_speaker,0.04922230914235115
different_speaker,0.05605189874768257
different_speaker,0.0826834887266159
different_speaker,0.14842702448368073
different_speaker,-0.013486097566783428
different_speaker,0.02601676434278488
different_speaker,-0.0362243615090847
different_speaker,-0.005349210929125547
different_speaker,0.06044827401638031
different_speaker,-0.042292624711990356
different_speaker,0.037439167499542236
different_speaker,0.006576868239790201
different_speaker,0.04413475841283798
different_speaker,0.05094745010137558
different_speaker,0.02913888916373253
different_speaker,-0.05780854821205139
different_speaker,-0.05652696266770363
different_speaker,-0.04977315664291382
different_speaker,-0.03104928508400917
different_speaker,-0.031567685306072235
different_speaker,-0.20702733099460602
different_speaker,-0.13303987681865692
different_speaker,-0.06675595790147781
different_speaker,-0.11408138275146484
different_speaker,-0.1365603804588318
different_speaker,-0.053721167147159576
different_speaker,-0.11288116127252579
different_speaker,-0.06255654990673065
different_speaker,0.03991600126028061
different_speaker,-0.08962783962488174
different_speaker,0.13652834296226501
different_speaker,0.16016393899917603
different_speaker,0.17539429664611816
different_speaker,0.12263307720422745
different_speaker,0.1966446489095688
different_speaker,-0.03450002521276474
different_speaker,-0.04160106182098389
different_speaker,0.0554591566324234
different_speaker,0.039630286395549774
different_speaker,-0.0815422460436821
different_speaker,0.11019445210695267
different_speaker,0.1150139644742012
different_speaker,0.12875854969024658
different_speaker,0.14621250331401825
different_speaker,0.17332391440868378
different_speaker,-0.10447169095277786
different_speaker,0.043006569147109985
different_speaker,0.03290263190865517
different_speaker,0.06715523451566696
different_speaker,-0.012398787774145603
different_speaker,0.05549916997551918
different_speaker,0.06426212936639786
different_speaker,0.08309508860111237
different_speaker,0.14325207471847534
different_speaker,0.1379329264163971
different_speaker,0.002501336159184575
different_speaker,0.046724822372198105
different_speaker,0.004963182378560305
different_speaker,0.015455142594873905
different_speaker,0.040214039385318756
different_speaker,0.20227761566638947
different_speaker,0.03493649140000343
different_speaker,0.15316814184188843
different_speaker,0.07609839737415314
different_speaker,0.08588811755180359
different_speaker,-0.019024282693862915
different_speaker,0.007211481686681509
different_speaker,-0.003020435804501176
different_speaker,-0.04142920300364494
different_speaker,-0.008824524469673634
different_speaker,0.034674081951379776
different_speaker,0.09468356519937515
different_speaker,0.05751907452940941
different_speaker,0.10141860693693161
different_speaker,0.10997162014245987
different_speaker,-0.09005916863679886
different_speaker,-0.11875896155834198
different_speaker,-0.09077135473489761
different_speaker,-0.08354642242193222
different_speaker,-0.0843995213508606
different_speaker,0.04373558610677719
different_speaker,0.05825718864798546
different_speaker,0.14970631897449493
different_speaker,0.1410554200410843
different_speaker,0.08525441586971283
different_speaker,0.13362006843090057
different_speaker,0.09071378409862518
different_speaker,0.09573420137166977
different_speaker,0.08210508525371552
different_speaker,0.1356155425310135
different_speaker,0.13957475125789642
different_speaker,0.14399774372577667
different_speaker,0.1592470407485962
different_speaker,0.2226371020078659
different_speaker,0.18093815445899963
different_speaker,0.06419213861227036
different_speaker,0.04506339505314827
different_speaker,0.009113263338804245
different_speaker,0.14521460235118866
different_speaker,0.0030244437512010336
different_speaker,0.03470258787274361
different_speaker,-0.04904560372233391
different_speaker,-0.015826893970370293
different_speaker,0.07734408974647522
different_speaker,-0.003710218006744981
different_speaker,0.06311584264039993
different_speaker,0.01037257444113493
different_speaker,0.06117157265543938
different_speaker,0.03508295118808746
different_speaker,0.05768522620201111
different_speaker,0.2326420396566391
different_speaker,0.21642176806926727
different_speaker,0.16588932275772095
different_speaker,0.11764468997716904
different_speaker,0.14220985770225525
different_speaker,0.40859749913215637
different_speaker,0.3631802797317505
different_speaker,0.3905802071094513
different_speaker,0.34674930572509766
different_speaker,0.3364713490009308
different_speaker,0.028872041031718254
different_speaker,0.002589485142379999
different_speaker,0.003281364915892482
different_speaker,-0.0429040752351284
different_speaker,0.0608549639582634
different_speaker,0.31698164343833923
different_speaker,0.34348297119140625
different_speaker,0.2704256772994995
different_speaker,0.2965947985649109
different_speaker,0.2690149247646332
different_speaker,-0.10692866891622543
different_speaker,-0.11064895242452621
different_speaker,-0.08321485668420792
different_speaker,-0.09999655932188034
different_speaker,-0.09035520255565643
different_speaker,0.12850531935691833
different_speaker,0.025623543187975883
different_speaker,-0.0025343827437609434
different_speaker,0.014809045940637589
different_speaker,-0.05693313106894493
different_speaker,-0.04432698339223862
different_speaker,-0.052299290895462036
different_speaker,-0.0006466335034929216
different_speaker,0.02598641812801361
different_speaker,-0.05186211317777634
different_speaker,0.11836716532707214
different_speaker,0.03874100744724274
different_speaker,0.07380134612321854
different_speaker,0.07214298844337463
different_speaker,0.022525880485773087
different_speaker,0.09685708582401276
different_speaker,0.03635173663496971
different_speaker,0.1573207676410675
different_speaker,0.1968419998884201
different_speaker,0.08825618028640747
different_speaker,0.003737621009349823
different_speaker,0.08145777881145477
different_speaker,0.013369590044021606
different_speaker,0.06374309211969376
different_speaker,0.03646230697631836
different_speaker,0.11839992552995682
different_speaker,0.15640947222709656
different_speaker,0.07788781076669693
different_speaker,0.04187875986099243
different_speaker,0.11099070310592651
different_speaker,0.06816453486680984
different_speaker,0.09841446578502655
different_speaker,0.09262459725141525
different_speaker,0.10495492070913315
different_speaker,0.050850797444581985
different_speaker,0.11205735057592392
different_speaker,0.10824485868215561
different_speaker,0.10489913076162338
different_speaker,0.10763408243656158
different_speaker,0.09250812232494354
different_speaker,0.041597288101911545
different_speaker,0.011551959440112114
different_speaker,0.11405874788761139
different_speaker,-0.017413273453712463
different_speaker,0.03306996449828148
different_speaker,0.054827652871608734
different_speaker,0.12699337303638458
different_speaker,0.06336858868598938
different_speaker,0.08115050196647644
different_speaker,0.050823550671339035
different_speaker,0.017411183565855026
different_speaker,-0.015402854420244694
different_speaker,-0.08161310106515884
different_speaker,-0.08786337077617645
different_speaker,-0.0020639528520405293
different_speaker,0.13751305639743805
different_speaker,0.16324622929096222
different_speaker,0.12949077785015106
different_speaker,0.14612364768981934
different_speaker,0.11084618419408798
different_speaker,0.08134175837039948
different_speaker,0.035286661237478256
different_speaker,0.05249840393662453
different_speaker,0.0538359172642231
different_speaker,0.06541460007429123
different_speaker,0.1850328892469406
different_speaker,0.1720263808965683
different_speaker,0.1113324910402298
different_speaker,0.03854009509086609
different_speaker,0.10522744059562683
different_speaker,0.3827346861362457
different_speaker,0.31701546907424927
different_speaker,0.35633763670921326
different_speaker,0.3295995593070984
different_speaker,0.2847538888454437
different_speaker,-0.08473753929138184
different_speaker,-0.0648154690861702
different_speaker,-0.061804432421922684
different_speaker,-0.0789889469742775
different_speaker,0.018567949533462524
different_speaker,0.383085697889328
different_speaker,0.3863826096057892
different_speaker,0.31279632449150085
different_speaker,0.35150647163391113
different_speaker,0.29339027404785156
different_speaker,-0.11568205803632736
different_speaker,-0.107497937977314
different_speaker,-0.10279669612646103
different_speaker,-0.11071109771728516
different_speaker,-0.11960854381322861
different_speaker,0.11082442849874496
different_speaker,-0.032007042318582535
different_speaker,-0.06417723000049591
different_speaker,-0.035285573452711105
different_speaker,-0.10827259719371796
different_speaker,-0.033615972846746445
different_speaker,-0.013856740668416023
different_speaker,0.01157955639064312
different_speaker,0.022138215601444244
different_speaker,-0.05265265703201294
different_speaker,0.12936733663082123
different_speaker,0.04343331605195999
different_speaker,0.07130534201860428
different_speaker,0.10645878314971924
different_speaker,-0.009065842255949974
different_speaker,0.07080250233411789
different_speaker,0.0382416732609272
different_speaker,0.12619805335998535
different_speaker,0.17147435247898102
different_speaker,0.06050562113523483
different_speaker,-0.04357779026031494
different_speaker,0.06715773046016693
different_speaker,0.0030604808125644922
different_speaker,0.04236036539077759
different_speaker,0.014512678608298302
different_speaker,0.036695610731840134
different_speaker,0.08504951000213623
different_speaker,-0.014952851459383965
different_speaker,-0.0625094398856163
different_speaker,0.019638139754533768
different_speaker,0.10140058398246765
different_speaker,0.1451842039823532
different_speaker,0.1250486969947815
different_speaker,0.11579403281211853
different_speaker,0.11299870163202286
different_speaker,0.05371631681919098
different_speaker,0.06573323160409927
different_speaker,0.060891080647706985
different_speaker,0.06072905287146568
different_speaker,0.0350213386118412
different_speaker,0.08438635617494583
different_speaker,0.05330433323979378
different_speaker,0.16467131674289703
different_speaker,0.027962885797023773
different_speaker,0.08827702701091766
different_speaker,0.04060474410653114
different_speaker,0.10988286882638931
different_speaker,-0.017141709104180336
different_speaker,0.012842576950788498
different_speaker,-0.02557673119008541
different_speaker,0.0019365627085790038
different_speaker,0.06064717471599579
different_speaker,-0.03237469121813774
different_speaker,-0.07224994152784348
different_speaker,0.011125863529741764
different_speaker,0.08966153860092163
different_speaker,0.14908544719219208
different_speaker,0.09306059032678604
different_speaker,0.08526776731014252
different_speaker,0.08113688975572586
different_speaker,0.08233195543289185
different_speaker,0.027386203408241272
different_speaker,0.058175232261419296
different_speaker,0.03240363672375679
different_speaker,0.053723495453596115
different_speaker,0.16821031272411346
different_speaker,0.14606307446956635
different_speaker,0.12564988434314728
different_speaker,0.010706285946071148
different_speaker,0.0354250892996788
different_speaker,0.25730735063552856
different_speaker,0.27429354190826416
different_speaker,0.3054144084453583
different_speaker,0.28533247113227844
different_speaker,0.22969986498355865
different_speaker,-0.04138924926519394
different_speaker,-0.0535869263112545
different_speaker,-0.071027971804142
different_speaker,-0.0513497069478035
different_speaker,-0.005526707973331213
different_speaker,0.2522541880607605
different_speaker,0.2741643786430359
different_speaker,0.18222400546073914
different_speaker,0.20249813795089722
different_speaker,0.2238081991672516
different_speaker,-0.14941878616809845
different_speaker,-0.0891408696770668
different_speaker,-0.09669803082942963
different_speaker,-0.13806340098381042
different_speaker,-0.15071476995944977
different_speaker,0.10992410778999329
different_speaker,0.05263496935367584
different_speaker,-0.00013417132140602916
different_speaker,0.06322859227657318
different_speaker,-0.01609932631254196
different_speaker,0.020086068660020828
different_speaker,0.01673564873635769
different_speaker,0.0529886893928051
different_speaker,0.060960493981838226
different_speaker,-0.01528378389775753
different_speaker,0.0634143278002739
different_speaker,-0.013471830636262894
different_speaker,0.03764844685792923
different_speaker,0.06529300659894943
different_speaker,0.012485908344388008
different_speaker,0.10501547902822495
different_speaker,0.037851445376873016
different_speaker,0.1294051706790924
different_speaker,0.15927927196025848
different_speaker,0.05163312330842018
different_speaker,-0.003833808470517397
different_speaker,0.09244678914546967
different_speaker,0.03254286199808121
different_speaker,0.08908811956644058
different_speaker,0.06679774075746536
different_speaker,0.020866500213742256
different_speaker,0.07247795164585114
different_speaker,0.005222946405410767
different_speaker,-0.05988229066133499
different_speaker,0.011856161057949066
different_speaker,0.09211782366037369
different_speaker,0.12780800461769104
different_speaker,0.136101633310318
different_speaker,0.058204129338264465
different_speaker,0.10517432540655136
different_speaker,0.038474634289741516
different_speaker,0.05985196679830551
different_speaker,0.021098142489790916
different_speaker,0.018009865656495094
different_speaker,0.057439159601926804
different_speaker,0.008448521606624126
different_speaker,0.0007112365565262735
different_speaker,0.07902266830205917
different_speaker,-0.03658530116081238
different_speaker,-0.022371478378772736
different_speaker,0.005170261021703482
different_speaker,0.06114518269896507
different_speaker,-0.02726707048714161
different_speaker,0.0401783250272274
different_speaker,-0.07296311855316162
different_speaker,-0.06917384266853333
different_speaker,-0.03321390226483345
different_speaker,-0.1743999719619751
different_speaker,-0.1259930431842804
different_speaker,-0.06787242740392685
different_speaker,0.0714845359325409
different_speaker,0.10001612454652786
different_speaker,0.035549234598875046
different_speaker,0.07315919548273087
different_speaker,0.04061414673924446
different_speaker,0.07476218789815903
different_speaker,0.00448484905064106
different_speaker,0.06253927201032639
different_speaker,0.009235321544110775
different_speaker,0.034453507512807846
different_speaker,0.19557175040245056
different_speaker,0.18361340463161469
different_speaker,0.10153502970933914
different_speaker,0.05493321642279625
different_speaker,0.11311754584312439
different_speaker,0.35147449374198914
different_speaker,0.29781270027160645
different_speaker,0.29508939385414124
different_speaker,0.27643880248069763
different_speaker,0.23868027329444885
different_speaker,0.02647591196000576
different_speaker,-0.037914570420980453
different_speaker,-0.040281374007463455
different_speaker,-0.05275755748152733
different_speaker,0.014310574159026146
different_speaker,0.27127543091773987
different_speaker,0.33877724409103394
different_speaker,0.23537029325962067
different_speaker,0.31123948097229004
different_speaker,0.3145354092121124
different_speaker,-0.09347325563430786
different_speaker,-0.07333805412054062
different_speaker,-0.05875851958990097
different_speaker,-0.08922356367111206
different_speaker,-0.08711588382720947
different_speaker,0.09971849620342255
different_speaker,-0.0600772462785244
different_speaker,-0.0875725969672203
different_speaker,-0.0417126826941967
different_speaker,-0.0834243893623352
different_speaker,0.035525739192962646
different_speaker,0.06196414679288864
different_speaker,0.058966320008039474
different_speaker,0.0665702223777771
different_speaker,0.029302064329385757
different_speaker,0.08537367731332779
different_speaker,0.012625080533325672
different_speaker,0.06509274244308472
different_speaker,0.06249354034662247
different_speaker,-0.024259233847260475
different_speaker,0.138775035738945
different_speaker,0.058787908405065536
different_speaker,0.17209789156913757
different_speaker,0.1582406908273697
different_speaker,0.07392057031393051
different_speaker,-0.004852735437452793
different_speaker,0.07229218631982803
different_speaker,-0.006493231747299433
different_speaker,0.046240560710430145
different_speaker,-0.0028111045248806477
different_speaker,0.07392388582229614
different_speaker,0.1655142456293106
different_speaker,0.07887111604213715
different_speaker,0.015844881534576416
different_speaker,0.10751326382160187
different_speaker,0.036612484604120255
different_speaker,0.04714786261320114
different_speaker,0.059727150946855545
different_speaker,0.046494703739881516
different_speaker,0.004617677070200443
different_speaker,0.1267147809267044
different_speaker,0.12474294751882553
different_speaker,0.10413254797458649
different_speaker,0.09334488213062286
different_speaker,0.12025073915719986
different_speaker,0.06160920858383179
different_speaker,0.05546575412154198
different_speaker,0.10027214139699936
different_speaker,-0.00958821177482605
different_speaker,0.04077938199043274
different_speaker,0.0020220589358359575
different_speaker,0.07337900996208191
different_speaker,-0.04968072846531868
different_speaker,-0.005182715132832527
different_speaker,-0.06903094053268433
different_speaker,-0.06641027331352234
different_speaker,-0.10349126160144806
different_speaker,-0.15282092988491058
different_speaker,-0.13633747398853302
different_speaker,-0.06825139373540878
different_speaker,0.0732148289680481
different_speaker,0.04913833737373352
different_speaker,0.021561171859502792
different_speaker,0.08579059690237045
different_speaker,0.025485001504421234
different_speaker,0.12128905206918716
different_speaker,0.07429797947406769
different_speaker,0.11155956238508224
different_speaker,0.10504686832427979
different_speaker,0.11676450818777084
different_speaker,0.26869603991508484
different_speaker,0.2644638121128082
different_speaker,0.19033944606781006
different_speaker,0.13024765253067017
different_speaker,0.2003592997789383
different_speaker,0.4354243874549866
different_speaker,0.38045451045036316
different_speaker,0.3983573913574219
different_speaker,0.321334570646286
different_speaker,0.3221753239631653
different_speaker,-0.04624031111598015
different_speaker,-0.06612750887870789
different_speaker,-0.06115315854549408
different_speaker,-0.0791056901216507
different_speaker,0.00451982207596302
different_speaker,0.38180655241012573
different_speaker,0.43876028060913086
different_speaker,0.35451215505599976
different_speaker,0.4130898118019104
different_speaker,0.37706753611564636
different_speaker,-0.10898549109697342
different_speaker,-0.08782636374235153
different_speaker,-0.08566626161336899
different_speaker,-0.12361479550600052
different_speaker,-0.0993223637342453
different_speaker,0.14607670903205872
different_speaker,0.010174586437642574
different_speaker,-0.03757408633828163
different_speaker,0.0022075846791267395
different_speaker,-0.05906285345554352
different_speaker,0.03205381706357002
different_speaker,0.022426312789320946
different_speaker,0.04615756496787071
different_speaker,0.07387574017047882
different_speaker,-0.005627952981740236
different_speaker,0.08765470236539841
different_speaker,0.035976920276880264
different_speaker,0.08696118742227554
different_speaker,0.08103028684854507
different_speaker,0.0099018644541502
different_speaker,0.11981853097677231
different_speaker,0.06165342032909393
different_speaker,0.1786782294511795
different_speaker,0.2061542123556137
different_speaker,0.1073310598731041
different_speaker,-0.024972034618258476
different_speaker,0.08518322557210922
different_speaker,0.01878616027534008
different_speaker,0.07784438878297806
different_speaker,0.037837546318769455
different_speaker,0.08112688362598419
different_speaker,0.14142824709415436
different_speaker,0.04451989755034447
different_speaker,-0.0007672460633330047
different_speaker,0.0787973552942276
different_speaker,0.1018962562084198
different_speaker,0.1503060907125473
different_speaker,0.11756362020969391
different_speaker,0.12361444532871246
different_speaker,0.10870345681905746
different_speaker,0.08728288114070892
different_speaker,0.09120915085077286
different_speaker,0.07561838626861572
different_speaker,0.07278959453105927
different_speaker,0.06833269447088242
different_speaker,0.08680001646280289
different_speaker,0.04865968972444534
different_speaker,0.1416284143924713
different_speaker,0.019586531445384026
different_speaker,0.06373996287584305
different_speaker,0.021048687398433685
different_speaker,0.06876516342163086
different_speaker,-0.009555271826684475
different_speaker,0.024178188294172287
different_speaker,-0.035683389753103256
different_speaker,-0.019565004855394363
different_speaker,0.017818355932831764
different_speaker,-0.07867254316806793
different_speaker,-0.11780782043933868
different_speaker,0.042715419083833694
different_speaker,0.043632134795188904
different_speaker,0.08718309551477432
different_speaker,0.05298018828034401
different_speaker,0.043073009699583054
different_speaker,0.06431026756763458
different_speaker,0.16211338341236115
different_speaker,0.19200290739536285
different_speaker,0.15216748416423798
different_speaker,0.16378198564052582
different_speaker,0.2036879062652588
different_speaker,0.1644744724035263
different_speaker,0.1387307047843933
different_speaker,0.1292460560798645
different_speaker,0.10680116713047028
different_speaker,0.05804889649152756
different_speaker,0.06476334482431412
different_speaker,0.024268295615911484
different_speaker,0.05495189502835274
different_speaker,0.11679697036743164
different_speaker,0.11985813081264496
different_speaker,0.12569014728069305
different_speaker,0.11321969330310822
different_speaker,0.08232627809047699
different_speaker,0.04728243872523308
different_speaker,0.14325886964797974
different_speaker,0.17526167631149292
different_speaker,0.24524562060832977
different_speaker,0.2525448501110077
different_speaker,0.194960355758667
different_speaker,0.20689424872398376
different_speaker,0.035909514874219894
different_speaker,0.026986055076122284
different_speaker,0.08476320654153824
different_speaker,0.031752754002809525
different_speaker,0.10336260497570038
different_speaker,0.26506710052490234
different_speaker,0.24365399777889252
different_speaker,0.17714238166809082
different_speaker,0.1916770040988922
different_speaker,0.26760420203208923
different_speaker,0.12173337489366531
different_speaker,0.12006814777851105
different_speaker,0.16820167005062103
different_speaker,0.08924218267202377
different_speaker,0.0041638026013970375
different_speaker,0.08933784812688828
different_speaker,0.10909128189086914
different_speaker,0.13663619756698608
different_speaker,0.11573097854852676
different_speaker,0.13628751039505005
different_speaker,0.07877867668867111
different_speaker,0.10431528836488724
different_speaker,0.07309824228286743
different_speaker,0.09058607369661331
different_speaker,0.08098047226667404
different_speaker,0.034609105437994
different_speaker,0.1538044810295105
different_speaker,0.1304345577955246
different_speaker,0.003123291302472353
different_speaker,0.149748295545578
different_speaker,0.1195783019065857
different_speaker,0.1774713397026062
different_speaker,0.14049075543880463
different_speaker,0.1520468294620514
different_speaker,0.20050618052482605
different_speaker,0.09653107821941376
different_speaker,0.0812782421708107
different_speaker,0.04889702424407005
different_speaker,0.0625256896018982
different_speaker,0.1141173243522644
different_speaker,0.0510115809738636
different_speaker,0.10716178268194199
different_speaker,0.1035422682762146
different_speaker,0.1993655264377594
different_speaker,0.031872041523456573
different_speaker,-0.0904359221458435
different_speaker,-0.014929551631212234
different_speaker,0.018834393471479416
different_speaker,-0.004273564554750919
different_speaker,-0.02881096489727497
different_speaker,0.07404091954231262
different_speaker,0.06086622178554535
different_speaker,0.054053887724876404
different_speaker,-0.044456690549850464
different_speaker,0.051512230187654495
different_speaker,0.16704972088336945
different_speaker,0.1747606247663498
different_speaker,0.15238548815250397
different_speaker,0.16733554005622864
different_speaker,0.18642307817935944
different_speaker,0.10699721425771713
different_speaker,0.16469421982765198
different_speaker,0.1138216033577919
different_speaker,0.11756550520658493
different_speaker,0.2187347114086151
different_speaker,0.16412775218486786
different_speaker,0.11468172073364258
different_speaker,0.1390465646982193
different_speaker,0.1039900928735733
different_speaker,0.049508582800626755
different_speaker,-0.022800978273153305
different_speaker,-0.0424574613571167
different_speaker,-0.006428814027458429
different_speaker,0.06731538474559784
different_speaker,0.040776658803224564
different_speaker,0.13034728169441223
different_speaker,0.081619031727314
different_speaker,0.08827098459005356
different_speaker,0.0486474484205246
different_speaker,0.08008996397256851
different_speaker,0.2047429233789444
different_speaker,0.26168614625930786
different_speaker,0.26895925402641296
different_speaker,0.2002907246351242
different_speaker,0.21803812682628632
different_speaker,0.03556009754538536
different_speaker,0.056000933051109314
different_speaker,0.086610347032547
different_speaker,0.019513702020049095
different_speaker,0.09657005965709686
different_speaker,0.20048798620700836
different_speaker,0.20336617529392242
different_speaker,0.22107729315757751
different_speaker,0.16746938228607178
different_speaker,0.2160184234380722
different_speaker,0.07588642090559006
different_speaker,0.04153980687260628
different_speaker,0.09515169262886047
different_speaker,0.09970445185899734
different_speaker,0.04500848799943924
different_speaker,0.08682030439376831
different_speaker,0.10006816685199738
different_speaker,0.09947310388088226
different_speaker,0.08998260647058487
different_speaker,0.1280474215745926
different_speaker,0.09499509632587433
different_speaker,0.08130966871976852
different_speaker,0.07997138798236847
different_speaker,0.10571359843015671
different_speaker,0.0851159542798996
different_speaker,0.13157714903354645
different_speaker,0.14821283519268036
different_speaker,0.18783460557460785
different_speaker,0.11082421988248825
different_speaker,0.18678855895996094
different_speaker,0.13576436042785645
different_speaker,0.1837092787027359
different_speaker,0.17863965034484863
different_speaker,0.13964538276195526
different_speaker,0.2250853329896927
different_speaker,0.11300061643123627
different_speaker,0.0947645753622055
different_speaker,0.06917248666286469
different_speaker,0.09817181527614594
different_speaker,0.1054997593164444
different_speaker,0.10832337290048599
different_speaker,0.2110513597726822
different_speaker,0.16829241812229156
different_speaker,0.30721136927604675
different_speaker,0.13234524428844452
different_speaker,-0.07406331598758698
different_speaker,0.008793314918875694
different_speaker,0.05403231456875801
different_speaker,0.05642704293131828
different_speaker,0.05411931872367859
different_speaker,0.060588568449020386
different_speaker,0.07157789170742035
different_speaker,0.05408467724919319
different_speaker,-0.05131683871150017
different_speaker,0.08607345074415207
different_speaker,0.055544573813676834
different_speaker,0.08763077855110168
different_speaker,0.0456564836204052
different_speaker,0.06150330603122711
different_speaker,0.12897230684757233
different_speaker,0.11755065619945526
different_speaker,0.15800364315509796
different_speaker,0.10422977805137634
different_speaker,0.13752909004688263
different_speaker,0.1833629310131073
different_speaker,0.16703079640865326
different_speaker,0.12315479665994644
different_speaker,0.10763392597436905
different_speaker,0.09150607883930206
different_speaker,0.052633460611104965
different_speaker,0.05127927288413048
different_speaker,0.02214425429701805
different_speaker,0.04901109263300896
different_speaker,0.1066773384809494
different_speaker,0.09654289484024048
different_speaker,0.0670066773891449
different_speaker,0.08214251697063446
different_speaker,0.05692080408334732
different_speaker,-0.004534851294010878
different_speaker,0.11786814779043198
different_speaker,0.1627371609210968
different_speaker,0.19840137660503387
different_speaker,0.22573567926883698
different_speaker,0.19038182497024536
different_speaker,0.18890918791294098
different_speaker,0.022033188492059708
different_speaker,0.05568227916955948
different_speaker,0.09973448514938354
different_speaker,0.05501016601920128
different_speaker,0.1005907729268074
different_speaker,0.2718619108200073
different_speaker,0.2532568871974945
different_speaker,0.17094647884368896
different_speaker,0.19780990481376648
different_speaker,0.27425578236579895
different_speaker,0.06427832692861557
different_speaker,0.05797300487756729
different_speaker,0.11731487512588501
different_speaker,0.049549661576747894
different_speaker,0.0107716741040349
different_speaker,0.11289160698652267
different_speaker,0.12746095657348633
different_speaker,0.16938579082489014
different_speaker,0.12382250279188156
different_speaker,0.13139618933200836
different_speaker,0.13451558351516724
different_speaker,0.10968717187643051
different_speaker,0.09878448396921158
different_speaker,0.11253897100687027
different_speaker,0.12210933864116669
different_speaker,0.08897363394498825
different_speaker,0.12317466735839844
different_speaker,0.17045265436172485
different_speaker,0.06156468763947487
different_speaker,0.1702033281326294
different_speaker,0.12610335648059845
different_speaker,0.15917545557022095
different_speaker,0.13824765384197235
different_speaker,0.18633557856082916
different_speaker,0.17575928568840027
different_speaker,0.13594171404838562
different_speaker,0.10057152062654495
different_speaker,0.09659580886363983
different_speaker,0.10375352203845978
different_speaker,0.12465894967317581
different_speaker,0.049115486443042755
different_speaker,0.1271950751543045
different_speaker,0.09857916831970215
different_speaker,0.22794389724731445
different_speaker,0.0382404625415802
different_speaker,-0.06916872411966324
different_speaker,-0.002372007817029953
different_speaker,0.015578065998852253
different_speaker,0.003921045456081629
different_speaker,-0.020610446110367775
different_speaker,0.08800392597913742
different_speaker,0.03593466058373451
different_speaker,0.04251153767108917
different_speaker,-0.020887799561023712
different_speaker,0.02302485518157482
different_speaker,0.14988325536251068
different_speaker,0.16094715893268585
different_speaker,0.166748508810997
different_speaker,0.1564055234193802
different_speaker,0.19961205124855042
different_speaker,0.12594230473041534
different_speaker,0.20734448730945587
different_speaker,0.13880397379398346
different_speaker,0.1407407969236374
different_speaker,0.21027834713459015
different_speaker,0.1904386281967163
different_speaker,0.16434518992900848
different_speaker,0.15012751519680023
different_speaker,0.12515801191329956
different_speaker,0.0812038779258728
different_speaker,0.01802181638777256
different_speaker,-0.0304243266582489
different_speaker,0.046862151473760605
different_speaker,0.09714405238628387
different_speaker,0.08572996407747269
different_speaker,0.11454452574253082
different_speaker,0.09299352020025253
different_speaker,0.07324126362800598
different_speaker,0.0383235402405262
different_speaker,0.0948452278971672
different_speaker,0.16526347398757935
different_speaker,0.25495022535324097
different_speaker,0.2314293384552002
different_speaker,0.15659719705581665
different_speaker,0.20006562769412994
different_speaker,-0.005160321481525898
different_speaker,0.059517331421375275
different_speaker,0.0907355472445488
different_speaker,0.029485004022717476
different_speaker,0.09521465748548508
different_speaker,0.24122223258018494
different_speaker,0.2126178741455078
different_speaker,0.18918699026107788
different_speaker,0.18923425674438477
different_speaker,0.2196488380432129
different_speaker,0.11526886373758316
different_speaker,0.08530101925134659
different_speaker,0.12890483438968658
different_speaker,0.07017089426517487
different_speaker,0.03730194270610809
different_speaker,0.13613590598106384
different_speaker,0.18539667129516602
different_speaker,0.187808558344841
different_speaker,0.17198048532009125
different_speaker,0.2104555368423462
different_speaker,0.08594994246959686
different_speaker,0.07848060876131058
different_speaker,0.09665391594171524
different_speaker,0.11978650093078613
different_speaker,0.11364199966192245
different_speaker,0.07304207235574722
different_speaker,0.12111984193325043
different_speaker,0.1454416662454605
different_speaker,0.07269416004419327
different_speaker,0.2012488842010498
different_speaker,0.12083212286233902
different_speaker,0.15354178845882416
different_speaker,0.12767720222473145
different_speaker,0.1253686249256134
different_speaker,0.2213750034570694
different_speaker,0.09519229084253311
different_speaker,0.06754416972398758
different_speaker,0.0448877178132534
different_speaker,0.034145865589380264
different_speaker,0.07506383210420609
different_speaker,0.0004698364937212318
different_speaker,0.08582941442728043
different_speaker,0.0519949272274971
different_speaker,0.18092080950737
different_speaker,0.022737057879567146
different_speaker,-0.06494739651679993
different_speaker,0.006966039538383484
different_speaker,0.03303633630275726
different_speaker,0.041996825486421585
different_speaker,0.01674826443195343
different_speaker,0.04575681686401367
different_speaker,0.04766174033284187
different_speaker,0.06031010299921036
different_speaker,-0.05149064213037491
different_speaker,0.0655960664153099
different_speaker,0.09298000484704971
different_speaker,0.10174660384654999
different_speaker,0.10441874712705612
different_speaker,0.07594166696071625
different_speaker,0.1405169516801834
different_speaker,0.10985961556434631
different_speaker,0.17670390009880066
different_speaker,0.09861873835325241
different_speaker,0.1481522172689438
different_speaker,0.21965292096138
different_speaker,0.1781553328037262
different_speaker,0.1440795361995697
different_speaker,0.13404427468776703
different_speaker,0.13085676729679108
different_speaker,0.06654815375804901
different_speaker,0.016820108518004417
different_speaker,-0.02618688903748989
different_speaker,0.039080116897821426
different_speaker,0.1057843267917633
different_speaker,0.07192123681306839
different_speaker,0.1277107447385788
different_speaker,0.06557922065258026
different_speaker,0.086272694170475
different_speaker,0.025600159540772438
different_speaker,0.103282630443573
different_speaker,0.14686867594718933
different_speaker,0.22319912910461426
different_speaker,0.21951627731323242
different_speaker,0.16923639178276062
different_speaker,0.16155563294887543
different_speaker,0.02823144942522049
different_speaker,0.04416308179497719
different_speaker,0.07846751809120178
different_speaker,0.035184767097234726
different_speaker,0.10601454228162766
different_speaker,0.2447083592414856
different_speaker,0.2201576977968216
different_speaker,0.18553489446640015
different_speaker,0.20207186043262482
different_speaker,0.23019568622112274
different_speaker,0.142389714717865
different_speaker,0.08182492852210999
different_speaker,0.11327870935201645
different_speaker,0.07940475642681122
different_speaker,0.03483116999268532
different_speaker,0.10828465223312378
different_speaker,0.156948983669281
different_speaker,0.16830328106880188
different_speaker,0.1770312637090683
different_speaker,0.16003292798995972
different_speaker,0.04194117709994316
different_speaker,0.03658823296427727
different_speaker,0.02694098837673664
different_speaker,0.050193898379802704
different_speaker,0.048245590180158615
different_speaker,0.08501723408699036
different_speaker,0.15515075623989105
different_speaker,0.1291288286447525
different_speaker,0.06423889100551605
different_speaker,0.19517937302589417
different_speaker,0.10048320144414902
different_speaker,0.16405431926250458
different_speaker,0.1331823319196701
different_speaker,0.12822827696800232
different_speaker,0.23748596012592316
different_speaker,0.10790038108825684
different_speaker,0.10263229161500931
different_speaker,0.062428735196590424
different_speaker,0.07013745605945587
different_speaker,0.10416782647371292
different_speaker,0.032693859189748764
different_speaker,0.09658323973417282
different_speaker,0.08399081230163574
different_speaker,0.22067643702030182
different_speaker,0.06319916993379593
different_speaker,-0.05774032324552536
different_speaker,0.009441521018743515
different_speaker,0.04162616655230522
different_speaker,0.037745434790849686
different_speaker,0.027113545686006546
different_speaker,0.0626370757818222
different_speaker,0.054448775947093964
different_speaker,0.0635092705488205
different_speaker,-0.04249579831957817
different_speaker,0.04172869771718979
different_speaker,0.0894085243344307
different_speaker,0.09132619947195053
different_speaker,0.07295804470777512
different_speaker,0.06336510926485062
different_speaker,0.12386032938957214
different_speaker,0.30508744716644287
different_speaker,0.3883640766143799
different_speaker,0.37004151940345764
different_speaker,0.2643241584300995
different_speaker,0.3124644458293915
different_speaker,0.12125154584646225
different_speaker,0.06827156990766525
different_speaker,0.08759726583957672
different_speaker,0.13669246435165405
different_speaker,0.08951342105865479
different_speaker,0.38529372215270996
different_speaker,0.471032977104187
different_speaker,0.3683396577835083
different_speaker,0.25479409098625183
different_speaker,0.3543245792388916
different_speaker,0.13135799765586853
different_speaker,0.11351562291383743
different_speaker,0.12816371023654938
different_speaker,0.04861481860280037
different_speaker,0.11166257411241531
different_speaker,0.1478676199913025
different_speaker,0.026729997247457504
different_speaker,0.04483310878276825
different_speaker,-0.030847959220409393
different_speaker,0.06127472221851349
different_speaker,0.0225723497569561
different_speaker,0.019933920353651047
different_speaker,0.0038820828776806593
different_speaker,-0.009253857657313347
different_speaker,-0.05024319887161255
different_speaker,0.09066636860370636
different_speaker,0.12089350074529648
different_speaker,0.13849888741970062
different_speaker,0.060469191521406174
different_speaker,0.04313268885016441
different_speaker,0.10738401114940643
different_speaker,0.12939922511577606
different_speaker,0.12104018032550812
different_speaker,0.1531476378440857
different_speaker,0.1930585652589798
different_speaker,-0.029263464733958244
different_speaker,0.019108960404992104
different_speaker,0.018257437273859978
different_speaker,0.0028769539203494787
different_speaker,-0.04054852947592735
different_speaker,0.08655858039855957
different_speaker,0.13191048800945282
different_speaker,0.09357678145170212
different_speaker,0.03861895203590393
different_speaker,0.08290660381317139
different_speaker,0.1663152426481247
different_speaker,0.21117953956127167
different_speaker,0.1631644070148468
different_speaker,0.1592080295085907
different_speaker,0.17828692495822906
different_speaker,0.06003943830728531
different_speaker,0.07617409527301788
different_speaker,0.034347690641880035
different_speaker,0.027120480313897133
different_speaker,0.0107290493324399
different_speaker,0.06476021558046341
different_speaker,0.011799692176282406
different_speaker,0.09484167397022247
different_speaker,0.05324830859899521
different_speaker,0.06001877412199974
different_speaker,0.12239555269479752
different_speaker,0.09103023260831833
different_speaker,0.1488891839981079
different_speaker,0.06937721371650696
different_speaker,0.14749373495578766
different_speaker,0.0846528708934784
different_speaker,0.17271360754966736
different_speaker,0.06822448968887329
different_speaker,0.015615357086062431
different_speaker,0.11846745014190674
different_speaker,0.08057232201099396
different_speaker,0.0952470600605011
different_speaker,0.07736573368310928
different_speaker,0.09816234558820724
different_speaker,0.06896699219942093
different_speaker,0.3166241943836212
different_speaker,0.3524133265018463
different_speaker,0.33325982093811035
different_speaker,0.22351416945457458
different_speaker,0.2386498749256134
different_speaker,0.14838996529579163
different_speaker,0.0672336295247078
different_speaker,0.1510850191116333
different_speaker,0.22150059044361115
different_speaker,0.1605869084596634
different_speaker,0.3856605589389801
different_speaker,0.4082051217556
different_speaker,0.34299418330192566
different_speaker,0.27735769748687744
different_speaker,0.3519677519798279
different_speaker,0.1488051563501358
different_speaker,0.1737377941608429
different_speaker,0.19439201056957245
different_speaker,0.09185878187417984
different_speaker,0.1568865031003952
different_speaker,0.11070080101490021
different_speaker,0.11186982691287994
different_speaker,0.10671287775039673
different_speaker,0.027867157012224197
different_speaker,0.09757611155509949
different_speaker,0.0376625657081604
different_speaker,0.04878278821706772
different_speaker,0.0034620712976902723
different_speaker,0.033332373946905136
different_speaker,0.006789356004446745
different_speaker,0.08811832219362259
different_speaker,0.10526208579540253
different_speaker,0.11889535933732986
different_speaker,0.057480841875076294
different_speaker,-0.025388825684785843
different_speaker,0.08032745867967606
different_speaker,0.16415303945541382
different_speaker,0.10623214393854141
different_speaker,0.1503024697303772
different_speaker,0.21782775223255157
different_speaker,0.020237229764461517
different_speaker,0.05315627530217171
different_speaker,0.05993526056408882
different_speaker,0.03594645485281944
different_speaker,-0.002503220923244953
different_speaker,0.03911938890814781
different_speaker,0.11372610181570053
different_speaker,0.07225839048624039
different_speaker,0.03415721282362938
different_speaker,0.09909998625516891
different_speaker,0.19424709677696228
different_speaker,0.2300233244895935
different_speaker,0.17873963713645935
different_speaker,0.17757955193519592
different_speaker,0.19170187413692474
different_speaker,0.06153465434908867
different_speaker,0.07936997711658478
different_speaker,0.03176601976156235
different_speaker,0.036923471838235855
different_speaker,-0.004729885142296553
different_speaker,0.1355297714471817
different_speaker,0.07746659219264984
different_speaker,0.14745590090751648
different_speaker,0.1206791028380394
different_speaker,0.11046687513589859
different_speaker,0.06476151943206787
different_speaker,0.07586261630058289
different_speaker,0.14329004287719727
different_speaker,0.07242593914270401
different_speaker,0.17011921107769012
different_speaker,0.06575451046228409
different_speaker,0.1898372769355774
different_speaker,0.06911219656467438
different_speaker,-0.0060696848668158054
different_speaker,0.16097190976142883
different_speaker,0.09869661182165146
different_speaker,0.1018873080611229
different_speaker,0.0721568763256073
different_speaker,0.12710727751255035
different_speaker,0.0666910856962204
different_speaker,0.24343125522136688
different_speaker,0.30997592210769653
different_speaker,0.29070788621902466
different_speaker,0.1639314740896225
different_speaker,0.2125903069972992
different_speaker,0.15904365479946136
different_speaker,0.1460043489933014
different_speaker,0.1605004221200943
different_speaker,0.19437016546726227
different_speaker,0.13985008001327515
different_speaker,0.28451964259147644
different_speaker,0.33431312441825867
different_speaker,0.2609950304031372
different_speaker,0.18571265041828156
different_speaker,0.2669807970523834
different_speaker,0.14073091745376587
different_speaker,0.12412575632333755
different_speaker,0.14243413507938385
different_speaker,0.07392124831676483
different_speaker,0.16099125146865845
different_speaker,0.059727322310209274
different_speaker,0.029187342151999474
different_speaker,0.023717129603028297
different_speaker,-0.018758395686745644
different_speaker,0.06896641105413437
different_speaker,0.058881521224975586
different_speaker,0.05668893828988075
different_speaker,0.04103994369506836
different_speaker,-0.004160874057561159
different_speaker,-0.006715125869959593
different_speaker,0.06979695707559586
different_speaker,0.1102786660194397
different_speaker,0.1349641978740692
different_speaker,0.014435682445764542
different_speaker,0.02545405738055706
different_speaker,0.1347656399011612
different_speaker,0.09627427905797958
different_speaker,0.11186528950929642
different_speaker,0.15862366557121277
different_speaker,0.20363657176494598
different_speaker,0.04286704957485199
different_speaker,0.042556148022413254
different_speaker,0.08239832520484924
different_speaker,0.06209057196974754
different_speaker,0.011736893095076084
different_speaker,0.04689944535493851
different_speaker,0.10639113187789917
different_speaker,0.038339585065841675
different_speaker,-0.020096221938729286
different_speaker,0.056584522128105164
different_speaker,0.11760328710079193
different_speaker,0.11527746170759201
different_speaker,0.11909826099872589
different_speaker,0.08824936300516129
different_speaker,0.11142940074205399
different_speaker,-0.010196368210017681
different_speaker,0.005560480058193207
different_speaker,0.01019569206982851
different_speaker,-0.002910864306613803
different_speaker,-0.054388802498579025
different_speaker,0.12182635813951492
different_speaker,0.061116401106119156
different_speaker,0.11336740851402283
different_speaker,0.09341605752706528
different_speaker,0.10966388881206512
different_speaker,0.1021464616060257
different_speaker,0.0874636173248291
different_speaker,0.16858194768428802
different_speaker,0.11921938508749008
different_speaker,0.19331416487693787
different_speaker,0.005399949382990599
different_speaker,0.1600356251001358
different_speaker,-0.0054550631903111935
different_speaker,-0.07855889946222305
different_speaker,0.14593401551246643
different_speaker,0.12745870649814606
different_speaker,0.11530040204524994
different_speaker,0.10582444071769714
different_speaker,0.1595134735107422
different_speaker,0.1171669289469719
different_speaker,0.30298522114753723
different_speaker,0.3319116234779358
different_speaker,0.2586669921875
different_speaker,0.2177020013332367
different_speaker,0.22493943572044373
different_speaker,0.09858855605125427
different_speaker,0.05123111605644226
different_speaker,0.10872986912727356
different_speaker,0.1828274428844452
different_speaker,0.06712550669908524
different_speaker,0.22893694043159485
different_speaker,0.24185629189014435
different_speaker,0.2268744856119156
different_speaker,0.22164884209632874
different_speaker,0.31825077533721924
different_speaker,0.10521863400936127
different_speaker,0.10108797252178192
different_speaker,0.0887245386838913
different_speaker,0.09224221855401993
different_speaker,0.10359389334917068
different_speaker,-0.004833659622818232
different_speaker,0.0266801156103611
different_speaker,0.031533923000097275
different_speaker,-0.0026653248351067305
different_speaker,0.0428975485265255
different_speaker,0.007326160091906786
different_speaker,0.04677429422736168
different_speaker,-0.0184578038752079
different_speaker,0.027208395302295685
different_speaker,0.02547651343047619
different_speaker,0.10741258412599564
different_speaker,0.06707406044006348
different_speaker,0.08000563830137253
different_speaker,0.03636439889669418
different_speaker,-0.014061912894248962
different_speaker,0.062235381454229355
different_speaker,0.19877029955387115
different_speaker,0.12061421573162079
different_speaker,0.19346554577350616
different_speaker,0.28573423624038696
different_speaker,0.051870230585336685
different_speaker,-0.02876296639442444
different_speaker,-0.058375466614961624
different_speaker,-0.03608255460858345
different_speaker,-0.08773323893547058
different_speaker,0.05000434070825577
different_speaker,0.08680464327335358
different_speaker,0.07781337946653366
different_speaker,0.10979268699884415
different_speaker,0.11989951133728027
different_speaker,0.047581084072589874
different_speaker,0.1258835792541504
different_speaker,0.0163930281996727
different_speaker,0.12135979533195496
different_speaker,-0.0005709465476684272
different_speaker,0.08332189917564392
different_speaker,0.09808830171823502
different_speaker,0.04991859942674637
different_speaker,0.058926042169332504
different_speaker,0.02831902913749218
different_speaker,0.1367109715938568
different_speaker,0.17625504732131958
different_speaker,0.15240415930747986
different_speaker,0.18050630390644073
different_speaker,0.13255569338798523
different_speaker,0.22018735110759735
different_speaker,0.2103338986635208
different_speaker,0.28888216614723206
different_speaker,0.18673846125602722
different_speaker,0.2954210042953491
different_speaker,-0.019030267372727394
different_speaker,0.011425603181123734
different_speaker,-0.0662970319390297
different_speaker,-0.07489041984081268
different_speaker,0.0629938617348671
different_speaker,0.06049664318561554
different_speaker,0.09496673196554184
different_speaker,0.10677369683980942
different_speaker,0.08698328584432602
different_speaker,0.06425615400075912
different_speaker,0.2731523811817169
different_speaker,0.25627318024635315
different_speaker,0.2305353283882141
different_speaker,0.14283990859985352
different_speaker,0.16507934033870697
different_speaker,0.021708188578486443
different_speaker,0.018872985616326332
different_speaker,0.07432561367750168
different_speaker,0.13585889339447021
different_speaker,0.0434589684009552
different_speaker,0.3215325176715851
different_speaker,0.2849409282207489
different_speaker,0.3188835084438324
different_speaker,0.31962528824806213
different_speaker,0.3692564070224762
different_speaker,0.07015890628099442
different_speaker,0.0953102633357048
different_speaker,0.0507066510617733
different_speaker,0.06105899438261986
different_speaker,0.07171086966991425
different_speaker,-0.02236020565032959
different_speaker,0.034876007586717606
different_speaker,0.05658490210771561
different_speaker,0.07013304531574249
different_speaker,0.09598354250192642
different_speaker,0.0148374754935503
different_speaker,0.03717387840151787
different_speaker,-0.05130833014845848
different_speaker,-0.02904152311384678
different_speaker,-0.014847238548099995
different_speaker,0.0744294747710228
different_speaker,0.02314005419611931
different_speaker,0.03892642632126808
different_speaker,0.027823317795991898
different_speaker,-0.04531886428594589
different_speaker,0.042770467698574066
different_speaker,0.20300520956516266
different_speaker,0.10331950336694717
different_speaker,0.17118887603282928
different_speaker,0.23391450941562653
different_speaker,0.023315612226724625
different_speaker,-0.04527689144015312
different_speaker,-0.0950670838356018
different_speaker,-0.03716041520237923
different_speaker,-0.0948432981967926
different_speaker,0.039669256657361984
different_speaker,0.07446462661027908
different_speaker,0.07892113924026489
different_speaker,0.11461179703474045
different_speaker,0.1331598311662674
different_speaker,0.10481983423233032
different_speaker,0.1645027995109558
different_speaker,0.08332516252994537
different_speaker,0.1606120765209198
different_speaker,0.07343690097332001
different_speaker,0.018697667866945267
different_speaker,0.03373115509748459
different_speaker,-0.0015082720201462507
different_speaker,-0.02316790632903576
different_speaker,-0.038775525987148285
different_speaker,0.16508270800113678
different_speaker,0.24563589692115784
different_speaker,0.16692596673965454
different_speaker,0.27434980869293213
different_speaker,0.15372847020626068
different_speaker,0.19208186864852905
different_speaker,0.19985680282115936
different_speaker,0.26168566942214966
different_speaker,0.17351077497005463
different_speaker,0.29809141159057617
different_speaker,0.021657057106494904
different_speaker,0.034176312386989594
different_speaker,-0.018305703997612
different_speaker,-0.07906727492809296
different_speaker,0.09806779026985168
different_speaker,0.02652129903435707
different_speaker,0.07534348964691162
different_speaker,0.09807520359754562
different_speaker,0.02623315528035164
different_speaker,0.07145024836063385
different_speaker,-0.07879579812288284
different_speaker,-0.15063361823558807
different_speaker,-0.11107514053583145
different_speaker,0.02117096073925495
different_speaker,0.012073776684701443
different_speaker,0.19749724864959717
different_speaker,0.23846369981765747
different_speaker,0.2265569418668747
different_speaker,0.2725958824157715
different_speaker,0.22816243767738342
different_speaker,0.003272267524152994
different_speaker,0.006557556334882975
different_speaker,0.0022699006367474794
different_speaker,-0.012048398144543171
different_speaker,-0.004306241869926453
different_speaker,0.06753361225128174
different_speaker,0.014306752942502499
different_speaker,0.02855469100177288
different_speaker,-0.013752853497862816
different_speaker,0.029226142913103104
different_speaker,0.058849915862083435
different_speaker,0.07153603434562683
different_speaker,0.005702625960111618
different_speaker,0.11710798740386963
different_speaker,0.08018770068883896
different_speaker,0.11263874173164368
different_speaker,0.060762669891119
different_speaker,0.06777095794677734
different_speaker,0.07251815497875214
different_speaker,0.07059434056282043
different_speaker,0.11343465000391006
different_speaker,0.1438063681125641
different_speaker,0.15711280703544617
different_speaker,0.23047670722007751
different_speaker,0.15925359725952148
different_speaker,0.11171875894069672
different_speaker,0.0643099844455719
different_speaker,0.059572476893663406
different_speaker,0.03496704623103142
different_speaker,0.023084891960024834
different_speaker,0.047397077083587646
different_speaker,0.07658851146697998
different_speaker,0.05112273618578911
different_speaker,-0.01749623753130436
different_speaker,0.044343575835227966
different_speaker,0.19265204668045044
different_speaker,0.2187288999557495
different_speaker,0.23678907752037048
different_speaker,0.23346346616744995
different_speaker,0.23859475553035736
different_speaker,0.13828350603580475
different_speaker,0.13369694352149963
different_speaker,0.09112716466188431
different_speaker,0.07843185216188431
different_speaker,0.11806797236204147
different_speaker,0.10333224385976791
different_speaker,0.10243191570043564
different_speaker,0.11363311111927032
different_speaker,0.06519965082406998
different_speaker,0.09942054003477097
different_speaker,0.05241425335407257
different_speaker,0.10404273122549057
different_speaker,0.11642592400312424
different_speaker,0.08783715963363647
different_speaker,0.09628583490848541
different_speaker,0.035139527171850204
different_speaker,0.019711250439286232
different_speaker,0.052620306611061096
different_speaker,-0.023069322109222412
different_speaker,0.06850050389766693
different_speaker,0.08969572186470032
different_speaker,0.05410698801279068
different_speaker,0.10051713138818741
different_speaker,0.04882003739476204
different_speaker,0.09220223873853683
different_speaker,-0.039220407605171204
different_speaker,-0.08847418427467346
different_speaker,-0.1030350849032402
different_speaker,0.006626079324632883
different_speaker,-0.018311766907572746
different_speaker,0.24336151778697968
different_speaker,0.28412821888923645
different_speaker,0.2358357459306717
different_speaker,0.2829621732234955
different_speaker,0.2822277545928955
different_speaker,-0.0032322120387107134
different_speaker,0.006272992119193077
different_speaker,0.006789869628846645
different_speaker,-0.02726997621357441
different_speaker,-0.01903591677546501
different_speaker,0.11062722653150558
different_speaker,0.0543324276804924
different_speaker,0.08403167128562927
different_speaker,0.0453123115003109
different_speaker,0.10005176812410355
different_speaker,0.0978749543428421
different_speaker,0.07826866954565048
different_speaker,0.03475124016404152
different_speaker,0.08830121159553528
different_speaker,0.0535266287624836
different_speaker,0.09529674798250198
different_speaker,0.09316648542881012
different_speaker,0.09362641721963882
different_speaker,0.07411313056945801
different_speaker,0.06655924022197723
different_speaker,0.05286182835698128
different_speaker,0.10084952414035797
different_speaker,0.08503270149230957
different_speaker,0.17125602066516876
different_speaker,0.09521791338920593
different_speaker,0.06530788540840149
different_speaker,0.06993027776479721
different_speaker,0.03177884593605995
different_speaker,0.02025524526834488
different_speaker,0.0077882446348667145
different_speaker,0.0395796038210392
different_speaker,0.10323028266429901
different_speaker,0.0558876097202301
different_speaker,-0.03963105380535126
different_speaker,0.028727833181619644
different_speaker,0.1863037794828415
different_speaker,0.19405502080917358
different_speaker,0.22829462587833405
different_speaker,0.2188844233751297
different_speaker,0.2173803597688675
different_speaker,0.10289797931909561
different_speaker,0.09013716131448746
different_speaker,-0.00444757379591465
different_speaker,0.005802629981189966
different_speaker,0.08337698131799698
different_speaker,0.0266864150762558
different_speaker,0.03288465365767479
different_speaker,0.05781862139701843
different_speaker,0.0021476224064826965
different_speaker,0.025195477530360222
different_speaker,0.09041165560483932
different_speaker,0.10907766222953796
different_speaker,0.12744852900505066
different_speaker,0.0926801860332489
different_speaker,0.07958243042230606
different_speaker,0.02311314456164837
different_speaker,-0.030262505635619164
different_speaker,-0.013545268215239048
different_speaker,-0.027001231908798218
different_speaker,0.020606964826583862
different_speaker,0.09714256227016449
different_speaker,0.07848281413316727
different_speaker,0.11295612901449203
different_speaker,0.05270938202738762
different_speaker,0.10048966854810715
different_speaker,0.024552538990974426
different_speaker,-0.024164659902453423
different_speaker,-0.010617177002131939
different_speaker,0.09309804439544678
different_speaker,0.0839599147439003
different_speaker,0.22836588323116302
different_speaker,0.2718771994113922
different_speaker,0.23969082534313202
different_speaker,0.2810707092285156
different_speaker,0.2859346568584442
different_speaker,0.02507786639034748
different_speaker,0.04957016929984093
different_speaker,0.06382811814546585
different_speaker,-0.019383367151021957
different_speaker,0.005458425730466843
different_speaker,0.20345157384872437
different_speaker,0.15593329071998596
different_speaker,0.17020688951015472
different_speaker,0.12158598005771637
different_speaker,0.17160367965698242
different_speaker,0.11299116164445877
different_speaker,0.08946218341588974
different_speaker,0.08345643430948257
different_speaker,0.1072063148021698
different_speaker,0.05744626745581627
different_speaker,0.05964924767613411
different_speaker,0.06663211435079575
different_speaker,0.05025812238454819
different_speaker,0.05029095336794853
different_speaker,0.09546065330505371
different_speaker,0.004016199614852667
different_speaker,0.08473722636699677
different_speaker,0.06187444552779198
different_speaker,0.1601228564977646
different_speaker,0.09398968517780304
different_speaker,0.08885876834392548
different_speaker,0.07079904526472092
different_speaker,0.060524191707372665
different_speaker,0.026428168639540672
different_speaker,0.023537183180451393
different_speaker,0.05831979587674141
different_speaker,0.06733527034521103
different_speaker,0.03927166014909744
different_speaker,-0.03378693014383316
different_speaker,-0.002460201969370246
different_speaker,0.24481013417243958
different_speaker,0.28857457637786865
different_speaker,0.309184193611145
different_speaker,0.2715475261211395
different_speaker,0.30747881531715393
different_speaker,0.10002976655960083
different_speaker,0.09495345503091812
different_speaker,0.029730990529060364
different_speaker,0.030981630086898804
different_speaker,0.08101645112037659
different_speaker,0.020040668547153473
different_speaker,0.056870583444833755
different_speaker,0.07277854532003403
different_speaker,0.02763579785823822
different_speaker,0.0347474180161953
different_speaker,0.08239125460386276
different_speaker,0.09542597085237503
different_speaker,0.14307467639446259
different_speaker,0.11705666035413742
different_speaker,0.11358959227800369
different_speaker,0.08592566847801208
different_speaker,0.04547816514968872
different_speaker,0.027504201978445053
different_speaker,0.04410964250564575
different_speaker,0.03813345730304718
different_speaker,0.05750128626823425
different_speaker,0.06616970896720886
different_speaker,0.1284346878528595
different_speaker,0.0007370443781837821
different_speaker,0.08803761005401611
different_speaker,-0.027212899178266525
different_speaker,-0.03163330629467964
different_speaker,-0.0185187179595232
different_speaker,0.08774435520172119
different_speaker,0.043542422354221344
different_speaker,0.16312269866466522
different_speaker,0.17771902680397034
different_speaker,0.20000113546848297
different_speaker,0.1975417584180832
different_speaker,0.18312475085258484
different_speaker,0.04023626446723938
different_speaker,0.0720008835196495
different_speaker,0.04648679867386818
different_speaker,-0.0018211553106084466
different_speaker,0.0058032451197505
different_speaker,0.10276202112436295
different_speaker,0.03388985991477966
different_speaker,0.06348758935928345
different_speaker,0.013383765704929829
different_speaker,0.04633492976427078
different_speaker,0.09681010991334915
different_speaker,0.0831541046500206
different_speaker,0.0893813967704773
different_speaker,0.16450785100460052
different_speaker,0.0864582434296608
different_speaker,0.10213306546211243
different_speaker,0.07372502982616425
different_speaker,0.023203304037451744
different_speaker,0.10492422431707382
different_speaker,0.07854533940553665
different_speaker,0.059662945568561554
different_speaker,0.10245981812477112
different_speaker,0.099073626101017
different_speaker,0.19592124223709106
different_speaker,0.08130143582820892
different_speaker,0.07114145159721375
different_speaker,0.023198161274194717
different_speaker,0.0055786678567528725
different_speaker,-0.023880578577518463
different_speaker,0.0178380124270916
different_speaker,0.01704929955303669
different_speaker,0.026610631495714188
different_speaker,-0.023447375744581223
different_speaker,-0.0899529978632927
different_speaker,-0.03828861191868782
different_speaker,0.16848547756671906
different_speaker,0.23809008300304413
different_speaker,0.2637205719947815
different_speaker,0.20544017851352692
different_speaker,0.22248364984989166
different_speaker,0.054508719593286514
different_speaker,0.08322969824075699
different_speaker,-0.001560628297738731
different_speaker,0.0022911347914487123
different_speaker,0.076822429895401
different_speaker,0.014097006060183048
different_speaker,0.0521254800260067
different_speaker,0.08039494603872299
different_speaker,0.04761715233325958
different_speaker,0.030797146260738373
different_speaker,0.09609223902225494
different_speaker,0.12599612772464752
different_speaker,0.10640061646699905
different_speaker,0.05396685376763344
different_speaker,0.05364720895886421
different_speaker,0.05550725385546684
different_speaker,-0.029352864250540733
different_speaker,-0.023345548659563065
different_speaker,0.05480469390749931
different_speaker,-0.08386972546577454
different_speaker,0.10948240011930466
different_speaker,0.03388242796063423
different_speaker,0.09956188499927521
different_speaker,0.024227038025856018
different_speaker,0.09060942381620407
different_speaker,-0.03732168301939964
different_speaker,-0.0394798219203949
different_speaker,-0.04819358140230179
different_speaker,-0.005079131573438644
different_speaker,0.013494265265762806
different_speaker,0.16362421214580536
different_speaker,0.2132580280303955
different_speaker,0.16124774515628815
different_speaker,0.1720653772354126
different_speaker,0.12694694101810455
different_speaker,-0.0028856757562607527
different_speaker,2.9051972887828015e-05
different_speaker,5.958328074484598e-06
different_speaker,-0.061960648745298386
different_speaker,-0.026272429153323174
different_speaker,0.09973379969596863
different_speaker,-0.03577097877860069
different_speaker,-0.0032823835499584675
different_speaker,-0.03800079599022865
different_speaker,-0.006158075295388699
different_speaker,0.033742692321538925
different_speaker,0.019278746098279953
different_speaker,0.015163815580308437
different_speaker,0.06984946131706238
different_speaker,0.03583350405097008
different_speaker,0.06996650248765945
different_speaker,0.05146060883998871
different_speaker,0.019568150863051414
different_speaker,0.05648371949791908
different_speaker,0.06275143474340439
different_speaker,0.10874861478805542
different_speaker,0.14902687072753906
different_speaker,0.149248868227005
different_speaker,0.2121267467737198
different_speaker,0.1634541153907776
different_speaker,0.045691631734371185
different_speaker,0.014164646156132221
different_speaker,0.012782111763954163
different_speaker,-0.034682583063840866
different_speaker,-0.012542717158794403
different_speaker,0.06353656202554703
different_speaker,0.1159101352095604
different_speaker,0.0869700089097023
different_speaker,0.016070809215307236
different_speaker,0.07776607573032379
different_speaker,0.17905864119529724
different_speaker,0.24781829118728638
different_speaker,0.27376458048820496
different_speaker,0.21334579586982727
different_speaker,0.24128936231136322
different_speaker,0.13638649880886078
different_speaker,0.12630635499954224
different_speaker,0.060030922293663025
different_speaker,0.04839955270290375
different_speaker,0.1305367648601532
different_speaker,0.06564317643642426
different_speaker,0.05112987756729126
different_speaker,0.1002550721168518
different_speaker,0.03797861188650131
different_speaker,0.08723627775907516
different_speaker,0.09288833290338516
different_speaker,0.10332270711660385
different_speaker,0.13136249780654907
different_speaker,0.1147271916270256
different_speaker,0.09714612364768982
different_speaker,0.0032261644955724478
different_speaker,0.06519811600446701
different_speaker,0.0392247810959816
different_speaker,-0.01830925978720188
different_speaker,0.024621285498142242
different_speaker,0.09872043132781982
different_speaker,0.07729904353618622
different_speaker,0.11660607159137726
different_speaker,0.04968961700797081
different_speaker,0.0989881306886673
different_speaker,-0.03588777035474777
different_speaker,0.043400850147008896
different_speaker,0.012073605321347713
different_speaker,-0.016654731705784798
different_speaker,0.03161599859595299
different_speaker,0.1453239470720291
different_speaker,0.10456647723913193
different_speaker,0.18520861864089966
different_speaker,0.11474064737558365
different_speaker,0.15649951994419098
different_speaker,0.19207364320755005
different_speaker,0.17496009171009064
different_speaker,0.15178626775741577
different_speaker,0.16850733757019043
different_speaker,0.16015608608722687
different_speaker,0.10014521330595016
different_speaker,0.02924204431474209
different_speaker,0.03304099291563034
different_speaker,0.01770799607038498
different_speaker,0.09873325377702713
different_speaker,0.009653433226048946
different_speaker,-0.029585659503936768
different_speaker,0.05020707845687866
different_speaker,-0.020960675552487373
different_speaker,0.055249009281396866
different_speaker,0.28304314613342285
different_speaker,0.29279279708862305
different_speaker,0.33183392882347107
different_speaker,0.280415803194046
different_speaker,0.2926071286201477
different_speaker,0.07450591027736664
different_speaker,0.11124620586633682
different_speaker,0.04286212846636772
different_speaker,0.03330234810709953
different_speaker,0.06702578067779541
different_speaker,0.11937679350376129
different_speaker,0.11103421449661255
different_speaker,0.12525005638599396
different_speaker,0.11774928867816925
different_speaker,0.15836229920387268
different_speaker,0.027035782113671303
different_speaker,0.044966671615839005
different_speaker,-0.0014211605302989483
different_speaker,0.0472913458943367
different_speaker,0.03288628160953522
different_speaker,0.04065220057964325
different_speaker,-0.02830515429377556
different_speaker,0.044938310980796814
different_speaker,0.04441189393401146
different_speaker,-0.024557551369071007
different_speaker,0.038686465471982956
different_speaker,-0.033428411930799484
different_speaker,0.034610532224178314
different_speaker,-0.03490560129284859
different_speaker,0.010131741873919964
different_speaker,0.04662032425403595
different_speaker,0.029989611357450485
different_speaker,0.03984319046139717
different_speaker,0.05190133675932884
different_speaker,0.09725333750247955
different_speaker,0.13881883025169373
different_speaker,0.18161743879318237
different_speaker,0.034819096326828
different_speaker,0.07934457063674927
different_speaker,0.19514138996601105
different_speaker,0.13195689022541046
different_speaker,0.011649925261735916
different_speaker,0.12051988393068314
different_speaker,0.09929011762142181
different_speaker,0.06495887041091919
different_speaker,0.0061991289258003235
different_speaker,0.08974909782409668
different_speaker,0.05254276469349861
different_speaker,0.014318705536425114
different_speaker,0.07659485936164856
different_speaker,0.05584754794836044
different_speaker,0.06343676149845123
different_speaker,0.08312685042619705
different_speaker,-0.016028227284550667
different_speaker,0.0711195096373558
different_speaker,0.013131259009242058
different_speaker,0.08968976140022278
different_speaker,0.061414167284965515
different_speaker,0.10809998959302902
different_speaker,0.08764591068029404
different_speaker,0.09870607405900955
different_speaker,0.05039516091346741
different_speaker,0.054983314126729965
different_speaker,0.047215986996889114
different_speaker,0.06450094282627106
different_speaker,0.03102031722664833
different_speaker,0.025214366614818573
different_speaker,0.11235750466585159
different_speaker,-0.008553832769393921
different_speaker,0.08923220634460449
different_speaker,0.19687417149543762
different_speaker,0.2287624478340149
different_speaker,0.2081175595521927
different_speaker,0.1972215175628662
different_speaker,0.2003200352191925
different_speaker,0.0773395523428917
different_speaker,0.07113337516784668
different_speaker,0.06785650551319122
different_speaker,0.029898766428232193
different_speaker,0.08436263352632523
different_speaker,0.08172468096017838
different_speaker,0.06962970644235611
different_speaker,0.0929204449057579
different_speaker,0.12951181828975677
different_speaker,0.11720748245716095
different_speaker,0.05674386024475098
different_speaker,0.038169071078300476
different_speaker,0.01970730349421501
different_speaker,0.056538693606853485
different_speaker,0.009239490143954754
different_speaker,-0.00499988067895174
different_speaker,-0.038506243377923965
different_speaker,0.01581968553364277
different_speaker,0.031371504068374634
different_speaker,-0.0541723370552063
different_speaker,0.040278952568769455
different_speaker,0.006348918657749891
different_speaker,0.018227968364953995
different_speaker,-0.011780901812016964
different_speaker,0.002646818058565259
different_speaker,0.03615165129303932
different_speaker,0.012705342844128609
different_speaker,0.018284689635038376
different_speaker,0.04727107658982277
different_speaker,0.07930570095777512
different_speaker,0.064153291285038
different_speaker,0.20031411945819855
different_speaker,0.020817194133996964
different_speaker,0.07287520170211792
different_speaker,0.15524138510227203
different_speaker,0.10567162185907364
different_speaker,0.06449589133262634
different_speaker,0.160195991396904
different_speaker,0.048784270882606506
different_speaker,0.07833172380924225
different_speaker,0.016269352287054062
different_speaker,0.04938505217432976
different_speaker,0.02822708524763584
different_speaker,0.0025695108342915773
different_speaker,0.08051341772079468
different_speaker,0.11947183310985565
different_speaker,0.09477637708187103
different_speaker,0.16008682548999786
different_speaker,0.07350801676511765
different_speaker,0.15209104120731354
different_speaker,0.11691306531429291
different_speaker,0.15401414036750793
different_speaker,0.15285785496234894
different_speaker,0.18677110970020294
different_speaker,0.12148493528366089
different_speaker,0.06965237110853195
different_speaker,0.007207476068288088
different_speaker,0.050080396234989166
different_speaker,0.04953416436910629
different_speaker,0.060830894857645035
different_speaker,0.02343066781759262
different_speaker,0.014255848713219166
different_speaker,0.04547121375799179
different_speaker,-0.019269483163952827
different_speaker,0.11396323144435883
different_speaker,0.2908388674259186
different_speaker,0.3464154601097107
different_speaker,0.3417854309082031
different_speaker,0.30193498730659485
different_speaker,0.3409912586212158
different_speaker,0.08421336114406586
different_speaker,0.08762925118207932
different_speaker,0.056545861065387726
different_speaker,0.047665417194366455
different_speaker,0.07076432555913925
different_speaker,0.1372302621603012
different_speaker,0.06003035977482796
different_speaker,0.09378297626972198
different_speaker,0.1033271998167038
different_speaker,0.14427360892295837
different_speaker,0.03190641850233078
different_speaker,0.08667689561843872
different_speaker,0.036758240312337875
different_speaker,0.06548640877008438
different_speaker,0.011736895889043808
different_speaker,-0.028734834864735603
different_speaker,-0.10403566807508469
different_speaker,-0.01842048019170761
different_speaker,-0.0013817154103890061
different_speaker,-0.12435654550790787
different_speaker,0.020084187388420105
different_speaker,-0.03194472938776016
different_speaker,0.017864853143692017
different_speaker,-0.04269151762127876
different_speaker,-0.005891511216759682
different_speaker,0.035255711525678635
different_speaker,-0.021658683195710182
different_speaker,0.045800141990184784
different_speaker,0.029645049944519997
different_speaker,0.08101367205381393
different_speaker,0.17065563797950745
different_speaker,0.2742860019207001
different_speaker,0.0715731605887413
different_speaker,0.10354466736316681
different_speaker,0.23262043297290802
different_speaker,0.08890807628631592
different_speaker,0.024318711832165718
different_speaker,0.14344798028469086
different_speaker,0.0282257329672575
different_speaker,0.06869359314441681
different_speaker,0.012211230583488941
different_speaker,0.03193539381027222
different_speaker,0.014959019608795643
different_speaker,-0.08310583233833313
different_speaker,-0.016547853127121925
different_speaker,0.14738276600837708
different_speaker,0.1820274293422699
different_speaker,0.18408545851707458
different_speaker,0.10784059017896652
different_speaker,0.181265726685524
different_speaker,0.09790687263011932
different_speaker,0.20575302839279175
different_speaker,0.20282667875289917
different_speaker,0.19714857637882233
different_speaker,0.19298936426639557
different_speaker,0.2092938870191574
different_speaker,0.15375280380249023
different_speaker,0.14582425355911255
different_speaker,0.1238694116473198
different_speaker,0.16579511761665344
different_speaker,0.07432525604963303
different_speaker,0.05655783414840698
different_speaker,0.0937805026769638
different_speaker,-0.010704022832214832
different_speaker,0.059395547956228256
different_speaker,0.2517320215702057
different_speaker,0.31879881024360657
different_speaker,0.2880718410015106
different_speaker,0.26900389790534973
different_speaker,0.36703377962112427
different_speaker,0.07817075401544571
different_speaker,0.016801267862319946
different_speaker,0.031236860901117325
different_speaker,0.006600882392376661
different_speaker,0.026639455929398537
different_speaker,0.07739663869142532
different_speaker,0.04884719103574753
different_speaker,0.06102404370903969
different_speaker,0.06187688559293747
different_speaker,0.07778337597846985
different_speaker,0.11812330037355423
different_speaker,0.12798206508159637
different_speaker,0.10961347073316574
different_speaker,0.14379924535751343
different_speaker,0.11015833914279938
different_speaker,0.038853954523801804
different_speaker,0.021959355100989342
different_speaker,0.06018705666065216
different_speaker,0.05619237199425697
different_speaker,-0.009980629198253155
different_speaker,0.11668211966753006
different_speaker,0.10918280482292175
different_speaker,0.13914965093135834
different_speaker,0.11041921377182007
different_speaker,0.07334469258785248
different_speaker,0.056737951934337616
different_speaker,0.01598900742828846
different_speaker,0.027133196592330933
different_speaker,0.013373631052672863
different_speaker,0.0808081328868866
different_speaker,0.2005174309015274
different_speaker,0.2930288016796112
different_speaker,0.14157570898532867
different_speaker,0.21418876945972443
different_speaker,0.26534193754196167
different_speaker,0.10259240120649338
different_speaker,-0.016196120530366898
different_speaker,0.1134570762515068
different_speaker,0.048385847359895706
different_speaker,0.016028596088290215
different_speaker,-0.0013685784069821239
different_speaker,0.038762304931879044
different_speaker,0.014369137585163116
different_speaker,-0.051081471145153046
different_speaker,-0.03441673144698143
different_speaker,0.09175339341163635
different_speaker,0.10213057696819305
different_speaker,0.14874732494354248
different_speaker,0.0851600244641304
different_speaker,0.1396431028842926
different_speaker,0.06563515961170197
different_speaker,0.17722097039222717
different_speaker,0.17264646291732788
different_speaker,0.1505173295736313
different_speaker,0.14567027986049652
different_speaker,0.15361104905605316
different_speaker,0.08450382947921753
different_speaker,0.092048279941082
different_speaker,0.07532503455877304
different_speaker,0.13473445177078247
different_speaker,0.04421873763203621
different_speaker,0.023561252281069756
different_speaker,0.0701688602566719
different_speaker,-0.0270390547811985
different_speaker,0.034699298441410065
different_speaker,0.2367836833000183
different_speaker,0.2415710985660553
different_speaker,0.262629896402359
different_speaker,0.2225508838891983
different_speaker,0.2756800055503845
different_speaker,0.04718553274869919
different_speaker,0.0769834965467453
different_speaker,0.04605742543935776
different_speaker,-0.011016272939741611
different_speaker,0.027874700725078583
different_speaker,0.10573031008243561
different_speaker,0.11762556433677673
different_speaker,0.11070482432842255
different_speaker,0.11110298335552216
different_speaker,0.1305796504020691
different_speaker,0.09276742488145828
different_speaker,0.0940052792429924
different_speaker,0.060194339603185654
different_speaker,0.09732166677713394
different_speaker,0.0882425606250763
different_speaker,0.09811971336603165
different_speaker,0.05579809844493866
different_speaker,0.11375293880701065
different_speaker,0.10183471441268921
different_speaker,0.0331934429705143
different_speaker,0.1519278883934021
different_speaker,0.0930410847067833
different_speaker,0.14471572637557983
different_speaker,0.07795900851488113
different_speaker,0.09764842689037323
different_speaker,-0.011081920936703682
different_speaker,-0.02773815393447876
different_speaker,0.021708952262997627
different_speaker,0.01113151852041483
different_speaker,0.10990133881568909
different_speaker,0.1981886327266693
different_speaker,0.2739158570766449
different_speaker,0.17643354833126068
different_speaker,0.20322823524475098
different_speaker,0.28465959429740906
different_speaker,0.130143404006958
different_speaker,0.06548745185136795
different_speaker,0.16901597380638123
different_speaker,0.1225525289773941
different_speaker,0.05761444568634033
different_speaker,0.02511419542133808
different_speaker,0.052736904472112656
different_speaker,0.011878619901835918
different_speaker,-0.020753653720021248
different_speaker,0.007119990419596434
different_speaker,0.22974400222301483
different_speaker,0.010766955092549324
different_speaker,0.035853996872901917
different_speaker,0.03888270631432533
different_speaker,0.08181197941303253
different_speaker,0.032475847750902176
different_speaker,0.003186784451827407
different_speaker,0.008775031194090843
different_speaker,0.002126636216416955
different_speaker,0.0054606785997748375
different_speaker,0.07135121524333954
different_speaker,0.03198641911149025
different_speaker,0.04476216062903404
different_speaker,0.07200800627470016
different_speaker,-0.07371470332145691
different_speaker,0.15741856396198273
different_speaker,0.1765238642692566
different_speaker,0.14418354630470276
different_speaker,0.19067303836345673
different_speaker,0.15292686223983765
different_speaker,-0.03988626226782799
different_speaker,-0.002808604622259736
different_speaker,-0.056910812854766846
different_speaker,-0.05206376314163208
different_speaker,-0.09046277403831482
different_speaker,-0.0009610829874873161
different_speaker,0.13317188620567322
different_speaker,0.05584466829895973
different_speaker,0.0268990658223629
different_speaker,0.10535365343093872
different_speaker,0.15778034925460815
different_speaker,0.21989256143569946
different_speaker,0.16776368021965027
different_speaker,0.16490712761878967
different_speaker,0.16716596484184265
different_speaker,-0.005205795634537935
different_speaker,-0.0020445389673113823
different_speaker,-0.018838772550225258
different_speaker,-0.035478025674819946
different_speaker,-0.01477294322103262
different_speaker,0.12835456430912018
different_speaker,0.07051759958267212
different_speaker,0.10889068245887756
different_speaker,0.10171715915203094
different_speaker,0.10522031784057617
different_speaker,0.3445013761520386
different_speaker,0.33678510785102844
different_speaker,0.2975638508796692
different_speaker,0.24343876540660858
different_speaker,0.24726048111915588
different_speaker,0.09328844398260117
different_speaker,0.23138444125652313
different_speaker,0.19149881601333618
different_speaker,0.05385129898786545
different_speaker,0.12011910229921341
different_speaker,-0.0027942515444010496
different_speaker,0.055190738290548325
different_speaker,-0.004118765238672495
different_speaker,-0.004798548761755228
different_speaker,0.016365865245461464
different_speaker,0.0833742767572403
different_speaker,0.08956706523895264
different_speaker,0.06565989553928375
different_speaker,0.023821529000997543
different_speaker,0.05148601159453392
different_speaker,0.2641555368900299
different_speaker,0.024382304400205612
different_speaker,0.01877824403345585
different_speaker,0.014538809657096863
different_speaker,0.04902014508843422
different_speaker,0.03780655190348625
different_speaker,-0.017376461997628212
different_speaker,0.028640102595090866
different_speaker,0.024014810100197792
different_speaker,0.018347913399338722
different_speaker,0.016699153929948807
different_speaker,0.016569489613175392
different_speaker,0.05944308638572693
different_speaker,0.013672810047864914
different_speaker,0.0038910454604774714
different_speaker,0.19813770055770874
different_speaker,0.17351888120174408
different_speaker,0.14236702024936676
different_speaker,0.2150166928768158
different_speaker,0.17108489573001862
different_speaker,0.029118582606315613
different_speaker,0.07662788033485413
different_speaker,0.03418818861246109
different_speaker,0.02321859449148178
different_speaker,0.018367620185017586
different_speaker,-0.005419758148491383
different_speaker,0.16040827333927155
different_speaker,0.06716284155845642
different_speaker,0.03064129315316677
different_speaker,0.1031927689909935
different_speaker,0.24864323437213898
different_speaker,0.2573319375514984
different_speaker,0.2318534106016159
different_speaker,0.24448202550411224
different_speaker,0.25238990783691406
different_speaker,0.03337614983320236
different_speaker,0.04571974277496338
different_speaker,0.018563751131296158
different_speaker,0.00794988963752985
different_speaker,0.04165901616215706
different_speaker,0.13545048236846924
different_speaker,0.024986496195197105
different_speaker,0.11523841321468353
different_speaker,0.04318876564502716
different_speaker,0.0936935767531395
different_speaker,0.38790783286094666
different_speaker,0.3517266511917114
different_speaker,0.2520689070224762
different_speaker,0.26121991872787476
different_speaker,0.2521166205406189
different_speaker,0.07565092295408249
different_speaker,0.22880969941616058
different_speaker,0.15905815362930298
different_speaker,0.04679150506854057
different_speaker,0.1095786988735199
different_speaker,-0.03702525049448013
different_speaker,0.06557724624872208
different_speaker,0.005351128522306681
different_speaker,0.03449959680438042
different_speaker,0.007776484824717045
different_speaker,0.07048454880714417
different_speaker,0.06828530132770538
different_speaker,0.03489063307642937
different_speaker,0.01989695243537426
different_speaker,0.037699319422245026
different_speaker,0.2680724859237671
different_speaker,0.04390741512179375
different_speaker,0.07451587170362473
different_speaker,0.056696463376283646
different_speaker,0.1285623162984848
different_speaker,0.03774556890130043
different_speaker,-0.031065426766872406
different_speaker,-0.0015584079083055258
different_speaker,0.004590221215039492
different_speaker,0.01588408462703228
different_speaker,0.027657320722937584
different_speaker,-0.0025504305958747864
different_speaker,0.03699072077870369
different_speaker,0.026752371340990067
different_speaker,-0.07572875171899796
different_speaker,0.17271578311920166
different_speaker,0.19228513538837433
different_speaker,0.15570752322673798
different_speaker,0.2260679453611374
different_speaker,0.1512085646390915
different_speaker,0.010950085707008839
different_speaker,0.01856861263513565
different_speaker,1.8708256902755238e-05
different_speaker,0.005033074878156185
different_speaker,-0.011642149649560452
different_speaker,0.03722866252064705
different_speaker,0.1712893694639206
different_speaker,0.07183630019426346
different_speaker,0.06395325064659119
different_speaker,0.14706414937973022
different_speaker,0.1817564219236374
different_speaker,0.24479612708091736
different_speaker,0.18903768062591553
different_speaker,0.2298973798751831
different_speaker,0.23985186219215393
different_speaker,-0.01232499536126852
different_speaker,0.01615018956363201
different_speaker,0.01695874333381653
different_speaker,-0.016255971044301987
different_speaker,-0.008173243142664433
different_speaker,0.1432180106639862
different_speaker,0.06796658039093018
different_speaker,0.1017153412103653
different_speaker,0.10160789638757706
different_speaker,0.1010691449046135
different_speaker,0.4432518184185028
different_speaker,0.4227868914604187
different_speaker,0.3233310878276825
different_speaker,0.29981860518455505
different_speaker,0.31794628500938416
different_speaker,0.13291674852371216
different_speaker,0.22465285658836365
different_speaker,0.21255838871002197
different_speaker,0.09756605327129364
different_speaker,0.11631942540407181
different_speaker,-0.033771149814128876
different_speaker,0.006661557592451572
different_speaker,-0.013612438924610615
different_speaker,-0.024620231240987778
different_speaker,-0.01205343659967184
different_speaker,0.04285099357366562
different_speaker,-0.0010790646774694324
different_speaker,-0.006555723026394844
different_speaker,-0.010671745985746384
different_speaker,-0.009753778576850891
different_speaker,0.24561364948749542
different_speaker,0.03304943069815636
different_speaker,0.034439243376255035
different_speaker,0.06476268172264099
different_speaker,0.0990586057305336
different_speaker,0.025901716202497482
different_speaker,0.009219394065439701
different_speaker,-0.0203544981777668
different_speaker,0.010118333622813225
different_speaker,0.002906820271164179
different_speaker,0.08545032888650894
different_speaker,0.05951380357146263
different_speaker,0.06026674434542656
different_speaker,0.04457707703113556
different_speaker,-0.03705223649740219
different_speaker,0.16733860969543457
different_speaker,0.18874824047088623
different_speaker,0.10230087488889694
different_speaker,0.19910311698913574
different_speaker,0.1094411313533783
different_speaker,0.036992162466049194
different_speaker,0.013873170129954815
different_speaker,-0.05651736259460449
different_speaker,-0.0406184196472168
different_speaker,-0.0641779750585556
different_speaker,0.005840421188622713
different_speaker,0.1347324252128601
different_speaker,0.06531892716884613
different_speaker,0.04843312129378319
different_speaker,0.08756954967975616
different_speaker,0.1344299465417862
different_speaker,0.1997372955083847
different_speaker,0.14108476042747498
different_speaker,0.16630977392196655
different_speaker,0.15195205807685852
different_speaker,-0.011674058623611927
different_speaker,0.01839342713356018
different_speaker,-0.01992937922477722
different_speaker,-0.01442937646061182
different_speaker,0.01822192221879959
different_speaker,0.06206095218658447
different_speaker,0.015134572051465511
different_speaker,0.012356259860098362
different_speaker,0.03108474425971508
different_speaker,0.04999363794922829
different_speaker,0.303713321685791
different_speaker,0.2933618128299713
different_speaker,0.2506432831287384
different_speaker,0.21727943420410156
different_speaker,0.22972746193408966
different_speaker,0.11766625195741653
different_speaker,0.14328482747077942
different_speaker,0.11102882772684097
different_speaker,0.01084870845079422
different_speaker,0.11619367450475693
different_speaker,-0.038885608315467834
different_speaker,0.035431522876024246
different_speaker,0.02469792403280735
different_speaker,-0.041608069092035294
different_speaker,0.012221068143844604
different_speaker,0.034284841269254684
different_speaker,0.023531366139650345
different_speaker,0.026211142539978027
different_speaker,-0.012376727536320686
different_speaker,-0.018896475434303284
different_speaker,0.2710403800010681
different_speaker,0.10934779793024063
different_speaker,0.09734712541103363
different_speaker,0.09947901219129562
different_speaker,0.16127388179302216
different_speaker,0.010142513550817966
different_speaker,-0.003630730090662837
different_speaker,-0.05687775835394859
different_speaker,-0.011085284873843193
different_speaker,-0.01596623845398426
different_speaker,0.05871120095252991
different_speaker,0.029298672452569008
different_speaker,0.04939323663711548
different_speaker,-0.004631838761270046
different_speaker,-0.030597230419516563
different_speaker,0.17229197919368744
different_speaker,0.25398924946784973
different_speaker,0.15580052137374878
different_speaker,0.2456970065832138
different_speaker,0.1429062932729721
different_speaker,0.07333406060934067
different_speaker,0.030315862968564034
different_speaker,-0.028603816404938698
different_speaker,-0.03751498833298683
different_speaker,-0.042785074561834335
different_speaker,0.005088513717055321
different_speaker,0.13602851331233978
different_speaker,0.09822600334882736
different_speaker,0.049081556499004364
different_speaker,0.09917470812797546
different_speaker,0.15815503895282745
different_speaker,0.20591367781162262
different_speaker,0.16027556359767914
different_speaker,0.1711011528968811
different_speaker,0.17634925246238708
different_speaker,-0.005452911369502544
different_speaker,0.006341568659991026
different_speaker,0.01900520548224449
different_speaker,0.016680695116519928
different_speaker,-0.023907363414764404
different_speaker,0.022057780995965004
different_speaker,0.014916449785232544
different_speaker,-0.017168261110782623
different_speaker,-0.0035043719690293074
different_speaker,0.004748504608869553
different_speaker,0.30817246437072754
different_speaker,0.26286953687667847
different_speaker,0.25550737977027893
different_speaker,0.19814392924308777
different_speaker,0.19777584075927734
different_speaker,0.12626375257968903
different_speaker,0.07233353704214096
different_speaker,0.07086039334535599
different_speaker,-0.01867101341485977
different_speaker,0.053719185292720795
different_speaker,-0.09047652781009674
different_speaker,0.00533654447644949
different_speaker,0.002948942594230175
different_speaker,-0.07020624727010727
different_speaker,-0.03917619585990906
different_speaker,0.12082084268331528
different_speaker,0.13544465601444244
different_speaker,0.15169553458690643
different_speaker,0.09344706684350967
different_speaker,0.15025250613689423
different_speaker,0.10681618005037308
different_speaker,0.1043458878993988
different_speaker,0.10635962337255478
different_speaker,0.0664391741156578
different_speaker,0.12554804980754852
different_speaker,0.08003121614456177
different_speaker,0.07946936786174774
different_speaker,0.09843411296606064
different_speaker,-0.006428380496799946
different_speaker,-0.009574594907462597
different_speaker,0.2295776605606079
different_speaker,0.1586746722459793
different_speaker,0.15981197357177734
different_speaker,0.17541348934173584
different_speaker,0.1430092751979828
different_speaker,0.15922565758228302
different_speaker,0.17452487349510193
different_speaker,0.19432954490184784
different_speaker,0.1863487958908081
different_speaker,0.12904584407806396
different_speaker,0.17288348078727722
different_speaker,0.15363815426826477
different_speaker,0.1923336237668991
different_speaker,0.1429092288017273
different_speaker,0.18727917969226837
different_speaker,0.07085629552602768
different_speaker,0.23129481077194214
different_speaker,0.14399762451648712
different_speaker,0.17603090405464172
different_speaker,0.08485568314790726
different_speaker,0.15664398670196533
different_speaker,0.11905186623334885
different_speaker,0.05641204118728638
different_speaker,0.059389352798461914
different_speaker,0.12585224211215973
different_speaker,0.2005544900894165
different_speaker,0.13800247013568878
different_speaker,0.18485724925994873
different_speaker,0.22942322492599487
different_speaker,0.2398861050605774
different_speaker,0.09272613376379013
different_speaker,0.10950405895709991
different_speaker,0.10350755602121353
different_speaker,0.08664407581090927
different_speaker,0.14823393523693085
different_speaker,0.12078690528869629
different_speaker,0.11415299028158188
different_speaker,0.07384626567363739
different_speaker,0.043030787259340286
different_speaker,0.06964489072561264
different_speaker,0.29304617643356323
different_speaker,0.1840999871492386
different_speaker,0.1868121325969696
different_speaker,0.20342618227005005
different_speaker,0.18811286985874176
different_speaker,0.08158771693706512
different_speaker,0.13792061805725098
different_speaker,0.1189650446176529
different_speaker,0.10056518018245697
different_speaker,0.13627813756465912
different_speaker,0.1644507646560669
different_speaker,0.15999573469161987
different_speaker,0.14687560498714447
different_speaker,0.1406896859407425
different_speaker,0.20390167832374573
different_speaker,0.12515929341316223
different_speaker,0.16485905647277832
different_speaker,0.16513113677501678
different_speaker,0.08025472611188889
different_speaker,0.06072467193007469
different_speaker,0.22607214748859406
different_speaker,0.21241891384124756
different_speaker,0.17386740446090698
different_speaker,0.1759871542453766
different_speaker,0.1831052154302597
different_speaker,0.13692866265773773
different_speaker,0.1507948487997055
different_speaker,0.1546991467475891
different_speaker,0.13695746660232544
different_speaker,0.124994195997715
different_speaker,0.05545203760266304
different_speaker,0.14055047929286957
different_speaker,0.13809949159622192
different_speaker,0.09239733964204788
different_speaker,0.16257213056087494
different_speaker,0.10053765773773193
different_speaker,0.253682017326355
different_speaker,0.17420536279678345
different_speaker,0.19543184340000153
different_speaker,0.0999314934015274
different_speaker,0.17636564373970032
different_speaker,0.18897977471351624
different_speaker,0.11403398215770721
different_speaker,0.12122274190187454
different_speaker,0.1839972883462906
different_speaker,0.21560631692409515
different_speaker,0.20564129948616028
different_speaker,0.2337508499622345
different_speaker,0.27743440866470337
different_speaker,0.24318160116672516
different_speaker,0.023201029747724533
different_speaker,0.075638048350811
different_speaker,0.09625961631536484
different_speaker,0.10087604820728302
different_speaker,0.1382099837064743
different_speaker,0.09988002479076385
different_speaker,0.09855850785970688
different_speaker,0.051468439400196075
different_speaker,0.07158305495977402
different_speaker,0.07196342945098877
different_speaker,0.2916913628578186
different_speaker,0.2255474179983139
different_speaker,0.18210230767726898
different_speaker,0.22215214371681213
different_speaker,0.20763646066188812
different_speaker,0.11198539286851883
different_speaker,0.14944206178188324
different_speaker,0.13716018199920654
different_speaker,0.08141816407442093
different_speaker,0.13722656667232513
different_speaker,0.0914471298456192
different_speaker,0.07787288725376129
different_speaker,0.09372704476118088
different_speaker,0.06850304454565048
different_speaker,0.1325288712978363
different_speaker,0.08967716991901398
different_speaker,0.13065776228904724
different_speaker,0.10698462277650833
different_speaker,0.05356632173061371
different_speaker,0.03643634170293808
different_speaker,0.1836671680212021
different_speaker,0.1596493124961853
different_speaker,0.156831294298172
different_speaker,0.14608512818813324
different_speaker,0.1473047286272049
different_speaker,0.1563669890165329
different_speaker,0.2191261202096939
different_speaker,0.2066124677658081
different_speaker,0.1868085414171219
different_speaker,0.15955445170402527
different_speaker,0.05445101484656334
different_speaker,0.13736025989055634
different_speaker,0.1309669315814972
different_speaker,0.08433587104082108
different_speaker,0.164188951253891
different_speaker,0.0800524428486824
different_speaker,0.24059993028640747
different_speaker,0.1701972782611847
different_speaker,0.1997540146112442
different_speaker,0.10664427280426025
different_speaker,0.23502349853515625
different_speaker,0.23562663793563843
different_speaker,0.15150503814220428
different_speaker,0.16709311306476593
different_speaker,0.22152188420295715
different_speaker,0.22526869177818298
different_speaker,0.15098322927951813
different_speaker,0.23148737847805023
different_speaker,0.2284073382616043
different_speaker,0.2585851550102234
different_speaker,-0.023565951734781265
different_speaker,0.007695043925195932
different_speaker,0.026300543919205666
different_speaker,0.031165286898612976
different_speaker,0.0780538022518158
different_speaker,0.1269880086183548
different_speaker,0.13255199790000916
different_speaker,0.08150181919336319
different_speaker,0.049272965639829636
different_speaker,0.08546741306781769
different_speaker,0.25081273913383484
different_speaker,0.1696624606847763
different_speaker,0.13276469707489014
different_speaker,0.1677749902009964
different_speaker,0.14235012233257294
different_speaker,0.08796364068984985
different_speaker,0.10592516511678696
different_speaker,0.13723741471767426
different_speaker,0.08762665092945099
different_speaker,0.12053914368152618
different_speaker,0.1343488246202469
different_speaker,0.1352301836013794
different_speaker,0.09988602995872498
different_speaker,0.15347245335578918
different_speaker,0.2222924530506134
different_speaker,0.047532934695482254
different_speaker,0.08649313449859619
different_speaker,0.08940302580595016
different_speaker,-0.029984381049871445
different_speaker,0.052146196365356445
different_speaker,0.19972792267799377
different_speaker,0.13985347747802734
different_speaker,0.15020811557769775
different_speaker,0.15240667760372162
different_speaker,0.11084697395563126
different_speaker,0.18386615812778473
different_speaker,0.22569146752357483
different_speaker,0.19489024579524994
different_speaker,0.18924365937709808
different_speaker,0.1496986299753189
different_speaker,0.08267426490783691
different_speaker,0.13240057229995728
different_speaker,0.136930912733078
different_speaker,0.07848694175481796
different_speaker,0.14905908703804016
different_speaker,0.025894103571772575
different_speaker,0.18838562071323395
different_speaker,0.07937660068273544
different_speaker,0.1584833860397339
different_speaker,0.06120993196964264
different_speaker,0.19106511771678925
different_speaker,0.14295491576194763
different_speaker,0.09671842306852341
different_speaker,0.11044786125421524
different_speaker,0.14620548486709595
different_speaker,0.2309693992137909
different_speaker,0.13620376586914062
different_speaker,0.20551910996437073
different_speaker,0.2072933316230774
different_speaker,0.27027496695518494
different_speaker,0.06104124337434769
different_speaker,0.09693075716495514
different_speaker,0.09892266243696213
different_speaker,0.08206852525472641
different_speaker,0.16097940504550934
different_speaker,0.1647212654352188
different_speaker,0.09037622064352036
different_speaker,0.08564426749944687
different_speaker,0.05610285699367523
different_speaker,0.0862320140004158
different_speaker,0.29240164160728455
different_speaker,0.20635400712490082
different_speaker,0.16951774060726166
different_speaker,0.22252565622329712
different_speaker,0.1914694607257843
different_speaker,0.11299420148134232
different_speaker,0.18985557556152344
different_speaker,0.18692252039909363
different_speaker,0.14285513758659363
different_speaker,0.17261037230491638
different_speaker,0.16488999128341675
different_speaker,0.15432803332805634
different_speaker,0.14985904097557068
different_speaker,0.1255830079317093
different_speaker,0.21171024441719055
different_speaker,0.16732290387153625
different_speaker,0.24627888202667236
different_speaker,0.2275896668434143
different_speaker,0.1331653594970703
different_speaker,0.07137022167444229
different_speaker,0.25223836302757263
different_speaker,0.16203424334526062
different_speaker,0.18426840007305145
different_speaker,0.18080833554267883
different_speaker,0.20299889147281647
different_speaker,0.1887967735528946
different_speaker,0.2132381945848465
different_speaker,0.208146333694458
different_speaker,0.19243040680885315
different_speaker,0.1380956768989563
different_speaker,0.19670873880386353
different_speaker,0.16225942969322205
different_speaker,0.18566444516181946
different_speaker,0.13204516470432281
different_speaker,0.20625543594360352
different_speaker,0.055340323597192764
different_speaker,0.18863895535469055
different_speaker,0.11906079202890396
different_speaker,0.1531463861465454
different_speaker,0.06449132412672043
different_speaker,0.19114328920841217
different_speaker,0.12724187970161438
different_speaker,0.061774544417858124
different_speaker,0.09610199928283691
different_speaker,0.13609345257282257
different_speaker,0.26626333594322205
different_speaker,0.20352236926555634
different_speaker,0.2568937838077545
different_speaker,0.2838277816772461
different_speaker,0.2844291925430298
different_speaker,0.08594325929880142
different_speaker,0.11002350598573685
different_speaker,0.11981159448623657
different_speaker,0.12127505242824554
different_speaker,0.162000834941864
different_speaker,0.10914909094572067
different_speaker,0.09698142856359482
different_speaker,0.06355218589305878
different_speaker,0.030193787068128586
different_speaker,0.10646820068359375
different_speaker,0.30726563930511475
different_speaker,0.18073754012584686
different_speaker,0.18481792509555817
different_speaker,0.24809667468070984
different_speaker,0.2013690322637558
different_speaker,-0.038392871618270874
different_speaker,-0.05187324434518814
different_speaker,0.0700703114271164
different_speaker,-0.03682272508740425
different_speaker,-0.08209880441427231
different_speaker,0.03613849729299545
different_speaker,0.06657401472330093
different_speaker,0.02537962608039379
different_speaker,0.08987224102020264
different_speaker,-0.10361159592866898
different_speaker,0.07193432003259659
different_speaker,0.1238718330860138
different_speaker,0.1704150140285492
different_speaker,0.15395782887935638
different_speaker,0.10089383274316788
different_speaker,-0.058741796761751175
different_speaker,-0.05659138411283493
different_speaker,-0.08148682862520218
different_speaker,-0.02958090417087078
different_speaker,-0.059779826551675797
different_speaker,0.05601491034030914
different_speaker,0.049321360886096954
different_speaker,-0.014158744364976883
different_speaker,-0.10076338052749634
different_speaker,0.024044005200266838
different_speaker,0.1603991538286209
different_speaker,0.20668001472949982
different_speaker,0.1665622591972351
different_speaker,0.17608685791492462
different_speaker,0.21683523058891296
different_speaker,0.005248033907264471
different_speaker,-0.0087956627830863
different_speaker,-0.015123703517019749
different_speaker,0.01515120454132557
different_speaker,0.024599911645054817
different_speaker,-0.03277556598186493
different_speaker,-0.07796863466501236
different_speaker,-0.041137367486953735
different_speaker,-0.06015777960419655
different_speaker,-0.032607704401016235
different_speaker,0.22555266320705414
different_speaker,0.1828974038362503
different_speaker,0.1309000849723816
different_speaker,0.06761085242033005
different_speaker,0.07258347421884537
different_speaker,0.31307002902030945
different_speaker,0.23542997241020203
different_speaker,0.19248643517494202
different_speaker,0.1490255743265152
different_speaker,-0.012634151615202427
different_speaker,-0.006688228342682123
different_speaker,-0.06414500623941422
different_speaker,-0.0768604427576065
different_speaker,-0.0037508902605623007
different_speaker,-0.017831433564424515
different_speaker,0.032558221369981766
different_speaker,0.06600799411535263
different_speaker,-0.016143586486577988
different_speaker,0.03365892916917801
different_speaker,-0.009043768048286438
different_speaker,0.08604267239570618
different_speaker,0.14987808465957642
different_speaker,0.08918552100658417
different_speaker,0.12497375905513763
different_speaker,-0.059500642120838165
different_speaker,0.0059621757827699184
different_speaker,0.0599159300327301
different_speaker,0.03702998906373978
different_speaker,0.05574367195367813
different_speaker,0.06765849888324738
different_speaker,0.07608014345169067
different_speaker,0.09447031468153
different_speaker,0.059246182441711426
different_speaker,0.09195087105035782
different_speaker,0.07633832097053528
different_speaker,0.1004195287823677
different_speaker,0.07406102865934372
different_speaker,0.06595912575721741
different_speaker,0.008244320750236511
different_speaker,0.05358000099658966
different_speaker,0.17382769286632538
different_speaker,0.16978499293327332
different_speaker,0.15355496108531952
different_speaker,0.18653318285942078
different_speaker,0.19392290711402893
different_speaker,0.0339195691049099
different_speaker,0.010374895296990871
different_speaker,0.0013662314740940928
different_speaker,0.034076038748025894
different_speaker,0.017955666407942772
different_speaker,-0.04083721339702606
different_speaker,-0.01800299622118473
different_speaker,-0.03788075968623161
different_speaker,0.005524992011487484
different_speaker,-0.04724540188908577
different_speaker,0.08619711548089981
different_speaker,0.051318950951099396
different_speaker,0.051561612635850906
different_speaker,0.02501114457845688
different_speaker,0.028390536084771156
different_speaker,0.3537178039550781
different_speaker,0.21776415407657623
different_speaker,0.25355973839759827
different_speaker,0.20520728826522827
different_speaker,0.14696286618709564
different_speaker,0.029169822111725807
different_speaker,-0.03842853754758835
different_speaker,-0.006159387994557619
different_speaker,0.06267695128917694
different_speaker,-0.015807824209332466
different_speaker,0.06759141385555267
different_speaker,0.09467763453722
different_speaker,0.025479769334197044
different_speaker,0.0773889496922493
different_speaker,0.024148378521203995
different_speaker,0.05866043269634247
different_speaker,0.14478366076946259
different_speaker,0.07675374299287796
different_speaker,0.08699718117713928
different_speaker,-0.04788009077310562
different_speaker,-0.010991492308676243
different_speaker,0.020995566621422768
different_speaker,0.03415416553616524
different_speaker,0.04041621834039688
different_speaker,0.026525942608714104
different_speaker,0.028633706271648407
different_speaker,0.05840865895152092
different_speaker,0.03773737698793411
different_speaker,0.05224686115980148
different_speaker,0.043240394443273544
different_speaker,0.13121473789215088
different_speaker,0.11807586252689362
different_speaker,0.11173029243946075
different_speaker,0.03423471003770828
different_speaker,0.08202631771564484
different_speaker,0.17444325983524323
different_speaker,0.18130053579807281
different_speaker,0.15557162463665009
different_speaker,0.19984541833400726
different_speaker,0.20794981718063354
different_speaker,0.07763572037220001
different_speaker,0.046307776123285294
different_speaker,0.04249376803636551
different_speaker,0.071174256503582
different_speaker,0.06521768867969513
different_speaker,-0.025729449465870857
different_speaker,-0.014781315810978413
different_speaker,-0.021986547857522964
different_speaker,-0.002609034301713109
different_speaker,-0.03332214057445526
different_speaker,0.1253696084022522
different_speaker,0.06882037967443466
different_speaker,0.07183673977851868
different_speaker,0.04400050267577171
different_speaker,0.04243435338139534
different_speaker,0.38825154304504395
different_speaker,0.21266725659370422
different_speaker,0.2850143313407898
different_speaker,0.225798562169075
different_speaker,0.11041127145290375
different_speaker,0.019816981628537178
different_speaker,-0.051634736359119415
different_speaker,-0.0014615509426221251
different_speaker,0.037118732929229736
different_speaker,-0.0370355024933815
different_speaker,0.07575219124555588
different_speaker,0.08324170112609863
different_speaker,0.03824103623628616
different_speaker,0.09439528733491898
different_speaker,0.030516523867845535
different_speaker,0.07776336371898651
different_speaker,0.13262005150318146
different_speaker,0.08216872066259384
different_speaker,0.10860016942024231
different_speaker,-0.06039069592952728
different_speaker,0.01870656944811344
different_speaker,0.07452329248189926
different_speaker,0.09226468205451965
different_speaker,0.10446801781654358
different_speaker,0.05910235643386841
different_speaker,0.06489752978086472
different_speaker,0.07216869294643402
different_speaker,0.010294790379703045
different_speaker,0.04472443461418152
different_speaker,0.04053184762597084
different_speaker,0.07568497955799103
different_speaker,0.07061716914176941
different_speaker,0.0481644831597805
different_speaker,-0.015110024251043797
different_speaker,0.05036584287881851
different_speaker,0.07027065753936768
different_speaker,0.10477883368730545
different_speaker,0.06703858822584152
different_speaker,0.10293390601873398
different_speaker,0.11801066249608994
different_speaker,0.002558853942900896
different_speaker,-0.025052715092897415
different_speaker,-0.025585252791643143
different_speaker,-0.008771715685725212
different_speaker,0.009471751749515533
different_speaker,-0.02634834684431553
different_speaker,-0.029430806636810303
different_speaker,-0.05604497343301773
different_speaker,-0.01791558414697647
different_speaker,-0.03707567974925041
different_speaker,0.10451272875070572
different_speaker,0.08208215236663818
different_speaker,0.07163652777671814
different_speaker,0.048956096172332764
different_speaker,0.05427078902721405
different_speaker,0.31592145562171936
different_speaker,0.16163186728954315
different_speaker,0.18811173737049103
different_speaker,0.15082581341266632
different_speaker,0.10638674348592758
different_speaker,0.05312558636069298
different_speaker,-0.004423828795552254
different_speaker,0.015624173916876316
different_speaker,0.05768408998847008
different_speaker,-0.011461938731372356
different_speaker,0.07148096710443497
different_speaker,0.09756238758563995
different_speaker,0.0048627713695168495
different_speaker,0.04860971122980118
different_speaker,0.009945263154804707
different_speaker,0.0383940152823925
different_speaker,0.11624714732170105
different_speaker,0.06843291223049164
different_speaker,0.07236475497484207
different_speaker,-0.09862589836120605
different_speaker,-0.02352873422205448
different_speaker,0.01973678730428219
different_speaker,0.03759746998548508
different_speaker,0.05731229484081268
different_speaker,-0.01046219002455473
different_speaker,0.022282524034380913
different_speaker,0.024196451529860497
different_speaker,0.006725878454744816
different_speaker,0.032399777323007584
different_speaker,0.032301682978868484
different_speaker,0.07130459696054459
different_speaker,0.09324000030755997
different_speaker,0.06734408438205719
different_speaker,-0.0036598644219338894
different_speaker,0.06880297511816025
different_speaker,0.12044130265712738
different_speaker,0.12745875120162964
different_speaker,0.09109553694725037
different_speaker,0.12671378254890442
different_speaker,0.1870763748884201
different_speaker,0.05108097940683365
different_speaker,0.032265741378068924
different_speaker,0.03948310762643814
different_speaker,0.042270079255104065
different_speaker,0.05872935429215431
different_speaker,-0.02335197851061821
different_speaker,-0.0020468237344175577
different_speaker,-0.0543278269469738
different_speaker,-0.02716572768986225
different_speaker,-0.031172994524240494
different_speaker,0.13166338205337524
different_speaker,0.08908022940158844
different_speaker,0.09547311812639236
different_speaker,0.04942835867404938
different_speaker,0.06674528121948242
different_speaker,0.38473159074783325
different_speaker,0.1792425513267517
different_speaker,0.2652811110019684
different_speaker,0.17114201188087463
different_speaker,0.0914272591471672
different_speaker,0.029668597504496574
different_speaker,-0.059018075466156006
different_speaker,-0.01829993724822998
different_speaker,0.007105263881385326
different_speaker,-0.03302200138568878
different_speaker,-0.04837866872549057
different_speaker,0.06376118212938309
different_speaker,0.05423566699028015
different_speaker,-0.051504336297512054
different_speaker,0.03593619912862778
different_speaker,0.09586601704359055
different_speaker,0.08199194073677063
different_speaker,0.13442455232143402
different_speaker,0.1295553296804428
different_speaker,0.09231942892074585
different_speaker,0.1100740134716034
different_speaker,0.05012810230255127
different_speaker,0.047368936240673065
different_speaker,0.029082423076033592
different_speaker,0.07869967818260193
different_speaker,0.03182629123330116
different_speaker,0.09085486829280853
different_speaker,0.09639780968427658
different_speaker,0.07289169728755951
different_speaker,0.028487632051110268
different_speaker,0.27597853541374207
different_speaker,0.24211466312408447
different_speaker,0.22636394202709198
different_speaker,0.2598109543323517
different_speaker,0.22080442309379578
different_speaker,0.02665753848850727
different_speaker,0.009339896962046623
different_speaker,-0.019611259922385216
different_speaker,-0.03513425216078758
different_speaker,0.01581195555627346
different_speaker,0.3047672212123871
different_speaker,0.3009853959083557
different_speaker,0.31849992275238037
different_speaker,0.3444419801235199
different_speaker,0.2666226029396057
different_speaker,0.03828185051679611
different_speaker,0.11343379318714142
different_speaker,0.04491972178220749
different_speaker,0.0958525612950325
different_speaker,0.043334562331438065
different_speaker,-0.08183154463768005
different_speaker,-0.03397415205836296
different_speaker,-0.057971831411123276
different_speaker,-0.07541715353727341
different_speaker,0.042730677872896194
different_speaker,0.07861398905515671
different_speaker,0.05695200338959694
different_speaker,0.23432932794094086
different_speaker,0.01571989431977272
different_speaker,0.09433286637067795
different_speaker,0.051764827221632004
different_speaker,0.1369730830192566
different_speaker,0.13333247601985931
different_speaker,0.044448286294937134
different_speaker,0.05418267101049423
different_speaker,0.05485188961029053
different_speaker,0.007402937859296799
different_speaker,0.053204495459795
different_speaker,0.048194218426942825
different_speaker,0.019740283489227295
different_speaker,0.0425957627594471
different_speaker,-0.019740030169487
different_speaker,-0.016012491658329964
different_speaker,-0.04615587741136551
different_speaker,-0.03110666200518608
different_speaker,-0.027825336903333664
different_speaker,0.04704828932881355
different_speaker,0.03548796847462654
different_speaker,0.014980701729655266
different_speaker,-0.0268264077603817
different_speaker,0.21713042259216309
different_speaker,0.16803959012031555
different_speaker,0.1578018069267273
different_speaker,0.19252918660640717
different_speaker,0.16774438321590424
different_speaker,-0.0035286955535411835
different_speaker,-0.008822986856102943
different_speaker,-0.0006830325582996011
different_speaker,-0.006943917367607355
different_speaker,-0.01789882965385914
different_speaker,0.33086031675338745
different_speaker,0.3459399342536926
different_speaker,0.34380120038986206
different_speaker,0.3833545446395874
different_speaker,0.31501150131225586
different_speaker,0.042379092425107956
different_speaker,0.10541056841611862
different_speaker,0.05010123923420906
different_speaker,0.11543168127536774
different_speaker,0.03500528261065483
different_speaker,-0.07307816296815872
different_speaker,-0.03429288789629936
different_speaker,-0.08394080400466919
different_speaker,-0.05581514909863472
different_speaker,-0.009448522701859474
different_speaker,0.14906419813632965
different_speaker,0.13280582427978516
different_speaker,0.2563490569591522
different_speaker,0.10282924771308899
different_speaker,0.1616186648607254
different_speaker,-0.07109519094228745
different_speaker,0.012234137393534184
different_speaker,0.0073094298131763935
different_speaker,-0.04789024591445923
different_speaker,0.10543258488178253
different_speaker,0.03497403487563133
different_speaker,0.014975967817008495
different_speaker,0.06136539205908775
different_speaker,0.07877699285745621
different_speaker,0.06848201900720596
different_speaker,-0.05610113590955734
different_speaker,-0.07964539527893066
different_speaker,-0.047681644558906555
different_speaker,-0.07364188134670258
different_speaker,-0.05719305947422981
different_speaker,0.03819553181529045
different_speaker,0.10191964358091354
different_speaker,0.11134133487939835
different_speaker,0.052551478147506714
different_speaker,0.07004169374704361
different_speaker,0.2753044664859772
different_speaker,0.20169697701931
different_speaker,0.2454054355621338
different_speaker,0.20606644451618195
different_speaker,0.22488278150558472
different_speaker,-0.08955874294042587
different_speaker,-0.1097569689154625
different_speaker,-0.07531269639730453
different_speaker,-0.08907081931829453
different_speaker,-0.08768504112958908
different_speaker,0.28836730122566223
different_speaker,0.259578138589859
different_speaker,0.32307663559913635
different_speaker,0.3112351596355438
different_speaker,0.2708105742931366
different_speaker,0.0581885427236557
different_speaker,0.08979685604572296
different_speaker,0.029733294621109962
different_speaker,0.09673166275024414
different_speaker,0.04926759749650955
different_speaker,-0.11999363452196121
different_speaker,-0.06184738129377365
different_speaker,-0.1821177452802658
different_speaker,-0.1213948056101799
different_speaker,-0.10676873475313187
different_speaker,0.09632925689220428
different_speaker,0.09010960161685944
different_speaker,0.20756399631500244
different_speaker,0.08924110978841782
different_speaker,0.07779388129711151
different_speaker,-0.04693562909960747
different_speaker,0.035241782665252686
different_speaker,0.04481181874871254
different_speaker,-0.02390892244875431
different_speaker,0.1343565285205841
different_speaker,0.08565090596675873
different_speaker,0.073377326130867
different_speaker,0.10582355409860611
different_speaker,0.12007994204759598
different_speaker,0.055172599852085114
different_speaker,0.004991213791072369
different_speaker,0.03850546106696129
different_speaker,0.014093310572206974
different_speaker,-0.0012260015355423093
different_speaker,0.009851964190602303
different_speaker,0.006321869324892759
different_speaker,0.06240405514836311
different_speaker,0.07171586900949478
different_speaker,0.03807167336344719
different_speaker,0.015436103567481041
different_speaker,0.26087233424186707
different_speaker,0.2268662005662918
different_speaker,0.2568844258785248
different_speaker,0.22551679611206055
different_speaker,0.22134093940258026
different_speaker,-0.020607832819223404
different_speaker,-0.020222390070557594
different_speaker,-0.02973582223057747
different_speaker,-0.027326470240950584
different_speaker,-0.014521791599690914
different_speaker,0.28784939646720886
different_speaker,0.28841790556907654
different_speaker,0.2930324971675873
different_speaker,0.2657773196697235
different_speaker,0.2729979157447815
different_speaker,0.08756229281425476
different_speaker,0.15082289278507233
different_speaker,0.10836759209632874
different_speaker,0.15526024997234344
different_speaker,0.11451440304517746
different_speaker,-0.112594373524189
different_speaker,-0.11550894379615784
different_speaker,-0.13898944854736328
different_speaker,-0.1016102284193039
different_speaker,-0.10066068172454834
different_speaker,0.11791563034057617
different_speaker,0.16927435994148254
different_speaker,0.24749542772769928
different_speaker,0.10577379167079926
different_speaker,0.1176963597536087
different_speaker,-0.024335624650120735
different_speaker,0.055625785142183304
different_speaker,0.08767544478178024
different_speaker,0.007761658169329166
different_speaker,0.09919127821922302
different_speaker,0.17055512964725494
different_speaker,0.14118771255016327
different_speaker,0.19346056878566742
different_speaker,0.17345984280109406
different_speaker,0.16097941994667053
different_speaker,0.16087965667247772
different_speaker,0.08368435502052307
different_speaker,0.07297800481319427
different_speaker,0.04469498246908188
different_speaker,0.07944124937057495
different_speaker,0.014513874426484108
different_speaker,0.0913800448179245
different_speaker,0.1368735432624817
different_speaker,0.09523846209049225
different_speaker,0.05550038814544678
different_speaker,0.2365259975194931
different_speaker,0.2150149941444397
different_speaker,0.20963935554027557
different_speaker,0.22392448782920837
different_speaker,0.2114669531583786
different_speaker,0.0744728222489357
different_speaker,0.045471470803022385
different_speaker,0.04766686260700226
different_speaker,0.0630645900964737
different_speaker,0.0472358837723732
different_speaker,0.397039532661438
different_speaker,0.4006724953651428
different_speaker,0.40707674622535706
different_speaker,0.3820177912712097
different_speaker,0.35691773891448975
different_speaker,0.08110006898641586
different_speaker,0.163703054189682
different_speaker,0.06180299445986748
different_speaker,0.12012337148189545
different_speaker,0.0936514213681221
different_speaker,-0.08399949222803116
different_speaker,-0.04640752822160721
different_speaker,-0.08915523439645767
different_speaker,-0.07938501238822937
different_speaker,0.004239215049892664
different_speaker,0.14330099523067474
different_speaker,0.1307724267244339
different_speaker,0.2390649914741516
different_speaker,0.12342912703752518
different_speaker,0.14579997956752777
different_speaker,-0.03584270924329758
different_speaker,-0.016440309584140778
different_speaker,0.021405594423413277
different_speaker,0.02272086963057518
different_speaker,0.09095355123281479
different_speaker,0.09494481980800629
different_speaker,0.016408877447247505
different_speaker,0.007153183221817017
different_speaker,0.050743311643600464
different_speaker,0.06212908774614334
different_speaker,0.0941196158528328
different_speaker,-0.0848672017455101
different_speaker,-0.05057022348046303
different_speaker,-0.06603111326694489
different_speaker,-0.05424940213561058
different_speaker,0.10801239311695099
different_speaker,0.09014163911342621
different_speaker,0.11495336890220642
different_speaker,0.11774294078350067
different_speaker,0.08451063930988312
different_speaker,0.1015312522649765
different_speaker,0.1587277203798294
different_speaker,0.0716368779540062
different_speaker,0.10579955577850342
different_speaker,0.15277662873268127
different_speaker,0.09090765565633774
different_speaker,0.1207456961274147
different_speaker,0.14413221180438995
different_speaker,0.15919066965579987
different_speaker,0.09069377183914185
different_speaker,-0.04106460139155388
different_speaker,-0.0075320596806705
different_speaker,-0.0036215477157384157
different_speaker,-0.05231986567378044
different_speaker,-0.008009843528270721
different_speaker,0.004479941911995411
different_speaker,-0.05607687681913376
different_speaker,-0.12926357984542847
different_speaker,-0.03957531973719597
different_speaker,-0.05559380725026131
different_speaker,0.15631458163261414
different_speaker,0.04836844280362129
different_speaker,0.08420221507549286
different_speaker,0.08512859046459198
different_speaker,0.11838533729314804
different_speaker,-0.09793965518474579
different_speaker,-0.11909255385398865
different_speaker,-0.0797925591468811
different_speaker,-0.0560690313577652
different_speaker,0.00046398371341638267
different_speaker,0.10948415100574493
different_speaker,0.0561390295624733
different_speaker,0.02964741177856922
different_speaker,0.045031365007162094
different_speaker,0.0820239707827568
different_speaker,0.06601997464895248
different_speaker,-0.07240809500217438
different_speaker,-0.042515501379966736
different_speaker,-0.07762495428323746
different_speaker,-0.058433447033166885
different_speaker,0.11867160350084305
different_speaker,0.07325299084186554
different_speaker,0.10292767733335495
different_speaker,0.10827191919088364
different_speaker,0.07322835922241211
different_speaker,0.10851354897022247
different_speaker,0.15675421059131622
different_speaker,0.07614845782518387
different_speaker,0.1113659217953682
different_speaker,0.1423262506723404
different_speaker,0.0780293345451355
different_speaker,0.11959570646286011
different_speaker,0.15405841171741486
different_speaker,0.1338236778974533
different_speaker,0.09786971658468246
different_speaker,-0.038420312106609344
different_speaker,-0.024702921509742737
different_speaker,0.006681685335934162
different_speaker,-0.02638677880167961
different_speaker,-0.014738164842128754
different_speaker,0.0486656092107296
different_speaker,-0.043451737612485886
different_speaker,-0.08464618772268295
different_speaker,-0.008745662868022919
different_speaker,-0.06297720968723297
different_speaker,0.056528400629758835
different_speaker,-0.054481495171785355
different_speaker,0.03242247924208641
different_speaker,0.02006477117538452
different_speaker,0.0004096866468898952
different_speaker,-0.011436237022280693
different_speaker,-0.057372771203517914
different_speaker,0.008040926419198513
different_speaker,0.03323689475655556
different_speaker,0.06077171489596367
different_speaker,0.1576353907585144
different_speaker,0.09020134061574936
different_speaker,0.07705318927764893
different_speaker,0.14958655834197998
different_speaker,0.1500960737466812
different_speaker,0.18712854385375977
different_speaker,0.0014130097115412354
different_speaker,0.05618350952863693
different_speaker,0.005529032088816166
different_speaker,0.016054829582571983
different_speaker,0.06625718623399734
different_speaker,0.040588125586509705
different_speaker,0.047996923327445984
different_speaker,0.06672507524490356
different_speaker,0.0614502876996994
different_speaker,0.13291379809379578
different_speaker,0.1725907027721405
different_speaker,0.08226950466632843
different_speaker,0.134607195854187
different_speaker,0.14272280037403107
different_speaker,0.07556668668985367
different_speaker,0.145396888256073
different_speaker,0.14402103424072266
different_speaker,0.1237499788403511
different_speaker,0.0859818309545517
different_speaker,-0.02632683515548706
different_speaker,0.015890218317508698
different_speaker,0.0028882857877761126
different_speaker,0.007369715720415115
different_speaker,0.024086683988571167
different_speaker,-0.040745656937360764
different_speaker,-0.08590997010469437
different_speaker,-0.16228756308555603
different_speaker,-0.08317090570926666
different_speaker,-0.07978840172290802
different_speaker,0.06478843837976456
different_speaker,-0.0009425038588233292
different_speaker,0.03431180864572525
different_speaker,0.028239889070391655
different_speaker,0.03396478295326233
different_speaker,-0.10029516369104385
different_speaker,-0.09635376930236816
different_speaker,-0.03749275207519531
different_speaker,-0.03830299526453018
different_speaker,0.00995809305459261
different_speaker,0.08320384472608566
different_speaker,0.03746766969561577
different_speaker,0.012472997419536114
different_speaker,0.061967141926288605
different_speaker,0.08021049201488495
different_speaker,0.14896440505981445
different_speaker,0.008196236565709114
different_speaker,0.02960529737174511
different_speaker,0.058243464678525925
different_speaker,0.031086482107639313
different_speaker,0.11592598259449005
different_speaker,0.09106128662824631
different_speaker,0.15412072837352753
different_speaker,0.07996749132871628
different_speaker,0.10467900335788727
different_speaker,0.034515708684921265
different_speaker,0.10758521407842636
different_speaker,0.01904328539967537
different_speaker,0.05963604897260666
different_speaker,0.10166418552398682
different_speaker,0.11458827555179596
different_speaker,0.19794927537441254
different_speaker,0.24535460770130157
different_speaker,0.2011430859565735
different_speaker,0.15008100867271423
different_speaker,-0.041533611714839935
different_speaker,0.004113619215786457
different_speaker,-0.006322702392935753
different_speaker,0.012555941939353943
different_speaker,0.00020357553148642182
different_speaker,-0.015745919197797775
different_speaker,-0.0550062321126461
different_speaker,-0.1364186555147171
different_speaker,-0.07050085067749023
different_speaker,-0.11735557019710541
different_speaker,0.06820188462734222
different_speaker,-0.027220506221055984
different_speaker,-0.01921762526035309
different_speaker,0.02381676435470581
different_speaker,0.03582056239247322
different_speaker,0.0697656199336052
different_speaker,0.04097313806414604
different_speaker,0.0958387553691864
different_speaker,0.14599639177322388
different_speaker,0.14150077104568481
different_speaker,0.2212403267621994
different_speaker,0.17349669337272644
different_speaker,0.10950501263141632
different_speaker,0.1266501247882843
different_speaker,0.16210335493087769
different_speaker,0.1462348848581314
different_speaker,0.07755555212497711
different_speaker,0.08545807749032974
different_speaker,0.0717480480670929
different_speaker,0.09767579287290573
different_speaker,0.054959531873464584
different_speaker,0.06912064552307129
different_speaker,0.13038617372512817
different_speaker,0.06074460968375206
different_speaker,0.10351215302944183
different_speaker,-0.004184306133538485
different_speaker,0.013434182852506638
different_speaker,0.04976731166243553
different_speaker,0.053983401507139206
different_speaker,0.004625918809324503
different_speaker,0.06596557050943375
different_speaker,0.04851604253053665
different_speaker,0.15841960906982422
different_speaker,0.07820022106170654
different_speaker,0.14211468398571014
different_speaker,-0.07024522870779037
different_speaker,-0.09537682682275772
different_speaker,-0.07178924232721329
different_speaker,-0.0017493829363957047
different_speaker,-0.03717658668756485
different_speaker,-0.038506366312503815
different_speaker,-0.07754790037870407
different_speaker,-0.1318383514881134
different_speaker,-0.015043438412249088
different_speaker,-0.033177025616168976
different_speaker,-0.07640881091356277
different_speaker,0.011359010823071003
different_speaker,0.023103779181838036
different_speaker,-0.026406988501548767
different_speaker,-0.003544094040989876
different_speaker,0.10917706042528152
different_speaker,0.038173284381628036
different_speaker,0.03361709788441658
different_speaker,0.0077706146985292435
different_speaker,0.00015867355978116393
different_speaker,0.12733852863311768
different_speaker,0.1163778007030487
different_speaker,0.11316478997468948
different_speaker,0.12260469794273376
different_speaker,0.15998242795467377
different_speaker,-0.07865052670240402
different_speaker,0.04353140667080879
different_speaker,0.012539179995656013
different_speaker,0.007331985514611006
different_speaker,-0.0038353274576365948
different_speaker,0.1207718700170517
different_speaker,0.07394427061080933
different_speaker,0.07710681855678558
different_speaker,0.07608391344547272
different_speaker,0.07013596594333649
different_speaker,0.06652944535017014
different_speaker,0.0281435064971447
different_speaker,0.06685305386781693
different_speaker,0.05577512085437775
different_speaker,0.09751225262880325
different_speaker,0.2599875032901764
different_speaker,0.276634156703949
different_speaker,0.1884571611881256
different_speaker,0.23454703390598297
different_speaker,0.22038178145885468
different_speaker,0.10766688734292984
different_speaker,0.19763220846652985
different_speaker,0.15185514092445374
different_speaker,0.061885662376880646
different_speaker,0.26564130187034607
different_speaker,0.1459687352180481
different_speaker,0.089884914457798
different_speaker,0.07502200454473495
different_speaker,0.1476389616727829
different_speaker,0.10145407170057297
different_speaker,0.1392965316772461
different_speaker,0.05650188773870468
different_speaker,0.048451103270053864
different_speaker,0.04207603260874748
different_speaker,0.04898368939757347
different_speaker,0.0444108285009861
different_speaker,0.042772743850946426
different_speaker,0.0556064173579216
different_speaker,0.061375733464956284
different_speaker,0.12508702278137207
different_speaker,0.02124885469675064
different_speaker,0.14482837915420532
different_speaker,0.08967165648937225
different_speaker,0.09259006381034851
different_speaker,0.0738193616271019
different_speaker,0.05504172667860985
different_speaker,-0.003756440244615078
different_speaker,0.03374866768717766
different_speaker,0.03215797618031502
different_speaker,-0.024982359260320663
different_speaker,0.02800658531486988
different_speaker,0.010849449783563614
different_speaker,0.02103537693619728
different_speaker,0.030058762058615685
different_speaker,0.047994907945394516
different_speaker,0.1858871728181839
different_speaker,0.22774969041347504
different_speaker,0.08733700960874557
different_speaker,0.09048683941364288
different_speaker,0.12298574298620224
different_speaker,0.13713523745536804
different_speaker,0.20277224481105804
different_speaker,0.15171204507350922
different_speaker,0.0773296058177948
different_speaker,0.2282477170228958
different_speaker,0.12469842284917831
different_speaker,0.11480762809515
different_speaker,0.0909838005900383
different_speaker,0.1044459417462349
different_speaker,0.09149682521820068
different_speaker,0.1451570987701416
different_speaker,0.09397728741168976
different_speaker,0.06214047968387604
different_speaker,0.074620820581913
different_speaker,0.0789681151509285
different_speaker,0.11164810508489609
different_speaker,0.11090496927499771
different_speaker,0.08548812568187714
different_speaker,0.0830000638961792
different_speaker,0.1702059507369995
different_speaker,-0.03561091050505638
different_speaker,0.1126517504453659
different_speaker,0.03526904061436653
different_speaker,0.07253856956958771
different_speaker,0.04729890450835228
different_speaker,0.0891333594918251
different_speaker,0.037361081689596176
different_speaker,0.08477510511875153
different_speaker,0.06914164870977402
different_speaker,0.025831425562500954
different_speaker,0.07790428400039673
different_speaker,0.026849111542105675
different_speaker,0.07403962314128876
different_speaker,0.04048603028059006
different_speaker,0.08290160447359085
different_speaker,0.18088121712207794
different_speaker,0.21089880168437958
different_speaker,0.08580504357814789
different_speaker,0.11318368464708328
different_speaker,0.10756932199001312
different_speaker,0.10243954509496689
different_speaker,0.19608964025974274
different_speaker,0.13417157530784607
different_speaker,0.019797049462795258
different_speaker,0.24386079609394073
different_speaker,0.1401534229516983
different_speaker,0.09344035387039185
different_speaker,0.09237796813249588
different_speaker,0.10499177128076553
different_speaker,0.1137252077460289
different_speaker,0.16214019060134888
different_speaker,0.07345350831747055
different_speaker,0.0436452254652977
different_speaker,0.04838116466999054
different_speaker,0.06766202300786972
different_speaker,0.10444548726081848
different_speaker,0.12768186628818512
different_speaker,0.07768881320953369
different_speaker,0.07922565191984177
different_speaker,0.1607152819633484
different_speaker,-0.0001318729337072
different_speaker,0.14614439010620117
different_speaker,0.08324641734361649
different_speaker,0.09909792244434357
different_speaker,0.11843481659889221
different_speaker,0.062212537974119186
different_speaker,0.036982350051403046
different_speaker,0.045116353780031204
different_speaker,0.03782723471522331
different_speaker,0.008404509164392948
different_speaker,0.052552469074726105
different_speaker,0.014372080564498901
different_speaker,0.07491829246282578
different_speaker,0.03584812209010124
different_speaker,0.08859627693891525
different_speaker,0.21343612670898438
different_speaker,0.25156599283218384
different_speaker,0.11645829677581787
different_speaker,0.15097835659980774
different_speaker,0.15333163738250732
different_speaker,0.11831215769052505
different_speaker,0.15766695141792297
different_speaker,0.08431992679834366
different_speaker,0.04566157981753349
different_speaker,0.19958417117595673
different_speaker,0.09801321476697922
different_speaker,0.060210347175598145
different_speaker,0.04395853355526924
different_speaker,0.07134059816598892
different_speaker,0.0470917709171772
different_speaker,0.16369955241680145
different_speaker,0.06673851609230042
different_speaker,0.08382734656333923
different_speaker,0.09893453121185303
different_speaker,0.09573905915021896
different_speaker,0.10133025050163269
different_speaker,0.06872838735580444
different_speaker,0.06721924245357513
different_speaker,0.10316261649131775
different_speaker,0.15756753087043762
different_speaker,0.030095772817730904
different_speaker,0.13741916418075562
different_speaker,0.09049087762832642
different_speaker,0.1108764037489891
different_speaker,0.07130797207355499
different_speaker,0.08289594203233719
different_speaker,0.0350017324090004
different_speaker,0.04452275484800339
different_speaker,0.047523725777864456
different_speaker,-0.0033185207284986973
different_speaker,0.1027870923280716
different_speaker,0.07345408201217651
different_speaker,0.13060350716114044
different_speaker,0.10044336318969727
different_speaker,0.09765483438968658
different_speaker,0.19675219058990479
different_speaker,0.22193235158920288
different_speaker,0.16057884693145752
different_speaker,0.17563161253929138
different_speaker,0.19514064490795135
different_speaker,0.0930730327963829
different_speaker,0.22140096127986908
different_speaker,0.12796634435653687
different_speaker,0.04196035489439964
different_speaker,0.2541036009788513
different_speaker,0.127947598695755
different_speaker,0.0790630504488945
different_speaker,0.09366220980882645
different_speaker,0.10745401680469513
different_speaker,0.11507517844438553
different_speaker,-0.018574010580778122
different_speaker,-0.10981222242116928
different_speaker,-0.08760148286819458
different_speaker,-0.060380592942237854
different_speaker,-0.10577836632728577
different_speaker,-0.09576944261789322
different_speaker,-0.04330803453922272
different_speaker,-0.05241881683468819
different_speaker,-0.07342492789030075
different_speaker,-0.06294836848974228
different_speaker,0.06951308250427246
different_speaker,0.025298647582530975
different_speaker,0.04749279096722603
different_speaker,0.033487606793642044
different_speaker,0.039455827325582504
different_speaker,-0.07713904231786728
different_speaker,0.05036432668566704
different_speaker,-0.06251160800457001
different_speaker,-0.012195870280265808
different_speaker,-0.0738876536488533
different_speaker,0.03220209851861
different_speaker,0.11747325211763382
different_speaker,0.08039852976799011
different_speaker,0.08285094797611237
different_speaker,0.1400202065706253
different_speaker,-0.02421867847442627
different_speaker,-0.01678795926272869
different_speaker,-0.03729486092925072
different_speaker,-0.05399838835000992
different_speaker,0.09894765913486481
different_speaker,0.17787422239780426
different_speaker,0.22030943632125854
different_speaker,0.23661582171916962
different_speaker,0.18512766063213348
different_speaker,0.2114429622888565
different_speaker,-0.038978513330221176
different_speaker,-0.027906909584999084
different_speaker,-0.05949299782514572
different_speaker,-0.11944778263568878
different_speaker,-0.0713782012462616
different_speaker,-0.02490866929292679
different_speaker,0.02827780321240425
different_speaker,0.012511057779192924
different_speaker,-0.00903161522001028
different_speaker,0.026363393291831017
different_speaker,0.05116165056824684
different_speaker,0.016363035887479782
different_speaker,0.005741481203585863
different_speaker,0.03448391333222389
different_speaker,0.03201597183942795
different_speaker,-0.019447296857833862
different_speaker,-0.03831838443875313
different_speaker,-0.04751461371779442
different_speaker,-0.06535948812961578
different_speaker,-0.03135615587234497
different_speaker,-0.09417223930358887
different_speaker,-0.01828113943338394
different_speaker,-0.00920193549245596
different_speaker,-0.023744454607367516
different_speaker,0.03669215738773346
different_speaker,-0.001307361526414752
different_speaker,0.05850788205862045
different_speaker,0.03425513207912445
different_speaker,-0.021308405324816704
different_speaker,0.16309696435928345
different_speaker,0.11320424824953079
different_speaker,0.27896642684936523
different_speaker,0.18914124369621277
different_speaker,0.16726353764533997
different_speaker,0.16534873843193054
different_speaker,-0.014678580686450005
different_speaker,-0.12021454423666
different_speaker,-0.10306898504495621
different_speaker,-0.12076037377119064
different_speaker,-0.10571487247943878
different_speaker,0.007206379435956478
different_speaker,-0.004277484491467476
different_speaker,0.00452191848307848
different_speaker,-0.0027470665518194437
different_speaker,0.06979255378246307
different_speaker,0.09865609556436539
different_speaker,0.08039364963769913
different_speaker,0.07509831339120865
different_speaker,0.09114951640367508
different_speaker,0.08653268963098526
different_speaker,-0.03150596469640732
different_speaker,-0.06685289740562439
different_speaker,-0.06584065407514572
different_speaker,-0.07485894113779068
different_speaker,-0.04789246618747711
different_speaker,-0.05195217952132225
different_speaker,0.03277457132935524
different_speaker,0.0229740422219038
different_speaker,0.04495654255151749
different_speaker,0.06861428916454315
different_speaker,-0.028862306848168373
different_speaker,0.030753135681152344
different_speaker,0.008861763402819633
different_speaker,-0.051871441304683685
different_speaker,0.12503790855407715
different_speaker,0.13860678672790527
different_speaker,0.22697974741458893
different_speaker,0.21148677170276642
different_speaker,0.1364397406578064
different_speaker,0.19402074813842773
different_speaker,0.08945559710264206
different_speaker,-0.07218727469444275
different_speaker,-0.045018088072538376
different_speaker,-0.07370201498270035
different_speaker,-0.04692299664020538
different_speaker,0.026306694373488426
different_speaker,-0.0067363316193223
different_speaker,-0.0017649029614403844
different_speaker,0.0010787752689793706
different_speaker,0.0638139471411705
different_speaker,0.051273562014102936
different_speaker,0.04894880950450897
different_speaker,0.018587427213788033
different_speaker,0.04252336919307709
different_speaker,0.0615122951567173
different_speaker,-0.05955517664551735
different_speaker,-0.055528055876493454
different_speaker,-0.07402711361646652
different_speaker,-0.0774758905172348
different_speaker,-0.06642058491706848
different_speaker,-0.07413921505212784
different_speaker,0.03219904750585556
different_speaker,-0.003427147399634123
different_speaker,0.01504550501704216
different_speaker,0.04323364794254303
different_speaker,-0.01582929864525795
different_speaker,0.016350584104657173
different_speaker,-0.008825861848890781
different_speaker,-0.05154770612716675
different_speaker,0.10673636198043823
different_speaker,0.07076643407344818
different_speaker,0.15523773431777954
different_speaker,0.12552866339683533
different_speaker,0.0418669730424881
different_speaker,0.14611801505088806
different_speaker,-0.00886879675090313
different_speaker,-0.1464931219816208
different_speaker,-0.1286858469247818
different_speaker,-0.11877662688493729
different_speaker,-0.12712910771369934
different_speaker,0.02944372408092022
different_speaker,0.005800946149975061
different_speaker,0.009393052197992802
different_speaker,0.004692224320024252
different_speaker,0.07488247752189636
different_speaker,0.06890448927879333
different_speaker,0.06410564482212067
different_speaker,0.05699886009097099
different_speaker,0.05968552455306053
different_speaker,0.07621856778860092
different_speaker,-0.09613063186407089
different_speaker,-0.09083963930606842
different_speaker,-0.1045050248503685
different_speaker,-0.13554009795188904
different_speaker,-0.11569997668266296
different_speaker,-0.07686138153076172
different_speaker,0.01734851486980915
different_speaker,-0.012478593736886978
different_speaker,0.0014157068217173219
different_speaker,0.030882060527801514
different_speaker,-0.0036781071685254574
different_speaker,0.0013739083660766482
different_speaker,0.00551234744489193
different_speaker,-0.02638702280819416
different_speaker,0.08088483661413193
different_speaker,0.08205882459878922
different_speaker,0.12119214981794357
different_speaker,0.12591929733753204
different_speaker,0.08718357980251312
different_speaker,0.12788629531860352
different_speaker,-0.003485041903331876
different_speaker,0.0696108341217041
different_speaker,0.12163592129945755
different_speaker,0.062035057693719864
different_speaker,0.04164986312389374
different_speaker,0.1467348337173462
different_speaker,0.11676294356584549
different_speaker,0.12913842499256134
different_speaker,0.14144457876682281
different_speaker,0.12441332638263702
different_speaker,0.09272931516170502
different_speaker,0.20053909718990326
different_speaker,0.15541234612464905
different_speaker,0.21847572922706604
different_speaker,0.12366651743650436
different_speaker,0.10348131507635117
different_speaker,0.07549580186605453
different_speaker,0.15424002707004547
different_speaker,0.18539020419120789
different_speaker,0.1735820323228836
different_speaker,0.06538437306880951
different_speaker,-0.03150077909231186
different_speaker,0.012277050875127316
different_speaker,0.017013996839523315
different_speaker,0.057029880583286285
different_speaker,-0.1366967260837555
different_speaker,-0.10997055470943451
different_speaker,-0.04546711966395378
different_speaker,-0.12782862782478333
different_speaker,-0.06898536533117294
different_speaker,0.010253033600747585
different_speaker,0.11898535490036011
different_speaker,0.1150447428226471
different_speaker,0.09472809731960297
different_speaker,0.14088711142539978
different_speaker,0.07921402901411057
different_speaker,0.11671358346939087
different_speaker,0.12965334951877594
different_speaker,0.11784452944993973
different_speaker,0.11925099790096283
different_speaker,0.1863449364900589
different_speaker,0.14984996616840363
different_speaker,0.2031240016222
different_speaker,0.14609356224536896
different_speaker,0.1830950528383255
different_speaker,0.15920668840408325
different_speaker,0.12119978666305542
different_speaker,0.11029474437236786
different_speaker,0.20507489144802094
different_speaker,0.15128426253795624
different_speaker,0.07461394369602203
different_speaker,0.052522704005241394
different_speaker,0.07650133222341537
different_speaker,0.0062853507697582245
different_speaker,0.038608618080616
different_speaker,-0.003732644720003009
different_speaker,-0.00608648220077157
different_speaker,-0.022763442248106003
different_speaker,0.08298712223768234
different_speaker,-0.015771567821502686
different_speaker,0.04497354105114937
different_speaker,0.10355497896671295
different_speaker,0.1164306178689003
different_speaker,0.09891322255134583
different_speaker,0.060390714555978775
different_speaker,0.16331543028354645
different_speaker,0.14491212368011475
different_speaker,0.1717250943183899
different_speaker,0.1664149910211563
different_speaker,0.13773603737354279
different_speaker,0.16510438919067383
different_speaker,0.23646792769432068
different_speaker,0.2066480964422226
different_speaker,0.2390327900648117
different_speaker,0.19144797325134277
different_speaker,0.05010829120874405
different_speaker,0.024289662018418312
different_speaker,0.07513362914323807
different_speaker,0.13283032178878784
different_speaker,0.10064177960157394
different_speaker,0.06317023187875748
different_speaker,-0.0328078530728817
different_speaker,0.013208461925387383
different_speaker,-0.01586153544485569
different_speaker,0.014954694546759129
different_speaker,-0.09363210946321487
different_speaker,-0.07902403920888901
different_speaker,0.0010175842326134443
different_speaker,-0.048729147762060165
different_speaker,-0.06362584978342056
different_speaker,-0.05580214411020279
different_speaker,0.04301854968070984
different_speaker,0.015638716518878937
different_speaker,0.038118425756692886
different_speaker,-0.0157022587954998
different_speaker,0.12997868657112122
different_speaker,0.13996732234954834
different_speaker,0.17388853430747986
different_speaker,0.13058245182037354
different_speaker,0.09853781759738922
different_speaker,0.18838226795196533
different_speaker,0.24965457618236542
different_speaker,0.23168915510177612
different_speaker,0.2509845793247223
different_speaker,0.2364325076341629
different_speaker,0.07993737608194351
different_speaker,0.06179257109761238
different_speaker,0.11625894159078598
different_speaker,0.18951334059238434
different_speaker,0.18451908230781555
different_speaker,0.006230605766177177
different_speaker,-0.03110021911561489
different_speaker,0.040946114808321
different_speaker,-0.045870181173086166
different_speaker,0.011272064410150051
different_speaker,-0.11933321505784988
different_speaker,-0.1085684671998024
different_speaker,-0.032387904822826385
different_speaker,-0.0884520411491394
different_speaker,-0.08859065920114517
different_speaker,-0.0021964681800454855
different_speaker,0.10905393958091736
different_speaker,0.07968782633543015
different_speaker,0.09399508684873581
different_speaker,0.06532105803489685
different_speaker,0.11986897140741348
different_speaker,0.11578991264104843
different_speaker,0.1553005427122116
different_speaker,0.11583401262760162
different_speaker,0.09571157395839691
different_speaker,0.21676576137542725
different_speaker,0.18425491452217102
different_speaker,0.21007782220840454
different_speaker,0.23356007039546967
different_speaker,0.2306031584739685
different_speaker,0.11007164418697357
different_speaker,0.09271571785211563
different_speaker,0.09528857469558716
different_speaker,0.1601698398590088
different_speaker,0.13546088337898254
different_speaker,0.056592345237731934
different_speaker,0.006632980890572071
different_speaker,0.05624007433652878
different_speaker,-0.022273458540439606
different_speaker,0.02451452799141407
different_speaker,-0.05766585096716881
different_speaker,-0.07273584604263306
different_speaker,-0.031134648248553276
different_speaker,-0.00328900502063334
different_speaker,-0.07272043079137802
different_speaker,-0.04218805953860283
different_speaker,-0.005873705726116896
different_speaker,-0.037119366228580475
different_speaker,-0.0630442351102829
different_speaker,-0.023306576535105705
different_speaker,0.12284974008798599
different_speaker,0.07559278607368469
different_speaker,0.152645081281662
different_speaker,0.16649667918682098
different_speaker,0.07165437191724777
different_speaker,0.055686019361019135
different_speaker,0.06540033221244812
different_speaker,0.0060617346316576
different_speaker,0.020208342000842094
different_speaker,0.01129225268959999
different_speaker,0.07316549867391586
different_speaker,0.1115863099694252
different_speaker,0.03204057738184929
different_speaker,0.04539245739579201
different_speaker,-0.03029804117977619
different_speaker,0.08166668564081192
different_speaker,0.13863128423690796
different_speaker,0.2409316599369049
different_speaker,0.04832719266414642
different_speaker,0.16898401081562042
different_speaker,-0.006232934072613716
different_speaker,0.013721810653805733
different_speaker,-0.06383001059293747
different_speaker,-0.09029259532690048
different_speaker,-0.030793795362114906
different_speaker,0.16265086829662323
different_speaker,0.0924818143248558
different_speaker,0.1753663271665573
different_speaker,0.2068163901567459
different_speaker,0.1393371969461441
different_speaker,0.11341222375631332
different_speaker,0.12016909569501877
different_speaker,0.0450303740799427
different_speaker,0.05176955461502075
different_speaker,0.05609913542866707
different_speaker,0.13088172674179077
different_speaker,0.19613835215568542
different_speaker,0.0734170526266098
different_speaker,0.06860588490962982
different_speaker,0.09796078503131866
different_speaker,0.09646982699632645
different_speaker,0.16792535781860352
different_speaker,0.22310854494571686
different_speaker,0.03895249590277672
different_speaker,0.16623230278491974
different_speaker,-0.061948083341121674
different_speaker,-0.032389115542173386
different_speaker,-0.07669021189212799
different_speaker,-0.08942736685276031
different_speaker,-0.03985822573304176
different_speaker,0.1440291553735733
different_speaker,0.1261609047651291
different_speaker,0.19843560457229614
different_speaker,0.22404292225837708
different_speaker,0.10439922660589218
different_speaker,0.10138682276010513
different_speaker,0.09088151156902313
different_speaker,0.07164691388607025
different_speaker,0.09881851822137833
different_speaker,0.0878157988190651
different_speaker,0.07724311947822571
different_speaker,0.13737542927265167
different_speaker,0.021148046478629112
different_speaker,0.056426212191581726
different_speaker,0.04439898207783699
different_speaker,0.08079627901315689
different_speaker,0.1668131798505783
different_speaker,0.22208626568317413
different_speaker,0.05764247104525566
different_speaker,0.17402686178684235
different_speaker,0.005936100613325834
different_speaker,0.020956644788384438
different_speaker,-0.00727089075371623
different_speaker,-0.05454224348068237
different_speaker,-0.028656549751758575
different_speaker,0.23689165711402893
different_speaker,0.13825522363185883
different_speaker,0.2518885135650635
different_speaker,0.25840523838996887
different_speaker,0.2020857185125351
different_speaker,0.08020114153623581
different_speaker,0.08125688880681992
different_speaker,0.012836534529924393
different_speaker,0.022906601428985596
different_speaker,0.031144587323069572
different_speaker,0.12489913403987885
different_speaker,0.13397124409675598
different_speaker,0.08301346004009247
different_speaker,0.06487050652503967
different_speaker,0.04677831754088402
different_speaker,0.08328205347061157
different_speaker,0.12317294627428055
different_speaker,0.2226991206407547
different_speaker,0.020788084715604782
different_speaker,0.18724237382411957
different_speaker,-0.0010271011851727962
different_speaker,0.030723335221409798
different_speaker,0.010309509932994843
different_speaker,-0.0014061958063393831
different_speaker,0.0059119234792888165
different_speaker,0.15941187739372253
different_speaker,0.05443703010678291
different_speaker,0.14870834350585938
different_speaker,0.13863158226013184
different_speaker,0.12348903715610504
different_speaker,0.12539345026016235
different_speaker,0.12558336555957794
different_speaker,0.03886703774333
different_speaker,0.08224502205848694
different_speaker,0.08162543922662735
different_speaker,0.14063617587089539
different_speaker,0.20104503631591797
different_speaker,0.09772110730409622
different_speaker,0.05735039710998535
different_speaker,0.05229124799370766
different_speaker,-0.03035113401710987
different_speaker,0.09336194396018982
different_speaker,0.12667317688465118
different_speaker,-0.03598697856068611
different_speaker,0.12518762052059174
different_speaker,0.11948838829994202
different_speaker,0.18768346309661865
different_speaker,0.13840200006961823
different_speaker,0.1611463725566864
different_speaker,0.12163355201482773
different_speaker,-0.02266247384250164
different_speaker,-0.003932564053684473
different_speaker,0.015171349048614502
different_speaker,0.03245789185166359
different_speaker,0.0311198141425848
different_speaker,0.16043318808078766
different_speaker,0.14071811735630035
different_speaker,0.15883809328079224
different_speaker,0.1713135987520218
different_speaker,0.20439285039901733
different_speaker,-0.051559917628765106
different_speaker,0.06587951630353928
different_speaker,0.057680968195199966
different_speaker,-0.013313383795320988
different_speaker,0.018891874700784683
different_speaker,0.05738632380962372
different_speaker,0.12937314808368683
different_speaker,0.10031376034021378
different_speaker,0.11487267911434174
different_speaker,0.07152652740478516
different_speaker,0.0406680665910244
different_speaker,0.05480210483074188
different_speaker,0.03223474323749542
different_speaker,0.06329481303691864
different_speaker,0.05238911509513855
different_speaker,0.09430099278688431
different_speaker,0.09516344964504242
different_speaker,0.10302985459566116
different_speaker,0.11515053361654282
different_speaker,0.15469937026500702
different_speaker,-0.047725193202495575
different_speaker,0.04429906606674194
different_speaker,0.014579780399799347
different_speaker,-0.020094802603125572
different_speaker,-0.012532931752502918
different_speaker,0.06708430498838425
different_speaker,0.10594122856855392
different_speaker,0.09206029772758484
different_speaker,0.085843026638031
different_speaker,0.09180021286010742
different_speaker,0.009832958690822124
different_speaker,0.012592424638569355
different_speaker,-0.018265927210450172
different_speaker,0.04042505472898483
different_speaker,0.015414041467010975
different_speaker,0.16353116929531097
different_speaker,0.13341039419174194
different_speaker,0.16243048012256622
different_speaker,0.15571065247058868
different_speaker,0.1842804104089737
different_speaker,-0.06634348630905151
different_speaker,0.04363485798239708
different_speaker,0.038077645003795624
different_speaker,-0.025830605998635292
different_speaker,-0.002280926564708352
different_speaker,0.06255155056715012
different_speaker,0.10499580204486847
different_speaker,0.08582862466573715
different_speaker,0.06975435465574265
different_speaker,0.07397951930761337
different_speaker,0.012416018173098564
different_speaker,0.00634773401543498
different_speaker,-0.025969313457608223
different_speaker,0.01927865855395794
different_speaker,-0.009300772100687027
different_speaker,0.17226628959178925
different_speaker,0.15048499405384064
different_speaker,0.13747267425060272
different_speaker,0.1777334064245224
different_speaker,0.1983610987663269
different_speaker,-0.11301908642053604
different_speaker,0.027209410443902016
different_speaker,0.01127749402076006
different_speaker,-0.053349029272794724
different_speaker,-0.018334094434976578
different_speaker,0.01592286303639412
different_speaker,0.060462817549705505
different_speaker,0.03429952263832092
different_speaker,0.04804070293903351
different_speaker,0.015087001956999302
different_speaker,0.04581917077302933
different_speaker,0.06354130804538727
different_speaker,0.04004794731736183
different_speaker,0.0767674446105957
different_speaker,0.03614214435219765
different_speaker,0.12175988405942917
different_speaker,0.09974391013383865
different_speaker,0.11851085722446442
different_speaker,0.1597525030374527
different_speaker,0.16830812394618988
different_speaker,-0.039456579834222794
different_speaker,0.038049861788749695
different_speaker,0.0031066439114511013
different_speaker,0.010404597967863083
different_speaker,-0.018281294032931328
different_speaker,0.026796279475092888
different_speaker,0.03607488423585892
different_speaker,0.021006209775805473
different_speaker,0.037466321140527725
different_speaker,0.08228111267089844
different_speaker,-0.03276844322681427
different_speaker,0.13175201416015625
different_speaker,0.04474446550011635
different_speaker,-0.04140022397041321
different_speaker,0.08482922613620758
different_speaker,-0.03455270081758499
different_speaker,-0.01781175658106804
different_speaker,-0.012871302664279938
different_speaker,-0.019245721399784088
different_speaker,-0.00687796575948596
different_speaker,-0.008242565207183361
different_speaker,0.023059094324707985
different_speaker,0.03442404046654701
different_speaker,0.046742867678403854
different_speaker,0.12430757284164429
different_speaker,-0.0054202028550207615
different_speaker,0.051429715007543564
different_speaker,-0.016661230474710464
different_speaker,-0.020566768944263458
different_speaker,0.04458196461200714
different_speaker,-0.06557805091142654
different_speaker,-0.017248906195163727
different_speaker,0.015154995024204254
different_speaker,-0.07292024046182632
different_speaker,-0.006557864602655172
different_speaker,0.007796361576765776
different_speaker,0.006276012863963842
different_speaker,-0.009954826906323433
different_speaker,0.02821236662566662
different_speaker,0.061875514686107635
different_speaker,0.0008044684072956443
different_speaker,0.132520392537117
different_speaker,0.029166873544454575
different_speaker,-0.02956312522292137
different_speaker,0.06905020773410797
different_speaker,0.020775718614459038
different_speaker,0.017748232930898666
different_speaker,0.03005649335682392
different_speaker,0.0243741013109684
different_speaker,0.03447290137410164
different_speaker,0.04827096685767174
different_speaker,0.05570071190595627
different_speaker,0.08377768099308014
different_speaker,0.10740794241428375
different_speaker,0.1545546054840088
different_speaker,0.011699775233864784
different_speaker,0.10453871637582779
different_speaker,0.00879711378365755
different_speaker,0.014532148838043213
different_speaker,0.08209752291440964
different_speaker,0.020049117505550385
different_speaker,0.06377016752958298
different_speaker,0.11190959066152573
different_speaker,0.019609550014138222
different_speaker,0.0953243300318718
different_speaker,0.026073342189192772
different_speaker,0.03929634764790535
different_speaker,0.0008807479171082377
different_speaker,0.0330347940325737
different_speaker,0.08462470024824142
different_speaker,0.018766460940241814
different_speaker,0.12916570901870728
different_speaker,0.06073496490716934
different_speaker,-0.034648001194000244
different_speaker,0.059432774782180786
different_speaker,-0.04722145199775696
different_speaker,-0.004108122084289789
different_speaker,-0.009678407572209835
different_speaker,-0.030428282916545868
different_speaker,-0.022979499772191048
different_speaker,-0.0004222049319650978
different_speaker,0.09575009346008301
different_speaker,0.03720667213201523
different_speaker,0.0475926510989666
different_speaker,0.06231723353266716
different_speaker,0.09363420307636261
different_speaker,0.0783284530043602
different_speaker,0.10500147938728333
different_speaker,0.14818856120109558
different_speaker,0.08146021515130997
different_speaker,-0.0946837067604065
different_speaker,-0.007349533028900623
different_speaker,-0.03728392720222473
different_speaker,-0.06368713080883026
different_speaker,0.01001675147563219
different_speaker,0.14365702867507935
different_speaker,0.12996149063110352
different_speaker,0.14076143503189087
different_speaker,0.1640029400587082
different_speaker,0.12283342331647873
different_speaker,-0.061589743942022324
different_speaker,-0.03809094429016113
different_speaker,-0.010035275481641293
different_speaker,-0.006401603575795889
different_speaker,0.05782264471054077
different_speaker,0.1276165246963501
different_speaker,0.13163572549819946
different_speaker,0.15248416364192963
different_speaker,0.15523408353328705
different_speaker,0.14402315020561218
different_speaker,-0.13000118732452393
different_speaker,-0.044861990958452225
different_speaker,-0.06816171109676361
different_speaker,-0.06280737370252609
different_speaker,0.03258678689599037
different_speaker,0.12864145636558533
different_speaker,0.15717832744121552
different_speaker,0.15907295048236847
different_speaker,0.16564929485321045
different_speaker,0.16570401191711426
different_speaker,-0.055890750139951706
different_speaker,0.0019635395146906376
different_speaker,-0.004976331721991301
different_speaker,-0.012259070761501789
different_speaker,0.11023060232400894
different_speaker,0.17569996416568756
different_speaker,0.2022360861301422
different_speaker,0.20453119277954102
different_speaker,0.20240068435668945
different_speaker,0.18343228101730347
different_speaker,-0.033226627856492996
different_speaker,-0.06428881734609604
different_speaker,-0.05779857933521271
different_speaker,-0.0077382829040288925
different_speaker,-0.03983801603317261
different_speaker,0.016800587996840477
different_speaker,0.048162199556827545
different_speaker,0.007904567755758762
different_speaker,0.03877207264304161
different_speaker,0.01304877083748579
different_speaker,-0.06826641410589218
different_speaker,-0.05116245895624161
different_speaker,-0.07711596041917801
different_speaker,-0.007894737645983696
different_speaker,-0.07728803157806396
different_speaker,-0.03970858082175255
different_speaker,-0.053392961621284485
different_speaker,-0.07622170448303223
different_speaker,0.012670704163610935
different_speaker,-0.08119940757751465
different_speaker,0.0077262562699615955
different_speaker,0.06794098764657974
different_speaker,0.02593129314482212
different_speaker,0.03387213125824928
different_speaker,0.01714089699089527
original_vs_mcadams_lpc15,0.4720654785633087
original_vs_mcadams_lpc15,0.38184380531311035
original_vs_mcadams_lpc15,0.5382785201072693
original_vs_mcadams_lpc15,0.5420612096786499
original_vs_mcadams_lpc15,0.530200719833374
original_vs_mcadams_lpc15,0.4626155197620392
original_vs_mcadams_lpc15,0.4295817017555237
original_vs_mcadams_lpc15,0.5233073830604553
original_vs_mcadams_lpc15,0.48243069648742676
original_vs_mcadams_lpc15,0.5188292264938354
original_vs_mcadams_lpc15,0.4647301137447357
original_vs_mcadams_lpc15,0.34474068880081177
original_vs_mcadams_lpc15,0.42162084579467773
original_vs_mcadams_lpc15,0.40029454231262207
original_vs_mcadams_lpc15,0.4568175673484802
original_vs_mcadams_lpc15,0.6042416095733643
original_vs_mcadams_lpc15,0.6877750754356384
original_vs_mcadams_lpc15,0.5610363483428955
original_vs_mcadams_lpc15,0.6557449698448181
original_vs_mcadams_lpc15,0.5240226984024048
original_vs_mcadams_lpc15,0.4491739869117737
original_vs_mcadams_lpc15,0.4829798638820648
original_vs_mcadams_lpc15,0.42005231976509094
original_vs_mcadams_lpc15,0.5341768860816956
original_vs_mcadams_lpc15,0.49455487728118896
original_vs_mcadams_lpc15,0.498371958732605
original_vs_mcadams_lpc15,0.48918452858924866
original_vs_mcadams_lpc15,0.5611125826835632
original_vs_mcadams_lpc15,0.472032755613327
original_vs_mcadams_lpc15,0.5077259540557861
original_vs_mcadams_lpc15,0.5390709638595581
original_vs_mcadams_lpc15,0.6737656593322754
original_vs_mcadams_lpc15,0.5930505990982056
original_vs_mcadams_lpc15,0.5778213143348694
original_vs_mcadams_lpc15,0.6122226119041443
original_vs_mcadams_lpc15,0.5851974487304688
original_vs_mcadams_lpc15,0.7282009124755859
original_vs_mcadams_lpc15,0.6812171339988708
original_vs_mcadams_lpc15,0.5310161709785461
original_vs_mcadams_lpc15,0.566466212272644
original_vs_mcadams_lpc15,0.562308669090271
original_vs_mcadams_lpc15,0.6155353784561157
original_vs_mcadams_lpc15,0.5352843999862671
original_vs_mcadams_lpc15,0.6019801497459412
original_vs_mcadams_lpc15,0.5912846922874451
original_vs_mcadams_lpc15,0.5155131220817566
original_vs_mcadams_lpc15,0.4278355836868286
original_vs_mcadams_lpc15,0.45271727442741394
original_vs_mcadams_lpc15,0.5091010928153992
original_vs_mcadams_lpc15,0.4432077705860138
original_vs_mcadams_lpc15,0.5727126002311707
original_vs_mcadams_lpc15,0.5681845545768738
original_vs_mcadams_lpc15,0.6183931231498718
original_vs_mcadams_lpc15,0.6286079287528992
original_vs_mcadams_lpc15,0.6118120551109314
original_vs_mcadams_lpc15,0.47447192668914795
original_vs_mcadams_lpc15,0.4510725140571594
original_vs_mcadams_lpc15,0.4449106752872467
original_vs_mcadams_lpc15,0.48069995641708374
original_vs_mcadams_lpc15,0.45326653122901917
original_vs_mcadams_lpc15,0.5623984932899475
original_vs_mcadams_lpc15,0.5973411202430725
original_vs_mcadams_lpc15,0.4926789104938507
original_vs_mcadams_lpc15,0.6487727165222168
original_vs_mcadams_lpc15,0.5818942785263062
original_vs_mcadams_lpc15,0.5839162468910217
original_vs_mcadams_lpc15,0.5815756320953369
original_vs_mcadams_lpc15,0.5848165154457092
original_vs_mcadams_lpc15,0.49901241064071655
original_vs_mcadams_lpc15,0.429252564907074
original_vs_mcadams_lpc15,0.3750690817832947
original_vs_mcadams_lpc15,0.32150208950042725
original_vs_mcadams_lpc15,0.27346962690353394
original_vs_mcadams_lpc15,0.26953619718551636
original_vs_mcadams_lpc15,0.37494587898254395
original_vs_mcadams_lpc15,0.6160058975219727
original_vs_mcadams_lpc15,0.534447968006134
original_vs_mcadams_lpc15,0.5503053069114685
original_vs_mcadams_lpc15,0.5669562816619873
original_vs_mcadams_lpc15,0.5618531107902527
original_vs_mcadams_lpc15,0.2867640256881714
original_vs_mcadams_lpc15,0.5121415257453918
original_vs_mcadams_lpc15,0.36420851945877075
original_vs_mcadams_lpc15,0.4755887985229492
original_vs_mcadams_lpc15,0.4093233346939087
original_vs_mcadams_lpc15,0.617330014705658
original_vs_mcadams_lpc15,0.623366117477417
original_vs_mcadams_lpc15,0.5633085370063782
original_vs_mcadams_lpc15,0.5895738005638123
original_vs_mcadams_lpc15,0.5484776496887207
original_vs_mcadams_lpc15,0.40694230794906616
original_vs_mcadams_lpc15,0.6105115413665771
original_vs_mcadams_lpc15,0.5946546792984009
original_vs_mcadams_lpc15,0.5503964424133301
original_vs_mcadams_lpc15,0.5756053328514099
original_vs_mcadams_lpc15,0.6132136583328247
original_vs_mcadams_lpc15,0.6725605726242065
original_vs_mcadams_lpc15,0.6173902750015259
original_vs_mcadams_lpc15,0.5309463143348694
original_vs_mcadams_lpc15,0.6274508237838745
original_vs_mcadams_lpc15,0.6580519676208496
original_vs_mcadams_lpc15,0.6705137491226196
original_vs_mcadams_lpc15,0.5761027336120605
original_vs_mcadams_lpc15,0.6535506248474121
original_vs_mcadams_lpc15,0.6283570528030396
original_vs_mcadams_lpc15,0.6058787107467651
original_vs_mcadams_lpc15,0.64728182554245
original_vs_mcadams_lpc15,0.5730694532394409
original_vs_mcadams_lpc15,0.5978966355323792
original_vs_mcadams_lpc15,0.6682990193367004
original_vs_mcadams_lpc15,0.7451883554458618
original_vs_mcadams_lpc15,0.6223700642585754
original_vs_mcadams_lpc15,0.6741460561752319
original_vs_mcadams_lpc15,0.7126646041870117
original_vs_mcadams_lpc15,0.6728253364562988
original_vs_mcadams_lpc15,0.5188734531402588
original_vs_mcadams_lpc15,0.4892454445362091
original_vs_mcadams_lpc15,0.6038552522659302
original_vs_mcadams_lpc15,0.5715693235397339
original_vs_mcadams_lpc15,0.5306919813156128
original_vs_mcadams_lpc15,0.5729244351387024
original_vs_mcadams_lpc15,0.41726410388946533
original_vs_mcadams_lpc15,0.4585224390029907
original_vs_mcadams_lpc15,0.47551268339157104
original_vs_mcadams_lpc15,0.5748052000999451
original_vs_mcadams_lpc15,0.731768012046814
original_vs_mcadams_lpc15,0.7162085175514221
original_vs_mcadams_lpc15,0.626156747341156
original_vs_mcadams_lpc15,0.678192138671875
original_vs_mcadams_lpc15,0.699161171913147
original_vs_mcadams_lpc15,0.5882940292358398
original_vs_mcadams_lpc15,0.5515958666801453
original_vs_mcadams_lpc15,0.4823841452598572
original_vs_mcadams_lpc15,0.4963272213935852
original_vs_mcadams_lpc15,0.5049959421157837
original_vs_mcadams_lpc15,0.4913218319416046
original_vs_mcadams_lpc15,0.5565795302391052
original_vs_mcadams_lpc15,0.5606562495231628
original_vs_mcadams_lpc15,0.6226615905761719
original_vs_mcadams_lpc15,0.5370851755142212
original_vs_mcadams_lpc15,0.6657840013504028
original_vs_mcadams_lpc15,0.6356845498085022
original_vs_mcadams_lpc15,0.5725998282432556
original_vs_mcadams_lpc15,0.6734843254089355
original_vs_mcadams_lpc15,0.7007712721824646
original_vs_mcadams_lpc15,0.6127554774284363
original_vs_mcadams_lpc15,0.6437928676605225
original_vs_mcadams_lpc15,0.6588142514228821
original_vs_mcadams_lpc15,0.6013082265853882
original_vs_mcadams_lpc15,0.6562570929527283
original_vs_mcadams_lpc20,0.3079468011856079
original_vs_mcadams_lpc20,0.2531976103782654
original_vs_mcadams_lpc20,0.358888179063797
original_vs_mcadams_lpc20,0.39297959208488464
original_vs_mcadams_lpc20,0.3361142873764038
original_vs_mcadams_lpc20,0.3213858902454376
original_vs_mcadams_lpc20,0.3493192493915558
original_vs_mcadams_lpc20,0.36924809217453003
original_vs_mcadams_lpc20,0.3179135322570801
original_vs_mcadams_lpc20,0.4900401532649994
original_vs_mcadams_lpc20,0.36470547318458557
original_vs_mcadams_lpc20,0.21743503212928772
original_vs_mcadams_lpc20,0.3759852945804596
original_vs_mcadams_lpc20,0.3364298343658447
original_vs_mcadams_lpc20,0.3951237201690674
original_vs_mcadams_lpc20,0.43094074726104736
original_vs_mcadams_lpc20,0.46009305119514465
original_vs_mcadams_lpc20,0.3689675033092499
original_vs_mcadams_lpc20,0.45241162180900574
original_vs_mcadams_lpc20,0.31320473551750183
original_vs_mcadams_lpc20,0.38017794489860535
original_vs_mcadams_lpc20,0.43226101994514465
original_vs_mcadams_lpc20,0.33575695753097534
original_vs_mcadams_lpc20,0.4064805209636688
original_vs_mcadams_lpc20,0.40362468361854553
original_vs_mcadams_lpc20,0.26961854100227356
original_vs_mcadams_lpc20,0.26265230774879456
original_vs_mcadams_lpc20,0.43741706013679504
original_vs_mcadams_lpc20,0.2989090085029602
original_vs_mcadams_lpc20,0.3463796377182007
original_vs_mcadams_lpc20,0.4757676422595978
original_vs_mcadams_lpc20,0.6543219089508057
original_vs_mcadams_lpc20,0.5064848065376282
original_vs_mcadams_lpc20,0.4922674298286438
original_vs_mcadams_lpc20,0.5233872532844543
original_vs_mcadams_lpc20,0.26335015892982483
original_vs_mcadams_lpc20,0.550360918045044
original_vs_mcadams_lpc20,0.5215518474578857
original_vs_mcadams_lpc20,0.38208508491516113
original_vs_mcadams_lpc20,0.3449280858039856
original_vs_mcadams_lpc20,0.4351270794868469
original_vs_mcadams_lpc20,0.5417803525924683
original_vs_mcadams_lpc20,0.4674871861934662
original_vs_mcadams_lpc20,0.5127559900283813
original_vs_mcadams_lpc20,0.4641876816749573
original_vs_mcadams_lpc20,0.39306139945983887
original_vs_mcadams_lpc20,0.35982614755630493
original_vs_mcadams_lpc20,0.37237200140953064
original_vs_mcadams_lpc20,0.4465556740760803
original_vs_mcadams_lpc20,0.33407169580459595
original_vs_mcadams_lpc20,0.44129806756973267
original_vs_mcadams_lpc20,0.5117228031158447
original_vs_mcadams_lpc20,0.5544700622558594
original_vs_mcadams_lpc20,0.5730302333831787
original_vs_mcadams_lpc20,0.5367873311042786
original_vs_mcadams_lpc20,0.33468225598335266
original_vs_mcadams_lpc20,0.326339989900589
original_vs_mcadams_lpc20,0.3714737892150879
original_vs_mcadams_lpc20,0.39959025382995605
original_vs_mcadams_lpc20,0.36245864629745483
original_vs_mcadams_lpc20,0.46054860949516296
original_vs_mcadams_lpc20,0.44235360622406006
original_vs_mcadams_lpc20,0.37343135476112366
original_vs_mcadams_lpc20,0.5372308492660522
original_vs_mcadams_lpc20,0.4811386168003082
original_vs_mcadams_lpc20,0.5287005305290222
original_vs_mcadams_lpc20,0.4810604155063629
original_vs_mcadams_lpc20,0.46983492374420166
original_vs_mcadams_lpc20,0.505273699760437
original_vs_mcadams_lpc20,0.38391387462615967
original_vs_mcadams_lpc20,0.32516229152679443
original_vs_mcadams_lpc20,0.2410409152507782
original_vs_mcadams_lpc20,0.2206951528787613
original_vs_mcadams_lpc20,0.19957122206687927
original_vs_mcadams_lpc20,0.35216256976127625
original_vs_mcadams_lpc20,0.561310887336731
original_vs_mcadams_lpc20,0.49055659770965576
original_vs_mcadams_lpc20,0.4904309809207916
original_vs_mcadams_lpc20,0.5258569121360779
original_vs_mcadams_lpc20,0.5197823643684387
original_vs_mcadams_lpc20,0.16347181797027588
original_vs_mcadams_lpc20,0.42781251668930054
original_vs_mcadams_lpc20,0.269979864358902
original_vs_mcadams_lpc20,0.3945927619934082
original_vs_mcadams_lpc20,0.31163766980171204
original_vs_mcadams_lpc20,0.5714759230613708
original_vs_mcadams_lpc20,0.5237659811973572
original_vs_mcadams_lpc20,0.45892196893692017
original_vs_mcadams_lpc20,0.497734934091568
original_vs_mcadams_lpc20,0.48768186569213867
original_vs_mcadams_lpc20,0.35708174109458923
original_vs_mcadams_lpc20,0.5564737915992737
original_vs_mcadams_lpc20,0.5617729425430298
original_vs_mcadams_lpc20,0.49841928482055664
original_vs_mcadams_lpc20,0.5037860870361328
original_vs_mcadams_lpc20,0.5630232095718384
original_vs_mcadams_lpc20,0.5502845048904419
original_vs_mcadams_lpc20,0.47369828820228577
original_vs_mcadams_lpc20,0.5090104341506958
original_vs_mcadams_lpc20,0.5957413911819458
original_vs_mcadams_lpc20,0.5338385701179504
original_vs_mcadams_lpc20,0.4931773543357849
original_vs_mcadams_lpc20,0.40160471200942993
original_vs_mcadams_lpc20,0.4867815673351288
original_vs_mcadams_lpc20,0.45744726061820984
original_vs_mcadams_lpc20,0.5844752788543701
original_vs_mcadams_lpc20,0.5802944898605347
original_vs_mcadams_lpc20,0.5012206435203552
original_vs_mcadams_lpc20,0.505431056022644
original_vs_mcadams_lpc20,0.5515500903129578
original_vs_mcadams_lpc20,0.5741503238677979
original_vs_mcadams_lpc20,0.5126285552978516
original_vs_mcadams_lpc20,0.5299427509307861
original_vs_mcadams_lpc20,0.5440945029258728
original_vs_mcadams_lpc20,0.5516959428787231
original_vs_mcadams_lpc20,0.36080288887023926
original_vs_mcadams_lpc20,0.4302111864089966
original_vs_mcadams_lpc20,0.51893550157547
original_vs_mcadams_lpc20,0.47921767830848694
original_vs_mcadams_lpc20,0.4301576316356659
original_vs_mcadams_lpc20,0.45036160945892334
original_vs_mcadams_lpc20,0.3715716302394867
original_vs_mcadams_lpc20,0.3797186315059662
original_vs_mcadams_lpc20,0.37785929441452026
original_vs_mcadams_lpc20,0.5203734636306763
original_vs_mcadams_lpc20,0.6047749519348145
original_vs_mcadams_lpc20,0.620478093624115
original_vs_mcadams_lpc20,0.557863175868988
original_vs_mcadams_lpc20,0.5924365520477295
original_vs_mcadams_lpc20,0.5717519521713257
original_vs_mcadams_lpc20,0.45195725560188293
original_vs_mcadams_lpc20,0.4070204198360443
original_vs_mcadams_lpc20,0.38431841135025024
original_vs_mcadams_lpc20,0.3888026177883148
original_vs_mcadams_lpc20,0.455553263425827
original_vs_mcadams_lpc20,0.5008407235145569
original_vs_mcadams_lpc20,0.5538310408592224
original_vs_mcadams_lpc20,0.5442784428596497
original_vs_mcadams_lpc20,0.5951346158981323
original_vs_mcadams_lpc20,0.5022710561752319
original_vs_mcadams_lpc20,0.524070680141449
original_vs_mcadams_lpc20,0.54547119140625
original_vs_mcadams_lpc20,0.5801666378974915
original_vs_mcadams_lpc20,0.5694624781608582
original_vs_mcadams_lpc20,0.5970568656921387
original_vs_mcadams_lpc20,0.5048716068267822
original_vs_mcadams_lpc20,0.5776443481445312
original_vs_mcadams_lpc20,0.5371913313865662
original_vs_mcadams_lpc20,0.4717333912849426
original_vs_mcadams_lpc20,0.5652891397476196
original_vs_mcadams_lpc25,0.26974722743034363
original_vs_mcadams_lpc25,0.2407526969909668
original_vs_mcadams_lpc25,0.35153213143348694
original_vs_mcadams_lpc25,0.32960382103919983
original_vs_mcadams_lpc25,0.30360719561576843
original_vs_mcadams_lpc25,0.2991010546684265
original_vs_mcadams_lpc25,0.32385292649269104
original_vs_mcadams_lpc25,0.3655581772327423
original_vs_mcadams_lpc25,0.30568385124206543
original_vs_mcadams_lpc25,0.38507571816444397
original_vs_mcadams_lpc25,0.35819071531295776
original_vs_mcadams_lpc25,0.2206057608127594
original_vs_mcadams_lpc25,0.3493577241897583
original_vs_mcadams_lpc25,0.32647156715393066
original_vs_mcadams_lpc25,0.3684847056865692
original_vs_mcadams_lpc25,0.3733275532722473
original_vs_mcadams_lpc25,0.412662148475647
original_vs_mcadams_lpc25,0.31593453884124756
original_vs_mcadams_lpc25,0.4445934593677521
original_vs_mcadams_lpc25,0.28140413761138916
original_vs_mcadams_lpc25,0.3203430473804474
original_vs_mcadams_lpc25,0.34547901153564453
original_vs_mcadams_lpc25,0.3121574819087982
original_vs_mcadams_lpc25,0.36126410961151123
original_vs_mcadams_lpc25,0.3284795880317688
original_vs_mcadams_lpc25,0.27245593070983887
original_vs_mcadams_lpc25,0.20235690474510193
original_vs_mcadams_lpc25,0.4328196048736572
original_vs_mcadams_lpc25,0.28491923213005066
original_vs_mcadams_lpc25,0.3177972733974457
original_vs_mcadams_lpc25,0.43888211250305176
original_vs_mcadams_lpc25,0.6174013018608093
original_vs_mcadams_lpc25,0.4882001280784607
original_vs_mcadams_lpc25,0.46313154697418213
original_vs_mcadams_lpc25,0.4873446226119995
original_vs_mcadams_lpc25,0.20072320103645325
original_vs_mcadams_lpc25,0.5135799646377563
original_vs_mcadams_lpc25,0.4559582471847534
original_vs_mcadams_lpc25,0.3193803131580353
original_vs_mcadams_lpc25,0.2642577588558197
original_vs_mcadams_lpc25,0.3766561448574066
original_vs_mcadams_lpc25,0.47915345430374146
original_vs_mcadams_lpc25,0.411133348941803
original_vs_mcadams_lpc25,0.46752551198005676
original_vs_mcadams_lpc25,0.44388195872306824
original_vs_mcadams_lpc25,0.37804755568504333
original_vs_mcadams_lpc25,0.3223574161529541
original_vs_mcadams_lpc25,0.3478367328643799
original_vs_mcadams_lpc25,0.38523024320602417
original_vs_mcadams_lpc25,0.31498831510543823
original_vs_mcadams_lpc25,0.37440890073776245
original_vs_mcadams_lpc25,0.44777777791023254
original_vs_mcadams_lpc25,0.48522233963012695
original_vs_mcadams_lpc25,0.5001468658447266
original_vs_mcadams_lpc25,0.4706525504589081
original_vs_mcadams_lpc25,0.31838640570640564
original_vs_mcadams_lpc25,0.30561593174934387
original_vs_mcadams_lpc25,0.3157326877117157
original_vs_mcadams_lpc25,0.3322415053844452
original_vs_mcadams_lpc25,0.3295295238494873
original_vs_mcadams_lpc25,0.43850216269493103
original_vs_mcadams_lpc25,0.4673647880554199
original_vs_mcadams_lpc25,0.33819565176963806
original_vs_mcadams_lpc25,0.5606051683425903
original_vs_mcadams_lpc25,0.4776546061038971
original_vs_mcadams_lpc25,0.45172977447509766
original_vs_mcadams_lpc25,0.4040117859840393
original_vs_mcadams_lpc25,0.4236345887184143
original_vs_mcadams_lpc25,0.4759747087955475
original_vs_mcadams_lpc25,0.41648074984550476
original_vs_mcadams_lpc25,0.3035007417201996
original_vs_mcadams_lpc25,0.23521184921264648
original_vs_mcadams_lpc25,0.19854065775871277
original_vs_mcadams_lpc25,0.15867796540260315
original_vs_mcadams_lpc25,0.30582791566848755
original_vs_mcadams_lpc25,0.4971472918987274
original_vs_mcadams_lpc25,0.4387951195240021
original_vs_mcadams_lpc25,0.414458692073822
original_vs_mcadams_lpc25,0.4725511968135834
original_vs_mcadams_lpc25,0.4758443534374237
original_vs_mcadams_lpc25,0.13762934505939484
original_vs_mcadams_lpc25,0.36503270268440247
original_vs_mcadams_lpc25,0.20329122245311737
original_vs_mcadams_lpc25,0.32967424392700195
original_vs_mcadams_lpc25,0.20787422358989716
original_vs_mcadams_lpc25,0.5062662959098816
original_vs_mcadams_lpc25,0.47362375259399414
original_vs_mcadams_lpc25,0.4057363271713257
original_vs_mcadams_lpc25,0.4219912588596344
original_vs_mcadams_lpc25,0.4395054578781128
original_vs_mcadams_lpc25,0.3357941806316376
original_vs_mcadams_lpc25,0.5302882790565491
original_vs_mcadams_lpc25,0.5344920754432678
original_vs_mcadams_lpc25,0.4295765161514282
original_vs_mcadams_lpc25,0.4614875316619873
original_vs_mcadams_lpc25,0.5280003547668457
original_vs_mcadams_lpc25,0.5284284949302673
original_vs_mcadams_lpc25,0.4397132098674774
original_vs_mcadams_lpc25,0.45847445726394653
original_vs_mcadams_lpc25,0.569136917591095
original_vs_mcadams_lpc25,0.49525007605552673
original_vs_mcadams_lpc25,0.46646925806999207
original_vs_mcadams_lpc25,0.3694535791873932
original_vs_mcadams_lpc25,0.452826589345932
original_vs_mcadams_lpc25,0.4284089207649231
original_vs_mcadams_lpc25,0.5555363297462463
original_vs_mcadams_lpc25,0.5575827956199646
original_vs_mcadams_lpc25,0.45798179507255554
original_vs_mcadams_lpc25,0.5131368637084961
original_vs_mcadams_lpc25,0.5150097012519836
original_vs_mcadams_lpc25,0.5611475706100464
original_vs_mcadams_lpc25,0.49910277128219604
original_vs_mcadams_lpc25,0.49872300028800964
original_vs_mcadams_lpc25,0.47326451539993286
original_vs_mcadams_lpc25,0.5105465054512024
original_vs_mcadams_lpc25,0.32273703813552856
original_vs_mcadams_lpc25,0.3971794545650482
original_vs_mcadams_lpc25,0.4892657399177551
original_vs_mcadams_lpc25,0.4275954067707062
original_vs_mcadams_lpc25,0.3845745921134949
original_vs_mcadams_lpc25,0.432170033454895
original_vs_mcadams_lpc25,0.42554858326911926
original_vs_mcadams_lpc25,0.419522225856781
original_vs_mcadams_lpc25,0.4148429334163666
original_vs_mcadams_lpc25,0.5214105844497681
original_vs_mcadams_lpc25,0.5394973754882812
original_vs_mcadams_lpc25,0.5656589865684509
original_vs_mcadams_lpc25,0.5692710876464844
original_vs_mcadams_lpc25,0.5821489691734314
original_vs_mcadams_lpc25,0.5375003814697266
original_vs_mcadams_lpc25,0.4240529537200928
original_vs_mcadams_lpc25,0.42562350630760193
original_vs_mcadams_lpc25,0.35402950644493103
original_vs_mcadams_lpc25,0.36131617426872253
original_vs_mcadams_lpc25,0.4474725127220154
original_vs_mcadams_lpc25,0.3723033368587494
original_vs_mcadams_lpc25,0.42643338441848755
original_vs_mcadams_lpc25,0.5187679529190063
original_vs_mcadams_lpc25,0.5687210559844971
original_vs_mcadams_lpc25,0.45589151978492737
original_vs_mcadams_lpc25,0.4858459234237671
original_vs_mcadams_lpc25,0.5235834717750549
original_vs_mcadams_lpc25,0.5725148320198059
original_vs_mcadams_lpc25,0.5398212671279907
original_vs_mcadams_lpc25,0.5286576747894287
original_vs_mcadams_lpc25,0.4727020859718323
original_vs_mcadams_lpc25,0.4987528920173645
original_vs_mcadams_lpc25,0.49468493461608887
original_vs_mcadams_lpc25,0.42265012860298157
original_vs_mcadams_lpc25,0.5280951857566833
original_vs_pitch_s2,0.2348874807357788
original_vs_pitch_s2,0.23889200389385223
original_vs_pitch_s2,0.21196502447128296
original_vs_pitch_s2,0.2524316906929016
original_vs_pitch_s2,0.3270367980003357
original_vs_pitch_s2,0.4275447130203247
original_vs_pitch_s2,0.3746688961982727
original_vs_pitch_s2,0.42097216844558716
original_vs_pitch_s2,0.4062187373638153
original_vs_pitch_s2,0.5370073318481445
original_vs_pitch_s2,0.33586034178733826
original_vs_pitch_s2,0.33587369322776794
original_vs_pitch_s2,0.390809565782547
original_vs_pitch_s2,0.3891826272010803
original_vs_pitch_s2,0.31132978200912476
original_vs_pitch_s2,0.2354234904050827
original_vs_pitch_s2,0.44317635893821716
original_vs_pitch_s2,0.3079296052455902
original_vs_pitch_s2,0.3869222104549408
original_vs_pitch_s2,0.3428032696247101
original_vs_pitch_s2,0.25470682978630066
original_vs_pitch_s2,0.2023441344499588
original_vs_pitch_s2,0.3227952718734741
original_vs_pitch_s2,0.3038020133972168
original_vs_pitch_s2,0.3666466176509857
original_vs_pitch_s2,0.32138970494270325
original_vs_pitch_s2,0.39927294850349426
original_vs_pitch_s2,0.2778567373752594
original_vs_pitch_s2,0.3307875990867615
original_vs_pitch_s2,0.3369520902633667
original_vs_pitch_s2,0.30074790120124817
original_vs_pitch_s2,0.3295685350894928
original_vs_pitch_s2,0.3528919219970703
original_vs_pitch_s2,0.24937190115451813
original_vs_pitch_s2,0.18472793698310852
original_vs_pitch_s2,0.2647232413291931
original_vs_pitch_s2,0.40305760502815247
original_vs_pitch_s2,0.3416496813297272
original_vs_pitch_s2,0.33785098791122437
original_vs_pitch_s2,0.22451642155647278
original_vs_pitch_s2,0.38622167706489563
original_vs_pitch_s2,0.3840900957584381
original_vs_pitch_s2,0.44355309009552
original_vs_pitch_s2,0.487887442111969
original_vs_pitch_s2,0.39589744806289673
original_vs_pitch_s2,0.30784544348716736
original_vs_pitch_s2,0.30262491106987
original_vs_pitch_s2,0.3491087555885315
original_vs_pitch_s2,0.3051944673061371
original_vs_pitch_s2,0.30930688977241516
original_vs_pitch_s2,0.2672731578350067
original_vs_pitch_s2,0.385589063167572
original_vs_pitch_s2,0.3905646502971649
original_vs_pitch_s2,0.3867914378643036
original_vs_pitch_s2,0.35748690366744995
original_vs_pitch_s2,0.20481672883033752
original_vs_pitch_s2,0.2663381099700928
original_vs_pitch_s2,0.1541278213262558
original_vs_pitch_s2,0.1874348372220993
original_vs_pitch_s2,0.21623088419437408
original_vs_pitch_s2,0.36290425062179565
original_vs_pitch_s2,0.3604986369609833
original_vs_pitch_s2,0.34175848960876465
original_vs_pitch_s2,0.4521557092666626
original_vs_pitch_s2,0.3560832440853119
original_vs_pitch_s2,0.37715405225753784
original_vs_pitch_s2,0.3427523672580719
original_vs_pitch_s2,0.35457906126976013
original_vs_pitch_s2,0.24687901139259338
original_vs_pitch_s2,0.28131815791130066
original_vs_pitch_s2,0.3346681296825409
original_vs_pitch_s2,0.3907192051410675
original_vs_pitch_s2,0.38055723905563354
original_vs_pitch_s2,0.35759398341178894
original_vs_pitch_s2,0.424714058637619
original_vs_pitch_s2,0.39836758375167847
original_vs_pitch_s2,0.3735874593257904
original_vs_pitch_s2,0.371110200881958
original_vs_pitch_s2,0.4245777130126953
original_vs_pitch_s2,0.4724535048007965
original_vs_pitch_s2,0.34658917784690857
original_vs_pitch_s2,0.39088013768196106
original_vs_pitch_s2,0.3016602396965027
original_vs_pitch_s2,0.3758896589279175
original_vs_pitch_s2,0.2984926104545593
original_vs_pitch_s2,0.33209872245788574
original_vs_pitch_s2,0.27341291308403015
original_vs_pitch_s2,0.3076220452785492
original_vs_pitch_s2,0.30293649435043335
original_vs_pitch_s2,0.31521299481391907
original_vs_pitch_s2,0.4665771424770355
original_vs_pitch_s2,0.6202271580696106
original_vs_pitch_s2,0.6606338024139404
original_vs_pitch_s2,0.6007110476493835
original_vs_pitch_s2,0.5771722197532654
original_vs_pitch_s2,0.3160566985607147
original_vs_pitch_s2,0.27553272247314453
original_vs_pitch_s2,0.19017918407917023
original_vs_pitch_s2,0.2496509552001953
original_vs_pitch_s2,0.3187914490699768
original_vs_pitch_s2,0.39742061495780945
original_vs_pitch_s2,0.3138674795627594
original_vs_pitch_s2,0.3630748391151428
original_vs_pitch_s2,0.333492249250412
original_vs_pitch_s2,0.33734792470932007
original_vs_pitch_s2,0.38848811388015747
original_vs_pitch_s2,0.4098561406135559
original_vs_pitch_s2,0.4376213252544403
original_vs_pitch_s2,0.3703693449497223
original_vs_pitch_s2,0.39182567596435547
original_vs_pitch_s2,0.3815407156944275
original_vs_pitch_s2,0.40859413146972656
original_vs_pitch_s2,0.3255513608455658
original_vs_pitch_s2,0.42387083172798157
original_vs_pitch_s2,0.35483187437057495
original_vs_pitch_s2,0.3816803991794586
original_vs_pitch_s2,0.3989093601703644
original_vs_pitch_s2,0.2950074374675751
original_vs_pitch_s2,0.26862382888793945
original_vs_pitch_s2,0.30153751373291016
original_vs_pitch_s2,0.3874984681606293
original_vs_pitch_s2,0.4124000668525696
original_vs_pitch_s2,0.4304209351539612
original_vs_pitch_s2,0.3969317674636841
original_vs_pitch_s2,0.476322203874588
original_vs_pitch_s2,0.39709293842315674
original_vs_pitch_s2,0.4018027186393738
original_vs_pitch_s2,0.38261306285858154
original_vs_pitch_s2,0.36273595690727234
original_vs_pitch_s2,0.3961035907268524
original_vs_pitch_s2,0.27181270718574524
original_vs_pitch_s2,0.35113099217414856
original_vs_pitch_s2,0.33560144901275635
original_vs_pitch_s2,0.3440140187740326
original_vs_pitch_s2,0.27129870653152466
original_vs_pitch_s2,0.4395652711391449
original_vs_pitch_s2,0.3710024058818817
original_vs_pitch_s2,0.4177199602127075
original_vs_pitch_s2,0.45338886976242065
original_vs_pitch_s2,0.5052451491355896
original_vs_pitch_s2,0.5372327566146851
original_vs_pitch_s2,0.5011209845542908
original_vs_pitch_s2,0.49892982840538025
original_vs_pitch_s2,0.4159439206123352
original_vs_pitch_s2,0.4356093108654022
original_vs_pitch_s2,0.4079406261444092
original_vs_pitch_s2,0.3252830505371094
original_vs_pitch_s2,0.40773266553878784
original_vs_pitch_s2,0.45316287875175476
original_vs_pitch_s2,0.46233808994293213
original_vs_pitch_s4,0.17159339785575867
original_vs_pitch_s4,0.11074911057949066
original_vs_pitch_s4,0.13065434992313385
original_vs_pitch_s4,0.07017653435468674
original_vs_pitch_s4,0.15118472278118134
original_vs_pitch_s4,0.1865765005350113
original_vs_pitch_s4,0.10433928668498993
original_vs_pitch_s4,0.11712091416120529
original_vs_pitch_s4,0.134467214345932
original_vs_pitch_s4,0.22595083713531494
original_vs_pitch_s4,0.12194087356328964
original_vs_pitch_s4,0.13157640397548676
original_vs_pitch_s4,0.24730917811393738
original_vs_pitch_s4,0.09356578439474106
original_vs_pitch_s4,0.11757708340883255
original_vs_pitch_s4,0.1559751033782959
original_vs_pitch_s4,0.24329109489917755
original_vs_pitch_s4,0.17890022695064545
original_vs_pitch_s4,0.19117216765880585
original_vs_pitch_s4,0.19070924818515778
original_vs_pitch_s4,0.06660836189985275
original_vs_pitch_s4,-0.010807579383254051
original_vs_pitch_s4,0.07875876873731613
original_vs_pitch_s4,0.12066801637411118
original_vs_pitch_s4,0.09967067092657089
original_vs_pitch_s4,0.18246501684188843
original_vs_pitch_s4,0.21048502624034882
original_vs_pitch_s4,0.015953052788972855
original_vs_pitch_s4,0.1325267106294632
original_vs_pitch_s4,0.1926247626543045
original_vs_pitch_s4,0.15944281220436096
original_vs_pitch_s4,0.1668359786272049
original_vs_pitch_s4,0.18108436465263367
original_vs_pitch_s4,0.09167826175689697
original_vs_pitch_s4,0.08582747727632523
original_vs_pitch_s4,0.0649491474032402
original_vs_pitch_s4,0.0989457219839096
original_vs_pitch_s4,0.10281874239444733
original_vs_pitch_s4,0.09464230388402939
original_vs_pitch_s4,0.0004707627813331783
original_vs_pitch_s4,0.0792626217007637
original_vs_pitch_s4,0.11789762228727341
original_vs_pitch_s4,0.20166827738285065
original_vs_pitch_s4,0.20841608941555023
original_vs_pitch_s4,0.10235463827848434
original_vs_pitch_s4,0.07331155985593796
original_vs_pitch_s4,0.01694316603243351
original_vs_pitch_s4,0.04599236696958542
original_vs_pitch_s4,0.03194073960185051
original_vs_pitch_s4,0.0029692817479372025
original_vs_pitch_s4,0.039980802685022354
original_vs_pitch_s4,0.13774141669273376
original_vs_pitch_s4,0.20225411653518677
original_vs_pitch_s4,0.1337403655052185
original_vs_pitch_s4,0.04340042173862457
original_vs_pitch_s4,-0.004076460842043161
original_vs_pitch_s4,-0.06376425176858902
original_vs_pitch_s4,-0.08059655129909515
original_vs_pitch_s4,0.0341668426990509
original_vs_pitch_s4,-0.07619355618953705
original_vs_pitch_s4,0.10991568118333817
original_vs_pitch_s4,0.20480690896511078
original_vs_pitch_s4,0.10600949823856354
original_vs_pitch_s4,0.16409125924110413
original_vs_pitch_s4,0.1243833526968956
original_vs_pitch_s4,0.2766450047492981
original_vs_pitch_s4,0.21386924386024475
original_vs_pitch_s4,0.28623828291893005
original_vs_pitch_s4,0.08771064132452011
original_vs_pitch_s4,0.08240606635808945
original_vs_pitch_s4,0.06557708978652954
original_vs_pitch_s4,0.16988606750965118
original_vs_pitch_s4,0.09465194493532181
original_vs_pitch_s4,0.13158062100410461
original_vs_pitch_s4,0.15580488741397858
original_vs_pitch_s4,0.31174910068511963
original_vs_pitch_s4,0.1518935114145279
original_vs_pitch_s4,0.20314337313175201
original_vs_pitch_s4,0.18827775120735168
original_vs_pitch_s4,0.3400426208972931
original_vs_pitch_s4,0.16252656280994415
original_vs_pitch_s4,0.1832401156425476
original_vs_pitch_s4,0.05708104744553566
original_vs_pitch_s4,0.22426962852478027
original_vs_pitch_s4,0.05213630944490433
original_vs_pitch_s4,0.1025235503911972
original_vs_pitch_s4,0.07159829884767532
original_vs_pitch_s4,0.16279135644435883
original_vs_pitch_s4,0.06017528101801872
original_vs_pitch_s4,0.1602465659379959
original_vs_pitch_s4,0.2508045434951782
original_vs_pitch_s4,0.37703198194503784
original_vs_pitch_s4,0.30139780044555664
original_vs_pitch_s4,0.34445226192474365
original_vs_pitch_s4,0.20323771238327026
original_vs_pitch_s4,0.0399809367954731
original_vs_pitch_s4,-0.001120640430599451
original_vs_pitch_s4,0.04759607091546059
original_vs_pitch_s4,-0.016143858432769775
original_vs_pitch_s4,0.04157464578747749
original_vs_pitch_s4,0.12633126974105835
original_vs_pitch_s4,0.10758491605520248
original_vs_pitch_s4,0.15012307465076447
original_vs_pitch_s4,0.14011818170547485
original_vs_pitch_s4,0.24096797406673431
original_vs_pitch_s4,0.1697050929069519
original_vs_pitch_s4,0.23483014106750488
original_vs_pitch_s4,0.20237751305103302
original_vs_pitch_s4,0.19032849371433258
original_vs_pitch_s4,0.16084250807762146
original_vs_pitch_s4,0.13745328783988953
original_vs_pitch_s4,0.15802057087421417
original_vs_pitch_s4,0.09342028200626373
original_vs_pitch_s4,0.17029108107089996
original_vs_pitch_s4,0.12216545641422272
original_vs_pitch_s4,0.2137637436389923
original_vs_pitch_s4,0.24882620573043823
original_vs_pitch_s4,0.22717103362083435
original_vs_pitch_s4,0.1174115389585495
original_vs_pitch_s4,0.23298247158527374
original_vs_pitch_s4,0.18894392251968384
original_vs_pitch_s4,0.17728015780448914
original_vs_pitch_s4,0.21831580996513367
original_vs_pitch_s4,0.1664455384016037
original_vs_pitch_s4,0.30010873079299927
original_vs_pitch_s4,0.2407068908214569
original_vs_pitch_s4,0.2467285692691803
original_vs_pitch_s4,0.2300422638654709
original_vs_pitch_s4,0.20877385139465332
original_vs_pitch_s4,0.20572587847709656
original_vs_pitch_s4,0.09049886465072632
original_vs_pitch_s4,0.08543840050697327
original_vs_pitch_s4,0.09900129586458206
original_vs_pitch_s4,0.19529147446155548
original_vs_pitch_s4,0.11503905802965164
original_vs_pitch_s4,0.2083664834499359
original_vs_pitch_s4,0.16702371835708618
original_vs_pitch_s4,0.23882412910461426
original_vs_pitch_s4,0.2604541480541229
original_vs_pitch_s4,0.2548624575138092
original_vs_pitch_s4,0.14672969281673431
original_vs_pitch_s4,0.17548353970050812
original_vs_pitch_s4,0.2139987051486969
original_vs_pitch_s4,0.12351185828447342
original_vs_pitch_s4,0.22451090812683105
original_vs_pitch_s4,0.10925017297267914
original_vs_pitch_s4,0.05051819607615471
original_vs_pitch_s4,0.07492367923259735
original_vs_pitch_s4,0.1473212093114853
original_vs_pitch_s4,0.1348838061094284
original_vs_pitch_s6,0.058184072375297546
original_vs_pitch_s6,-0.008863144554197788
original_vs_pitch_s6,0.06110785901546478
original_vs_pitch_s6,0.0021519577130675316
original_vs_pitch_s6,0.0839727520942688
original_vs_pitch_s6,0.15260514616966248
original_vs_pitch_s6,0.04536261036992073
original_vs_pitch_s6,0.07026452571153641
original_vs_pitch_s6,0.06052805483341217
original_vs_pitch_s6,0.13086026906967163
original_vs_pitch_s6,0.0594758540391922
original_vs_pitch_s6,0.0019933744333684444
original_vs_pitch_s6,0.13372913002967834
original_vs_pitch_s6,0.048192910850048065
original_vs_pitch_s6,0.0546712726354599
original_vs_pitch_s6,0.13256897032260895
original_vs_pitch_s6,0.23260042071342468
original_vs_pitch_s6,0.09657064825296402
original_vs_pitch_s6,0.1337154358625412
original_vs_pitch_s6,0.12419388443231583
original_vs_pitch_s6,-6.6234621044714e-05
original_vs_pitch_s6,-0.03141379728913307
original_vs_pitch_s6,0.0017906049033626914
original_vs_pitch_s6,0.03844846785068512
original_vs_pitch_s6,0.06449747830629349
original_vs_pitch_s6,0.12631750106811523
original_vs_pitch_s6,0.14458152651786804
original_vs_pitch_s6,0.011003891937434673
original_vs_pitch_s6,0.10868504643440247
original_vs_pitch_s6,0.09279333055019379
original_vs_pitch_s6,0.0018780248938128352
original_vs_pitch_s6,0.10362327843904495
original_vs_pitch_s6,0.0891575962305069
original_vs_pitch_s6,0.0004030595882795751
original_vs_pitch_s6,0.002771808300167322
original_vs_pitch_s6,-0.003206841880455613
original_vs_pitch_s6,0.03645731508731842
original_vs_pitch_s6,0.005512079689651728
original_vs_pitch_s6,0.07270890474319458
original_vs_pitch_s6,-0.0016662520356476307
original_vs_pitch_s6,-0.01181913260370493
original_vs_pitch_s6,0.06726019084453583
original_vs_pitch_s6,0.046313561499118805
original_vs_pitch_s6,0.09059760719537735
original_vs_pitch_s6,-0.05674910172820091
original_vs_pitch_s6,-0.05232704058289528
original_vs_pitch_s6,0.03872959688305855
original_vs_pitch_s6,-0.011803318746387959
original_vs_pitch_s6,-0.0008163960883393884
original_vs_pitch_s6,-0.018386300653219223
original_vs_pitch_s6,0.03560018911957741
original_vs_pitch_s6,0.06354524195194244
original_vs_pitch_s6,0.09258436411619186
original_vs_pitch_s6,0.004788579419255257
original_vs_pitch_s6,0.05489134415984154
original_vs_pitch_s6,-0.13672423362731934
original_vs_pitch_s6,-0.20589101314544678
original_vs_pitch_s6,-0.13914933800697327
original_vs_pitch_s6,-0.027340862900018692
original_vs_pitch_s6,-0.2638877034187317
original_vs_pitch_s6,0.10102873295545578
original_vs_pitch_s6,0.16092713177204132
original_vs_pitch_s6,0.03571697697043419
original_vs_pitch_s6,0.08971833437681198
original_vs_pitch_s6,0.06795450299978256
original_vs_pitch_s6,0.19649317860603333
original_vs_pitch_s6,0.04561803862452507
original_vs_pitch_s6,0.13049201667308807
original_vs_pitch_s6,-0.04110376909375191
original_vs_pitch_s6,0.004151386208832264
original_vs_pitch_s6,-0.0634441152215004
original_vs_pitch_s6,0.027034714818000793
original_vs_pitch_s6,-0.059218812733888626
original_vs_pitch_s6,-0.03588574752211571
original_vs_pitch_s6,0.060124173760414124
original_vs_pitch_s6,0.27919596433639526
original_vs_pitch_s6,0.19438742101192474
original_vs_pitch_s6,0.1813129484653473
original_vs_pitch_s6,0.27969324588775635
original_vs_pitch_s6,0.2882356643676758
original_vs_pitch_s6,0.04574868828058243
original_vs_pitch_s6,0.08937147259712219
original_vs_pitch_s6,-0.036165691912174225
original_vs_pitch_s6,0.006197849288582802
original_vs_pitch_s6,0.036079082638025284
original_vs_pitch_s6,0.11583860218524933
original_vs_pitch_s6,0.10776372253894806
original_vs_pitch_s6,0.14364071190357208
original_vs_pitch_s6,0.07923654466867447
original_vs_pitch_s6,0.12927044928073883
original_vs_pitch_s6,0.09380170702934265
original_vs_pitch_s6,0.13273543119430542
original_vs_pitch_s6,0.10292482376098633
original_vs_pitch_s6,0.11905746161937714
original_vs_pitch_s6,0.03610819950699806
original_vs_pitch_s6,0.002631237031891942
original_vs_pitch_s6,-0.01752265729010105
original_vs_pitch_s6,-0.0839177593588829
original_vs_pitch_s6,-0.030497778207063675
original_vs_pitch_s6,-0.016137314960360527
original_vs_pitch_s6,0.09580554068088531
original_vs_pitch_s6,0.0683504045009613
original_vs_pitch_s6,0.1242411732673645
original_vs_pitch_s6,0.16388174891471863
original_vs_pitch_s6,0.2045706808567047
original_vs_pitch_s6,0.20746901631355286
original_vs_pitch_s6,0.27131909132003784
original_vs_pitch_s6,0.17819102108478546
original_vs_pitch_s6,0.14559973776340485
original_vs_pitch_s6,0.16921289265155792
original_vs_pitch_s6,0.07254423946142197
original_vs_pitch_s6,0.08436892926692963
original_vs_pitch_s6,0.08525242656469345
original_vs_pitch_s6,0.10906340926885605
original_vs_pitch_s6,0.10901929438114166
original_vs_pitch_s6,0.1451796591281891
original_vs_pitch_s6,0.15249517560005188
original_vs_pitch_s6,0.11251988261938095
original_vs_pitch_s6,0.055562231689691544
original_vs_pitch_s6,0.13670185208320618
original_vs_pitch_s6,0.1549597978591919
original_vs_pitch_s6,0.12036427855491638
original_vs_pitch_s6,0.1237613633275032
original_vs_pitch_s6,0.09658294171094894
original_vs_pitch_s6,0.19150768220424652
original_vs_pitch_s6,0.09611854702234268
original_vs_pitch_s6,0.09808528423309326
original_vs_pitch_s6,0.0739055722951889
original_vs_pitch_s6,0.03610606491565704
original_vs_pitch_s6,0.12462376803159714
original_vs_pitch_s6,0.042610131204128265
original_vs_pitch_s6,0.05426865816116333
original_vs_pitch_s6,0.06016616150736809
original_vs_pitch_s6,0.05090412497520447
original_vs_pitch_s6,0.09272845089435577
original_vs_pitch_s6,0.14414508640766144
original_vs_pitch_s6,0.10347960144281387
original_vs_pitch_s6,0.07251965254545212
original_vs_pitch_s6,0.12060047686100006
original_vs_pitch_s6,0.15627068281173706
original_vs_pitch_s6,0.02640947699546814
original_vs_pitch_s6,0.0654035285115242
original_vs_pitch_s6,0.13211801648139954
original_vs_pitch_s6,0.11538384854793549
original_vs_pitch_s6,0.13247334957122803
original_vs_pitch_s6,0.08126728236675262
original_vs_pitch_s6,-0.0335429422557354
original_vs_pitch_s6,0.06804069131612778
original_vs_pitch_s6,0.060881227254867554
original_vs_pitch_s6,0.1017635315656662
